"Die im Download bereitgestellten Daten zur Day Ahead Auktion sind ausschließlich für den privaten und internen Gebrauch bestimmt. Die Verwendung jeglicher Daten, ob in ihrer Rohform oder abgeleiteten Form, zu externen oder kommerziellen Zwecken ist ausdrücklich untersagt. Sollten Sie eine Lizenzierung für marktbezogene Daten benötigen, wenden Sie sich bitte direkt an die ursprünglichen Datenanbieter, einschließlich, aber nicht beschränkt auf EPEX SPOT SE and Nord Pool AS.",,,,
Datum (OEZ),Kernenergie,Nicht Erneuerbar,Erneuerbar,Day Ahead Auktion (RO)
,Leistung (MW),Leistung (MW),Leistung (MW),"Preis (EUR/MWh, EUR/tCO2)"
2015-01-01T00:00+02:00,,,,
2015-01-01T01:00+02:00,,,,45.11419195
2015-01-01T02:00+02:00,,,,44.20333534
2015-01-01T03:00+02:00,,,,39.20032148
2015-01-01T04:00+02:00,,,,26.95063961
2015-01-01T05:00+02:00,,,,20.95639944
2015-01-01T06:00+02:00,,,,18.53414596
2015-01-01T07:00+02:00,,,,17.30627553
2015-01-01T08:00+02:00,,,,17.40673766
2015-01-01T09:00+02:00,,,,16.9669368
2015-01-01T10:00+02:00,,,,20.63268814
2015-01-01T11:00+02:00,,,,23.22907597
2015-01-01T12:00+02:00,,,,25.86788114
2015-01-01T13:00+02:00,,,,26.27419463
2015-01-01T14:00+02:00,,,,24.85432992
2015-01-01T15:00+02:00,,,,24.0528654
2015-01-01T16:00+02:00,,,,23.9189159
2015-01-01T17:00+02:00,,,,44.20333534
2015-01-01T18:00+02:00,,,,48.66831871
2015-01-01T19:00+02:00,,,,50.068091
2015-01-01T20:00+02:00,,,,52.08849597
2015-01-01T21:00+02:00,,,,51.12405956
2015-01-01T22:00+02:00,,,,45.07847208
2015-01-01T23:00+02:00,,,,45.10749447
2015-01-02T00:00+02:00,,,,43.08039203
2015-01-02T01:00+02:00,,,,40.220799
2015-01-02T02:00+02:00,,,,31.12683626
2015-01-02T03:00+02:00,,,,13.6599785
2015-01-02T04:00+02:00,,,,6.718022214
2015-01-02T05:00+02:00,,,,2.91114296
2015-01-02T06:00+02:00,,,,21.94553923
2015-01-02T07:00+02:00,,,,13.6599785
2015-01-02T08:00+02:00,,,,40.30813329
2015-01-02T09:00+02:00,,,,46.35435328
2015-01-02T10:00+02:00,,,,49.04156216
2015-01-02T11:00+02:00,,,,52.62450735
2015-01-02T12:00+02:00,,,,53.52024364
2015-01-02T13:00+02:00,,,,53.52024364
2015-01-02T14:00+02:00,,,,47.0261555
2015-01-02T15:00+02:00,,,,45.24140093
2015-01-02T16:00+02:00,,,,46.1304192
2015-01-02T17:00+02:00,,,,60.01433178
2015-01-02T18:00+02:00,,,,59.34252956
2015-01-02T19:00+02:00,,,,58.22285919
2015-01-02T20:00+02:00,,,,55.98351845
2015-01-02T21:00+02:00,,,,51.50483698
2015-01-02T22:00+02:00,,,,40.30813329
2015-01-02T23:00+02:00,,,,40.30813329
2015-01-03T00:00+02:00,,,,31.12683626
2015-01-03T01:00+02:00,,,,2.758867789
2015-01-03T02:00+02:00,,,,2.194553923
2015-01-03T03:00+02:00,,,,1.119670369
2015-01-03T04:00+02:00,,,,1.567538517
2015-01-03T05:00+02:00,,,,2.239340738
2015-01-03T06:00+02:00,,,,18.13865998
2015-01-03T07:00+02:00,,,,44.78681476
2015-01-03T08:00+02:00,,,,45.26379434
2015-01-03T09:00+02:00,,,,51.2809029
2015-01-03T10:00+02:00,,,,55.5356503
2015-01-03T11:00+02:00,,,,55.21990326
2015-01-03T12:00+02:00,,,,55.5356503
2015-01-03T13:00+02:00,,,,55.5356503
2015-01-03T14:00+02:00,,,,52.16544249
2015-01-03T15:00+02:00,,,,50.60910068
2015-01-03T16:00+02:00,,,,51.2809029
2015-01-03T17:00+02:00,,,,59.34252956
2015-01-03T18:00+02:00,,,,57.77499104
2015-01-03T19:00+02:00,,,,55.5356503
2015-01-03T20:00+02:00,,,,51.40854532
2015-01-03T21:00+02:00,,,,48.7190971
2015-01-03T22:00+02:00,,,,40.30813329
2015-01-03T23:00+02:00,,,,31.12683626
2015-01-04T00:00+02:00,,,,16.11653529
2015-01-04T01:00+02:00,,,,24.18487997
2015-01-04T02:00+02:00,,,,18.12970262
2015-01-04T03:00+02:00,,,,2.758867789
2015-01-04T04:00+02:00,,,,2.239340738
2015-01-04T05:00+02:00,,,,1.567538517
2015-01-04T06:00+02:00,,,,2.758867789
2015-01-04T07:00+02:00,,,,13.21211035
2015-01-04T08:00+02:00,,,,39.09217126
2015-01-04T09:00+02:00,,,,49.26549624
2015-01-04T10:00+02:00,,,,55.5356503
2015-01-04T11:00+02:00,,,,59.48136869
2015-01-04T12:00+02:00,,,,60.01433178
2015-01-04T13:00+02:00,,,,55.5356503
2015-01-04T14:00+02:00,,,,49.04156216
2015-01-04T15:00+02:00,,,,46.1304192
2015-01-04T16:00+02:00,,,,53.29630957
2015-01-04T17:00+02:00,,,,60.46219993
2015-01-04T18:00+02:00,,,,60.686134
2015-01-04T19:00+02:00,,,,60.01433178
2015-01-04T20:00+02:00,,,,60.28529201
2015-01-04T21:00+02:00,,,,60.01433178
2015-01-04T22:00+02:00,,,,53.15299176
2015-01-04T23:00+02:00,,,,42.09960588
2015-01-05T00:00+02:00,1421.02,3204.28,936.5,43.72536725
2015-01-05T01:00+02:00,1420.37,3197.46,816.8,19.16872483
2015-01-05T02:00+02:00,1420.15,3223.57,617.24,17.95162762
2015-01-05T03:00+02:00,1420.47,3282.4,526.94,16.15156977
2015-01-05T04:00+02:00,1420.23,3335.45,551.74,15.36613043
2015-01-05T05:00+02:00,1420.78,3324.27,686.06,16.2850722
2015-01-05T06:00+02:00,1420.38,3428.17,677.1,21.05333422
2015-01-05T07:00+02:00,1421.25,3766.24,776.02,47.64479452
2015-01-05T08:00+02:00,1421.82,3780.38,881.5,59.63108827
2015-01-05T09:00+02:00,1397.07,3784.61,1240.75,59.63108827
2015-01-05T10:00+02:00,1374.01,3635.14,1515.16,59.63108827
2015-01-05T11:00+02:00,1379.5,3565.38,1609.46,59.63108827
2015-01-05T12:00+02:00,1377.83,3566.13,1689.93,57.40604766
2015-01-05T13:00+02:00,1385.14,3542.53,1891.88,55.40351111
2015-01-05T14:00+02:00,1358.7,3657.23,2008.27,52.95596645
2015-01-05T15:00+02:00,1365.38,3776.12,1595.8,50.9534299
2015-01-05T16:00+02:00,1359.95,4101.89,1292.86,50.9534299
2015-01-05T17:00+02:00,1338.83,4174.48,1597.06,56.5093563
2015-01-05T18:00+02:00,1369.55,4249.37,1547.9,60.29860045
2015-01-05T19:00+02:00,1406.94,4184.37,1725.5,60.29860045
2015-01-05T20:00+02:00,1406.47,4229.12,1389.91,59.63108827
2015-01-05T21:00+02:00,1408.19,4194.44,1191.33,54.51349487
2015-01-05T22:00+02:00,1409.79,3952.47,1276.76,44.02020337
2015-01-05T23:00+02:00,1410.6,3852.67,1361.96,41.02084863
2015-01-06T00:00+02:00,1414.2,3604.58,2752.74,32.7614979
2015-01-06T01:00+02:00,1413.89,3495.51,2453.95,33.21480955
2015-01-06T02:00+02:00,1414.71,3309.19,2403.3,30.3302369
2015-01-06T03:00+02:00,1417.03,3270.07,2608.02,27.89012845
2015-01-06T04:00+02:00,1421.59,3441.94,2332.64,27.2923241
2015-01-06T05:00+02:00,1421.55,3455.44,2336.39,28.1390284
2015-01-06T06:00+02:00,1422.33,3514.97,3038.51,31.97030979
2015-01-06T07:00+02:00,1421.35,3551.59,3633.56,44.73309925
2015-01-06T08:00+02:00,1421.59,3533.35,3658.28,48.14658429
2015-01-06T09:00+02:00,1409.39,3558.66,3581.75,49.97777679
2015-01-06T10:00+02:00,1405.12,3543.21,3497.34,50.00222232
2015-01-06T11:00+02:00,1405.17,3507.63,3678,50.65558469
2015-01-06T12:00+02:00,1367.16,3451.54,3816.59,48.66882973
2015-01-06T13:00+02:00,1388.64,3454.04,4007.42,46.87986133
2015-01-06T14:00+02:00,1402.08,3412.38,3815.03,44.88866172
2015-01-06T15:00+02:00,1403.39,3461.42,3937.35,44.84865994
2015-01-06T16:00+02:00,1402.67,3488.41,4157.05,44.84865994
2015-01-06T17:00+02:00,1397.34,3464.89,4783.73,52.44677541
2015-01-06T18:00+02:00,1407.03,3603.51,5067.21,55.3357927
2015-01-06T19:00+02:00,1413.19,3629.95,4959.07,55.1135606
2015-01-06T20:00+02:00,1413.06,3630.66,4686.31,50.89115072
2015-01-06T21:00+02:00,1413.66,3624.01,4062.21,44.8864394
2015-01-06T22:00+02:00,1414.05,3517.54,4048.4,30.89026179
2015-01-06T23:00+02:00,1414,3557.47,3652.98,30.89026179
2015-01-07T00:00+02:00,1413.96,3372.48,3707.01,24.00106671
2015-01-07T01:00+02:00,1415.43,3310.18,3634.37,18.0088043
2015-01-07T02:00+02:00,1417.66,3297.17,3213.27,8.893236693
2015-01-07T03:00+02:00,1418.49,3183.98,3203.32,6.892258437
2015-01-07T04:00+02:00,1419.82,3217.03,3451.5,11.33887678
2015-01-07T05:00+02:00,1419.92,3380.39,3635.6,26.49739873
2015-01-07T06:00+02:00,1419.72,3656.82,3709.42,27.94699631
2015-01-07T07:00+02:00,1419.27,3668.29,4130.11,34.23896127
2015-01-07T08:00+02:00,1392.77,3832.19,4607.14,48.6904709
2015-01-07T09:00+02:00,1380.39,3734.17,4441.28,51.13611099
2015-01-07T10:00+02:00,1376.1,3696.45,4535.85,52.24776557
2015-01-07T11:00+02:00,1372,3617.94,4506.91,49.93997065
2015-01-07T12:00+02:00,1394.79,3621.88,4363.14,50.02000978
2015-01-07T13:00+02:00,1370.88,3626.04,4344.5,49.7576593
2015-01-07T14:00+02:00,1375.63,3595.28,4308.89,50.69144915
2015-01-07T15:00+02:00,1380.56,3607.52,4545.98,54.91573658
2015-01-07T16:00+02:00,1392.91,3594.75,4582.23,59.7180844
2015-01-07T17:00+02:00,1388.48,3756.65,5199.26,64.03130419
2015-01-07T18:00+02:00,1388.04,3837.81,4985.39,63.76895371
2015-01-07T19:00+02:00,1396.3,3873.41,4929.49,63.36431144
2015-01-07T20:00+02:00,1418.13,3884.8,4745.22,61.80799502
2015-01-07T21:00+02:00,1418.74,3870.46,4107.61,61.80799502
2015-01-07T22:00+02:00,1418.89,3844.06,3362.32,55.62052559
2015-01-07T23:00+02:00,1420.06,3907.08,3223.1,54.91573658
2015-01-08T00:00+02:00,1419.87,3887.15,2929.45,48.6904709
2015-01-08T01:00+02:00,1420.32,3937.58,2630.77,46.66087305
2015-01-08T02:00+02:00,1420.47,3949.25,2139.45,44.04706197
2015-01-08T03:00+02:00,1425.33,3937.33,1912.1,40.109633
2015-01-08T04:00+02:00,1425.08,3947.79,1844.89,39.90017158
2015-01-08T05:00+02:00,1425.77,4074.61,2238.65,42.28892306
2015-01-08T06:00+02:00,1425.22,4186.2,3130.65,55.61869109
2015-01-08T07:00+02:00,1423.31,4242.29,4063.07,65.73523186
2015-01-08T08:00+02:00,1421.74,4336.57,4356.3,67.9635448
2015-01-08T09:00+02:00,1375.86,4339.53,4389.71,66.84938833
2015-01-08T10:00+02:00,1386.78,4345.44,4336.02,67.9635448
2015-01-08T11:00+02:00,1380.59,4304.97,4314.59,66.84938833
2015-01-08T12:00+02:00,1379.4,4287.63,4008.82,66.92515097
2015-01-08T13:00+02:00,1383.19,4172.11,3781.41,65.73523186
2015-01-08T14:00+02:00,1377,4272.89,3856.28,65.73523186
2015-01-08T15:00+02:00,1360.24,4313.24,3970.93,66.84938833
2015-01-08T16:00+02:00,1361.36,4256.47,3883.91,65.73523186
2015-01-08T17:00+02:00,1405.35,4301.07,4302.51,66.40372574
2015-01-08T18:00+02:00,1417.05,4441.04,4436.94,67.9635448
2015-01-08T19:00+02:00,1416.4,4436.89,4160.61,65.73523186
2015-01-08T20:00+02:00,1416.04,4421.77,3808.57,65.16478374
2015-01-08T21:00+02:00,1416.71,4389.22,3237.29,63.50691891
2015-01-08T22:00+02:00,1417.5,4423.14,2702.09,53.19428661
2015-01-08T23:00+02:00,1418.54,4352.76,2321,54.8967177
2015-01-09T00:00+02:00,1418.12,4065.97,2473.86,47.91764155
2015-01-09T01:00+02:00,1418.01,3974.92,2149.25,40.00177786
2015-01-09T02:00+02:00,1424.95,3775.51,2347.24,18.00080004
2015-01-09T03:00+02:00,1425.18,3805.79,2391.63,9.938219476
2015-01-09T04:00+02:00,1425.51,3774.12,2713.6,7.044757545
2015-01-09T05:00+02:00,1425.8,3735.72,3089.29,8.342593004
2015-01-09T06:00+02:00,1425.56,3797.12,3762.09,24.22329881
2015-01-09T07:00+02:00,1425.85,4175.88,4198.07,42.97746567
2015-01-09T08:00+02:00,1425.56,4297.21,4766.43,54.8913285
2015-01-09T09:00+02:00,1410.37,4288.7,4727.41,55.5580248
2015-01-09T10:00+02:00,1401.19,4273.41,4562.97,59.55820259
2015-01-09T11:00+02:00,1404.24,4062.97,4553.52,58.64482866
2015-01-09T12:00+02:00,1416.23,3918.29,4603,55.5580248
2015-01-09T13:00+02:00,1417.23,3758.1,4530.9,51.78007911
2015-01-09T14:00+02:00,1417.86,3923.02,4299.33,48.95773145
2015-01-09T15:00+02:00,1417.58,4008.35,4347.51,49.45108671
2015-01-09T16:00+02:00,1420.71,4085.91,4378.07,54.8913285
2015-01-09T17:00+02:00,1420.78,4254.27,4687.33,60.22489888
2015-01-09T18:00+02:00,1418.36,4279.98,4662.07,60.22489888
2015-01-09T19:00+02:00,1418.31,4251.85,4394.77,60.22489888
2015-01-09T20:00+02:00,1417.43,4092.64,3939.83,58.89150629
2015-01-09T21:00+02:00,1417.75,3933.51,3741.7,45.77981244
2015-01-09T22:00+02:00,1417.81,3757.03,3623.07,40.00177786
2015-01-09T23:00+02:00,1418.16,3710.91,3437.01,40.00177786
2015-01-10T00:00+02:00,1418.45,3534.12,2901.75,34.44597538
2015-01-10T01:00+02:00,1419.17,3349.86,3201.08,18.00080004
2015-01-10T02:00+02:00,1419.34,3340.78,3114.56,2.737899462
2015-01-10T03:00+02:00,1418.38,3384.19,3023.28,2.444553091
2015-01-10T04:00+02:00,1419.22,3394.94,3062.15,2.444553091
2015-01-10T05:00+02:00,1420.99,3453.67,3194.13,2.88901729
2015-01-10T06:00+02:00,1421.09,3449.68,3265.62,6.889195075
2015-01-10T07:00+02:00,1421.13,3544.73,3424.33,34.44597538
2015-01-10T08:00+02:00,1421.23,3797.67,3729.2,45.77981244
2015-01-10T09:00+02:00,1419.54,3961.47,3882.07,45.77981244
2015-01-10T10:00+02:00,1418.83,3944.36,3791.13,50.66891862
2015-01-10T11:00+02:00,1419.01,4007.26,3442.84,53.86461621
2015-01-10T12:00+02:00,1418.68,4027.93,3075.4,47.45099782
2015-01-10T13:00+02:00,1418.16,4010.98,3146.08,48.29770212
2015-01-10T14:00+02:00,1418.42,3962.71,2956.01,45.77981244
2015-01-10T15:00+02:00,1418.94,3843.84,3080.54,45.77981244
2015-01-10T16:00+02:00,1418.97,4004.47,4086,59.69154185
2015-01-10T17:00+02:00,1419.11,4007.26,4395.57,60.22489888
2015-01-10T18:00+02:00,1418.92,4082.62,4300.92,60.91381839
2015-01-10T19:00+02:00,1418.68,4167.15,3789.55,60.22489888
2015-01-10T20:00+02:00,1418.98,4042.09,3917.72,60.00266679
2015-01-10T21:00+02:00,1418.88,3938.61,3409.34,50.66891862
2015-01-10T22:00+02:00,1418.14,3950.16,2869.56,40.00177786
2015-01-10T23:00+02:00,1418.93,3896.76,2623.46,34.44597538
2015-01-11T00:00+02:00,1419.84,3313.59,2893.79,27.7790124
2015-01-11T01:00+02:00,1419.75,3012.47,2913.36,1.111160496
2015-01-11T02:00+02:00,1419.83,3031.77,2715.7,0.844481977
2015-01-11T03:00+02:00,1420.94,2954.04,2645.06,0.222232099
2015-01-11T04:00+02:00,1420.63,2963.03,2702.54,0.222232099
2015-01-11T05:00+02:00,1420.05,3006.79,2799.94,0.222232099
2015-01-11T06:00+02:00,1419.68,3057.58,2616.48,0.844481977
2015-01-11T07:00+02:00,1419.7,2974.49,2837.03,0.888928397
2015-01-11T08:00+02:00,1419.8,3063.62,2940.56,18.00080004
2015-01-11T09:00+02:00,1419.57,3148.78,3181.81,34.44597538
2015-01-11T10:00+02:00,1418.91,3122.45,3114.97,34.99711098
2015-01-11T11:00+02:00,1419.63,3170.9,2991.95,38.93506378
2015-01-11T12:00+02:00,1419.77,3178.19,2827.33,43.11302725
2015-01-11T13:00+02:00,1419.4,3134.3,2724.43,42.22409885
2015-01-11T14:00+02:00,1419.56,3138.44,2454.31,37.98613272
2015-01-11T15:00+02:00,1419.35,3289.3,2504.86,42.12853905
2015-01-11T16:00+02:00,1419.28,3410.73,3125.42,44.89088404
2015-01-11T17:00+02:00,1419.45,3528.7,3802.55,59.30930264
2015-01-11T18:00+02:00,1419.5,3681.99,4088.02,60.22489888
2015-01-11T19:00+02:00,1419.56,3621.43,3892.9,60.22489888
2015-01-11T20:00+02:00,1419.65,3557.25,3939.6,60.22489888
2015-01-11T21:00+02:00,1420.12,3416.63,3811.41,54.8913285
2015-01-11T22:00+02:00,1420.54,3356.93,3321.64,45.33534824
2015-01-11T23:00+02:00,1419.91,3144.74,2990.09,37.11276057
2015-01-12T00:00+02:00,1420.22,2846.19,2949.21,11.11160496
2015-01-12T01:00+02:00,1420.16,2761.18,2944.86,1.651511099
2015-01-12T02:00+02:00,1419.96,2796.96,2780.06,1.000713203
2015-01-12T03:00+02:00,1420.18,2778.71,2324.65,0.222875992
2015-01-12T04:00+02:00,1419.49,2877.05,2438.21,0.445751984
2015-01-12T05:00+02:00,1419.73,3250.96,2270.16,13.14968352
2015-01-12T06:00+02:00,1419.09,3586.44,2853.55,41.33903896
2015-01-12T07:00+02:00,1418.44,3710.52,3941.15,45.08558438
2015-01-12T08:00+02:00,1418.7,3793.84,4367.5,48.8098422
2015-01-12T09:00+02:00,1379.91,3835.33,4823.63,58.08148346
2015-01-12T10:00+02:00,1383.43,3953.55,3977.02,52.09949184
2015-01-12T11:00+02:00,1399.18,3978.29,3986.43,45.46670233
2015-01-12T12:00+02:00,1379.51,3864.8,4045.71,45.46670233
2015-01-12T13:00+02:00,1379.1,3775.45,4001.56,45.02095034
2015-01-12T14:00+02:00,1367.74,3793.94,3964.25,45.05438174
2015-01-12T15:00+02:00,1375.01,3907.77,4002.98,45.91245431
2015-01-12T16:00+02:00,1363.28,4014.66,4559.04,49.92422216
2015-01-12T17:00+02:00,1382.47,3993.95,4642.6,55.05036997
2015-01-12T18:00+02:00,1403.94,4040.37,4690.36,56.90915575
2015-01-12T19:00+02:00,1403.26,4124.68,4587.78,53.17821164
2015-01-12T20:00+02:00,1403.13,4081.73,4273.05,48.8098422
2015-01-12T21:00+02:00,1402.59,4018.96,3770.53,45.94142819
2015-01-12T22:00+02:00,1403.64,4047.8,3187.5,44.12944638
2015-01-12T23:00+02:00,1403.11,4030.66,2661.71,45.02095034
2015-01-13T00:00+02:00,1403.56,3934.8,2464.78,44.57519836
2015-01-13T01:00+02:00,1415.45,3492.13,2180.14,35.06857855
2015-01-13T02:00+02:00,1417.87,3453.41,2027.65,30.94941218
2015-01-13T03:00+02:00,1417.04,3435.31,1840.73,30.94941218
2015-01-13T04:00+02:00,1417.44,3333.05,2000.14,30.94941218
2015-01-13T05:00+02:00,1417.82,3420.27,2382.13,32.95333096
2015-01-13T06:00+02:00,1417.64,3529.92,3353.78,39.85571785
2015-01-13T07:00+02:00,1417.63,3631.51,4284.19,45.86747417
2015-01-13T08:00+02:00,1418.06,3778.68,4454.81,53.21517634
2015-01-13T09:00+02:00,1403.91,3782.59,4528.34,57.22301389
2015-01-13T10:00+02:00,1411.48,3560.67,4627.41,59.67224795
2015-01-13T11:00+02:00,1407.98,3476.08,4322.59,55.21909512
2015-01-13T12:00+02:00,1401.08,3391.45,4169.63,53.43783399
2015-01-13T13:00+02:00,1401.4,3362.61,4091.97,49.55023156
2015-01-13T14:00+02:00,1365.86,3226.45,4175.64,52.5115782
2015-01-13T15:00+02:00,1365.98,3200.43,4276.64,53.21517634
2015-01-13T16:00+02:00,1396.57,3277.5,4478.24,50.320627
2015-01-13T17:00+02:00,1410.15,3502.86,4941.41,59.67224795
2015-01-13T18:00+02:00,1415.59,3686.89,5042.34,55.3526897
2015-01-13T19:00+02:00,1417.3,3680,5016.07,48.76202351
2015-01-13T20:00+02:00,1417.09,3725.69,4628.49,46.5354471
2015-01-13T21:00+02:00,1412.01,3619.64,4496.39,45.42215889
2015-01-13T22:00+02:00,1415.38,3572.28,3703.74,39.85571785
2015-01-13T23:00+02:00,1415.38,3677.65,3338.03,40.07837549
2015-01-14T00:00+02:00,1415.38,3591.51,2697.47,39.41040257
2015-01-14T01:00+02:00,1415.43,3414.97,2465.88,30.90193637
2015-01-14T02:00+02:00,1418.4,3506.73,2322.4,33.1740068
2015-01-14T03:00+02:00,1419.6,3425.94,2078.96,30.90193637
2015-01-14T04:00+02:00,1419.52,3411.03,2115.53,30.90193637
2015-01-14T05:00+02:00,1419.39,3541.34,2636.46,31.99573153
2015-01-14T06:00+02:00,1419.14,3742.67,3369.21,44.01858563
2015-01-14T07:00+02:00,1418.87,3815.61,4524.03,50.79922634
2015-01-14T08:00+02:00,1418.25,3644.14,4559.05,60.24766012
2015-01-14T09:00+02:00,1383.46,3675.18,4331.48,60.24766012
2015-01-14T10:00+02:00,1378.37,3693.31,3966.57,60.24766012
2015-01-14T11:00+02:00,1394.58,3347.65,4021.05,54.78757698
2015-01-14T12:00+02:00,1394.56,3218.14,4256.19,54.62306307
2015-01-14T13:00+02:00,1406.17,3133.01,4152.37,58.96267313
2015-01-14T14:00+02:00,1406.9,3260.12,3875.88,54.92985927
2015-01-14T15:00+02:00,1394.23,3344,3997.19,50.91038438
2015-01-14T16:00+02:00,1378.57,3487.7,4165.07,50.91038438
2015-01-14T17:00+02:00,1378.97,3913.21,4697.21,58.90487095
2015-01-14T18:00+02:00,1401.06,3898.24,5006.62,58.91376359
2015-01-14T19:00+02:00,1406.99,3805.05,4765.94,50.91038438
2015-01-14T20:00+02:00,1407.12,3663.31,4774.54,46.68637869
2015-01-14T21:00+02:00,1406.99,3477.98,4165.16,46.4640626
2015-01-14T22:00+02:00,1407.59,3221.21,3933.37,40.01689602
2015-01-14T23:00+02:00,1407.95,3259.8,3569.97,40.01689602
2015-01-15T00:00+02:00,1411.01,3251.47,3060.79,39.34994776
2015-01-15T01:00+02:00,1415.08,3237.18,2893.3,37.31011815
2015-01-15T02:00+02:00,1414.78,3276.18,2368.92,30.86968109
2015-01-15T03:00+02:00,1414.94,3224.21,2274.98,26.42800036
2015-01-15T04:00+02:00,1414.9,3252.95,2307.96,29.7592609
2015-01-15T05:00+02:00,1416.4,3475.26,2768.98,38.64262237
2015-01-15T06:00+02:00,1417.21,3633.53,3207.68,45.86701608
2015-01-15T07:00+02:00,1416.69,3792.57,4146.83,50.85724438
2015-01-15T08:00+02:00,1387.34,4046.71,4372.42,60.18477392
2015-01-15T09:00+02:00,1354.29,4044.61,4601.68,60.18477392
2015-01-15T10:00+02:00,1333.81,3967.22,4651.99,60.18477392
2015-01-15T11:00+02:00,1341.7,3822.83,4341.47,59.51852181
2015-01-15T12:00+02:00,1334.23,3684.63,4233.21,52.16531936
2015-01-15T13:00+02:00,1332.17,3661.06,4258.53,48.63640402
2015-01-15T14:00+02:00,1333.84,3627.16,4150.15,45.68934885
2015-01-15T15:00+02:00,1327.14,3582.4,4391.57,48.63640402
2015-01-15T16:00+02:00,1358.93,3570.35,4422.04,46.63764769
2015-01-15T17:00+02:00,1347.34,3993.29,4454.85,49.86897042
2015-01-15T18:00+02:00,1379.11,4052.83,4724.55,54.71040242
2015-01-15T19:00+02:00,1398.06,3924.75,4864.19,49.89784134
2015-01-15T20:00+02:00,1402.3,3642.24,4864.45,49.82233277
2015-01-15T21:00+02:00,1406.74,3388.51,4265.06,44.86097539
2015-01-15T22:00+02:00,1406.7,3297.72,3589.1,39.30887448
2015-01-15T23:00+02:00,1409.11,3335.25,3122.04,39.97512659
2015-01-16T00:00+02:00,1413.38,3194.35,2821.98,30.86968109
2015-01-16T01:00+02:00,1413.21,3261.13,2489.36,26.22805068
2015-01-16T02:00+02:00,1413.15,3257.58,2360.64,19.5599022
2015-01-16T03:00+02:00,1413.34,3238.82,2324.71,17.33718604
2015-01-16T04:00+02:00,1412.48,3347.65,2201.13,21.56034674
2015-01-16T05:00+02:00,1412.57,3662.34,2708.07,30.89575461
2015-01-16T06:00+02:00,1416.94,3832.14,3133.84,41.97821738
2015-01-16T07:00+02:00,1416.69,3985.11,3864.07,46.45476773
2015-01-16T08:00+02:00,1417.98,3990.3,3922.51,50.56679262
2015-01-16T09:00+02:00,1408.03,4065.79,4077.21,60.23560791
2015-01-16T10:00+02:00,1409.35,3905.22,3962.65,59.70215603
2015-01-16T11:00+02:00,1415,3963.19,3627.7,50.90020004
2015-01-16T12:00+02:00,1418.3,3925.77,3569.5,50.01111358
2015-01-16T13:00+02:00,1418.66,3910.95,3453.44,47.79284285
2015-01-16T14:00+02:00,1417.84,3947.23,3311.79,46.51478106
2015-01-16T15:00+02:00,1412.86,4004.37,3602.29,45.78795288
2015-01-16T16:00+02:00,1411.23,4054.79,3912.8,48.67748389
2015-01-16T17:00+02:00,1411.9,4055.87,4171.92,54.4565459
2015-01-16T18:00+02:00,1412.17,4127.03,4538.87,59.99333185
2015-01-16T19:00+02:00,1412.03,4085.4,4583.5,55.23894199
2015-01-16T20:00+02:00,1411.54,4072.34,4167.5,51.01578128
2015-01-16T21:00+02:00,1411.53,3990.17,3885.38,45.78795288
2015-01-16T22:00+02:00,1413.11,3888.47,3275.27,38.90197822
2015-01-16T23:00+02:00,1413.12,3714.22,2784.07,39.34207602
2015-01-17T00:00+02:00,1414.79,3727.05,2633.43,30.89575461
2015-01-17T01:00+02:00,1415.26,3346.05,2496.9,30.3711936
2015-01-17T02:00+02:00,1416.06,3183.83,2347.79,29.22649478
2015-01-17T03:00+02:00,1416.47,3191.02,2336.81,27.68837519
2015-01-17T04:00+02:00,1416.77,3136,2323.52,25.67237164
2015-01-17T05:00+02:00,1418.18,3129.45,2498.01,25.77461658
2015-01-17T06:00+02:00,1417.87,3130.54,2770.38,25.09446544
2015-01-17T07:00+02:00,1417.09,3148.37,3169.76,24.04312069
2015-01-17T08:00+02:00,1417.55,3171.99,3749.04,26.7259391
2015-01-17T09:00+02:00,1416.49,3328.45,4050.81,31.87819515
2015-01-17T10:00+02:00,1416.42,3365.81,4132.56,39.34207602
2015-01-17T11:00+02:00,1416.54,3427.31,4071.22,39.78661925
2015-01-17T12:00+02:00,1416.7,3398.21,3970.9,39.78661925
2015-01-17T13:00+02:00,1416.85,3300.8,3572.3,38.67526117
2015-01-17T14:00+02:00,1418.53,3240.9,3738.53,33.20960213
2015-01-17T15:00+02:00,1418.84,3301.67,3597.16,33.08735275
2015-01-17T16:00+02:00,1419.51,3279.21,4002.18,34.08312958
2015-01-17T17:00+02:00,1419.78,3444.54,4668.81,44.89886641
2015-01-17T18:00+02:00,1419.42,3553.04,5221.62,45.78795288
2015-01-17T19:00+02:00,1419.59,3525.65,4858.31,44.89886641
2015-01-17T20:00+02:00,1419.97,3458.88,4644.06,39.78661925
2015-01-17T21:00+02:00,1418.91,3305.15,4242.04,37.11935986
2015-01-17T22:00+02:00,1419.08,3109.38,3553.89,30.58012892
2015-01-17T23:00+02:00,1420.38,3102.6,3290.99,28.65747944
2015-01-18T00:00+02:00,1419.74,3040.11,2950.14,20.00666815
2015-01-18T01:00+02:00,1419.69,3041.63,2655.91,23.563014
2015-01-18T02:00+02:00,1419.54,3077.83,2434.87,19.74216493
2015-01-18T03:00+02:00,1419.66,3006.32,2140.19,18.6241387
2015-01-18T04:00+02:00,1419.29,3055.41,2150.91,19.20426762
2015-01-18T05:00+02:00,1418.79,3051.74,2233.91,19.16648144
2015-01-18T06:00+02:00,1418.06,3032.54,2303.71,18.35296733
2015-01-18T07:00+02:00,1418.48,3016.91,2523.6,17.21493665
2015-01-18T08:00+02:00,1418.02,2977.39,2545.62,21.36697044
2015-01-18T09:00+02:00,1418.68,2931.21,2620.35,26.45032229
2015-01-18T10:00+02:00,1419.51,3084.81,2793.1,30.89575461
2015-01-18T11:00+02:00,1420.37,3245.14,2919.25,39.34207602
2015-01-18T12:00+02:00,1420.31,3442.19,2804.5,40.00889086
2015-01-18T13:00+02:00,1419.88,3321.91,2740.49,39.34207602
2015-01-18T14:00+02:00,1419.93,3227.99,2542.37,32.77172705
2015-01-18T15:00+02:00,1419.61,3138.86,2593.39,30.89575461
2015-01-18T16:00+02:00,1419.12,3236.6,2832.72,32.77394977
2015-01-18T17:00+02:00,1419.22,3510.64,3391.34,44.89886641
2015-01-18T18:00+02:00,1419.21,3608.44,3685.87,48.17959547
2015-01-18T19:00+02:00,1419.59,3604.8,3758.03,48.13736386
2015-01-18T20:00+02:00,1419.09,3643.28,3439.43,46.36363636
2015-01-18T21:00+02:00,1418.61,3636.6,2933.55,41.78706379
2015-01-18T22:00+02:00,1418.35,3464.44,2640.8,38.45521227
2015-01-18T23:00+02:00,1418.26,3318.83,2219.19,35.21449211
2015-01-19T00:00+02:00,1418.6,3378.47,1456.42,29.10869082
2015-01-19T01:00+02:00,1418.19,3120.81,1296.46,25.39372265
2015-01-19T02:00+02:00,1419.05,3109.74,1256.73,25.10495569
2015-01-19T03:00+02:00,1419.22,3091.85,1324.78,24.5207579
2015-01-19T04:00+02:00,1418.72,3187.33,1437.6,24.00097737
2015-01-19T05:00+02:00,1418.39,3300.72,1648.1,25.2026922
2015-01-19T06:00+02:00,1417.72,3516.89,2487.74,29.06328439
2015-01-19T07:00+02:00,1417.78,4066.99,3145.18,45.75845754
2015-01-19T08:00+02:00,1417.64,4246.11,3554.97,60.15682267
2015-01-19T09:00+02:00,1380.14,4499.09,3551.31,60.10795442
2015-01-19T10:00+02:00,1364.26,4471.2,3565.77,60.10351185
2015-01-19T11:00+02:00,1370.69,4349.03,3203.97,54.86572336
2015-01-19T12:00+02:00,1371.87,4334.94,3191.64,55.97636553
2015-01-19T13:00+02:00,1378.34,4279.65,3058.04,54.3637131
2015-01-19T14:00+02:00,1354.83,4271.13,2726.7,54.11270797
2015-01-19T15:00+02:00,1366.15,4311.88,2518.21,54.86572336
2015-01-19T16:00+02:00,1352.59,4385.58,2668.15,59.30829205
2015-01-19T17:00+02:00,1378.18,4439.9,2900.7,60.19680579
2015-01-19T18:00+02:00,1407.7,4456.28,3976.26,63.30660388
2015-01-19T19:00+02:00,1407.43,4420.83,3946.75,61.08531953
2015-01-19T20:00+02:00,1407.09,4439.62,3523.05,60.15460139
2015-01-19T21:00+02:00,1406.68,4461.08,3121.54,57.75339301
2015-01-19T22:00+02:00,1407.85,4340.92,2581.69,44.8699438
2015-01-19T23:00+02:00,1408.01,4273.76,2290,44.8699438
2015-01-20T00:00+02:00,1414.07,3888.61,1734.69,37.09544859
2015-01-20T01:00+02:00,1424,3848,1599.05,30.97358858
2015-01-20T02:00+02:00,1424.1,3656.43,1583.84,29.67517504
2015-01-20T03:00+02:00,1423.76,3607.85,1676.45,29.17663742
2015-01-20T04:00+02:00,1423.17,3670.64,1822.9,29.57546752
2015-01-20T05:00+02:00,1423.65,3795.02,1777.8,28.78667021
2015-01-20T06:00+02:00,1423.74,3949.66,2277.64,31.07551183
2015-01-20T07:00+02:00,1422.81,4447.49,3408.98,44.28565098
2015-01-20T08:00+02:00,1423.07,4737.27,3625.98,54.97429762
2015-01-20T09:00+02:00,1423.24,4797.97,3612.29,59.15979793
2015-01-20T10:00+02:00,1424.49,4666.83,3617.75,59.15979793
2015-01-20T11:00+02:00,1420.46,4605.89,3479.26,56.99946823
2015-01-20T12:00+02:00,1415.63,4518.03,3314.13,53.39005584
2015-01-20T13:00+02:00,1421.7,4621.92,3238.76,50.7400514
2015-01-20T14:00+02:00,1415.79,4582.25,3209.28,50.05982451
2015-01-20T15:00+02:00,1412.59,4560.34,3084.78,49.45936364
2015-01-20T16:00+02:00,1422.63,4753.77,3450.93,49.96676416
2015-01-20T17:00+02:00,1423.23,4812.45,3792.63,54.04147833
2015-01-20T18:00+02:00,1423.17,4909.78,3958.13,59.15979793
2015-01-20T19:00+02:00,1422.66,4792.37,3886.3,57.16564743
2015-01-20T20:00+02:00,1422.53,4664.48,3618.66,54.0193211
2015-01-20T21:00+02:00,1422.34,4622.76,3242.35,47.97039794
2015-01-20T22:00+02:00,1423.25,4599.25,2592.44,39.88300984
2015-01-20T23:00+02:00,1423.34,4539.07,2036.98,39.88300984
2015-01-21T00:00+02:00,1423.72,4240.74,1655.65,30.79854649
2015-01-21T01:00+02:00,1423.59,4247,1642.93,32.65433059
2015-01-21T02:00+02:00,1424.29,3947.65,1614.25,31.45034098
2015-01-21T03:00+02:00,1424.34,3762.55,1506.38,30.31299287
2015-01-21T04:00+02:00,1423.56,3762.49,1423.19,30.01532754
2015-01-21T05:00+02:00,1424.05,3773.89,1331.44,30.79503299
2015-01-21T06:00+02:00,1422.95,4077.91,1875.76,36.35071195
2015-01-21T07:00+02:00,1422.7,4560.63,2739.96,44.72976875
2015-01-21T08:00+02:00,1410.15,4845.48,3395.61,53.27987205
2015-01-21T09:00+02:00,1367.93,4941.85,3250.21,55.8522336
2015-01-21T10:00+02:00,1388.61,4886.18,3313.92,54.86816092
2015-01-21T11:00+02:00,1400.25,4722.67,3369.89,53.09105449
2015-01-21T12:00+02:00,1388.39,4521.93,3434.56,53.01774885
2015-01-21T13:00+02:00,1389.39,4456.99,3391.87,50.86967146
2015-01-21T14:00+02:00,1383.06,4470.41,3304.4,49.57682653
2015-01-21T15:00+02:00,1397.64,4600.69,3248.74,49.84117111
2015-01-21T16:00+02:00,1402.54,4581.1,3274.84,49.39023036
2015-01-21T17:00+02:00,1408.8,4764.94,3660.69,54.86816092
2015-01-21T18:00+02:00,1421.33,4894.55,3930.74,58.33796121
2015-01-21T19:00+02:00,1420.87,4874.07,3853.25,55.97885243
2015-01-21T20:00+02:00,1420.91,4827.66,3665.95,53.09105449
2015-01-21T21:00+02:00,1420.26,4763.64,3255.42,46.42690539
2015-01-21T22:00+02:00,1420.1,4696.61,2379.69,39.9848946
2015-01-21T23:00+02:00,1422.22,4425.32,1851.18,37.75018326
2015-01-22T00:00+02:00,1422.56,4294.19,1954.41,32.00124397
2015-01-22T01:00+02:00,1423.02,3966.56,2033.33,30.07256054
2015-01-22T02:00+02:00,1423.56,3692.87,2075.3,29.67191952
2015-01-22T03:00+02:00,1423.57,3641.11,2128.65,29.07095798
2015-01-22T04:00+02:00,1423.39,3650.4,2186.92,28.46999644
2015-01-22T05:00+02:00,1423.76,3677.14,2291.11,30.07256054
2015-01-22T06:00+02:00,1423.85,4044.51,2687.93,32.67895299
2015-01-22T07:00+02:00,1422.67,4255.76,3362.89,39.51878561
2015-01-22T08:00+02:00,1421.73,4646.21,3776.78,48.74465812
2015-01-22T09:00+02:00,1373.53,4691.82,3956.28,50.9704416
2015-01-22T10:00+02:00,1371.14,4637.37,3896.27,49.85754986
2015-01-22T11:00+02:00,1373.48,4602.79,3819.17,46.51887464
2015-01-22T12:00+02:00,1357.2,4613.68,3651.54,46.51887464
2015-01-22T13:00+02:00,1373.98,4578.6,3704.39,48.74465812
2015-01-22T14:00+02:00,1382.27,4528.11,3535.64,48.74465812
2015-01-22T15:00+02:00,1394.58,4504.71,3806.73,46.51887464
2015-01-22T16:00+02:00,1397.32,4518.01,4022.04,49.85754986
2015-01-22T17:00+02:00,1402.3,4662.61,4150.59,50.9704416
2015-01-22T18:00+02:00,1413.68,4679.86,4188.65,53.19622507
2015-01-22T19:00+02:00,1413.17,4570.28,4033.79,49.85754986
2015-01-22T20:00+02:00,1412.78,4584.91,3675.45,46.51887464
2015-01-22T21:00+02:00,1412.65,4455.74,3466.27,44.07051282
2015-01-22T22:00+02:00,1413.35,4157.68,2995.15,39.84152422
2015-01-22T23:00+02:00,1413.49,4125.14,2586.53,38.16328348
2015-01-23T00:00+02:00,1412.45,3833.98,2639.06,31.7085114
2015-01-23T01:00+02:00,1420.43,3481.7,2925.11,15.12556443
2015-01-23T02:00+02:00,1420.88,3350.63,2945.64,21.79860756
2015-01-23T03:00+02:00,1420.66,3376.85,2853.17,21.79860756
2015-01-23T04:00+02:00,1420.68,3389.38,2903.76,21.79860756
2015-01-23T05:00+02:00,1420.73,3483.95,3207.15,26.46973775
2015-01-23T06:00+02:00,1420.86,3649,3652.16,30.91843317
2015-01-23T07:00+02:00,1421.15,3740.72,4203.81,37.46691283
2015-01-23T08:00+02:00,1421.63,3892.54,4683.23,41.21716307
2015-01-23T09:00+02:00,1409.46,3852.61,4646.9,44.04208466
2015-01-23T10:00+02:00,1395.22,3841.63,4660.31,43.15234557
2015-01-23T11:00+02:00,1402.95,3774.18,4443.78,39.81582401
2015-01-23T12:00+02:00,1406.96,3641.22,4450.83,39.81582401
2015-01-23T13:00+02:00,1412.35,3606.42,4636.51,38.70365015
2015-01-23T14:00+02:00,1409.58,3527.28,4440.33,30.91843317
2015-01-23T15:00+02:00,1405.58,3458.33,4560.65,26.46973775
2015-01-23T16:00+02:00,1416.77,3505.02,4703.45,26.46973775
2015-01-23T17:00+02:00,1418.92,3731.71,4827.99,30.91843317
2015-01-23T18:00+02:00,1418.8,3449.83,5306.53,39.81582401
2015-01-23T19:00+02:00,1418.62,3369.91,5119.23,39.37095447
2015-01-23T20:00+02:00,1422.47,3369.6,5107.77,30.91843317
2015-01-23T21:00+02:00,1423.07,3140.66,4643.09,21.79860756
2015-01-23T22:00+02:00,1424.44,3044.89,4300.12,10.67686901
2015-01-23T23:00+02:00,1423.8,3055.43,3674.32,10.67686901
2015-01-24T00:00+02:00,1423.78,2967.34,3555.56,10.67686901
2015-01-24T01:00+02:00,1423.82,2950.16,3383.12,8.89739084
2015-01-24T02:00+02:00,1424.02,2913.55,3277.19,2.22434771
2015-01-24T03:00+02:00,1423.83,2955.95,3192.82,2.22434771
2015-01-24T04:00+02:00,1423.77,2960.66,3289.31,2.22434771
2015-01-24T05:00+02:00,1424.03,3018.22,3401.09,2.740396379
2015-01-24T06:00+02:00,1423.74,2982.99,3613.94,8.89739084
2015-01-24T07:00+02:00,1423.39,3026.28,4067.97,10.67686901
2015-01-24T08:00+02:00,1423.08,3034.04,4487.36,19.57425985
2015-01-24T09:00+02:00,1423.22,3128.49,4643.42,26.46973775
2015-01-24T10:00+02:00,1422.57,3136.18,4863.51,30.91843317
2015-01-24T11:00+02:00,1422.22,3201.72,4826.85,30.91843317
2015-01-24T12:00+02:00,1422.14,3157.98,4568.1,38.70365015
2015-01-24T13:00+02:00,1422.47,3170.94,4514.81,39.81582401
2015-01-24T14:00+02:00,1422.62,3126.42,4417.82,34.23493561
2015-01-24T15:00+02:00,1422.46,3135.72,4351.09,31.85933225
2015-01-24T16:00+02:00,1423.1,3138.94,4552.44,32.3464644
2015-01-24T17:00+02:00,1422.48,3124.72,4850.04,35.32486598
2015-01-24T18:00+02:00,1422.76,3278.45,4926.67,44.93182374
2015-01-24T19:00+02:00,1422.29,3301.39,4903.75,45.82156283
2015-01-24T20:00+02:00,1422.39,3308.26,4330.41,41.13263785
2015-01-24T21:00+02:00,1421.96,3110.37,3765.85,34.27052517
2015-01-24T22:00+02:00,1421.62,2909.37,3459.57,28.91429588
2015-01-24T23:00+02:00,1422.53,2939.69,3228.53,28.26923505
2015-01-25T00:00+02:00,1421.37,2925.37,2965.23,25.02613609
2015-01-25T01:00+02:00,1419.51,2877.78,2447.37,21.23584759
2015-01-25T02:00+02:00,1418.98,2868.87,2325.7,19.3295816
2015-01-25T03:00+02:00,1419.24,2849.15,2332.25,17.95715906
2015-01-25T04:00+02:00,1418.97,2872.21,2285.03,18.05947906
2015-01-25T05:00+02:00,1418.97,2873.39,2239.08,18.86024423
2015-01-25T06:00+02:00,1418.71,2837.54,2372.82,18.8913851
2015-01-25T07:00+02:00,1419.63,2871.14,2447.54,15.86182352
2015-01-25T08:00+02:00,1419.43,2905.21,2764.13,17.50116778
2015-01-25T09:00+02:00,1419.5,2947.21,2977.05,21.36041106
2015-01-25T10:00+02:00,1419.51,3219.33,3076.61,30.91843317
2015-01-25T11:00+02:00,1419.42,3363.71,3120.46,39.81582401
2015-01-25T12:00+02:00,1419.06,3476.81,3007.19,39.81582401
2015-01-25T13:00+02:00,1418.87,3452.55,3026.56,38.70365015
2015-01-25T14:00+02:00,1417.97,3425.7,2796.19,31.08525925
2015-01-25T15:00+02:00,1417.73,3307.26,2814.83,30.91843317
2015-01-25T16:00+02:00,1418.05,3340.08,3073.6,30.91843317
2015-01-25T17:00+02:00,1419.47,3437.81,3481.87,39.81582401
2015-01-25T18:00+02:00,1420.48,3534.08,3939.55,46.48886714
2015-01-25T19:00+02:00,1420.64,3553.7,4137.33,46.71130191
2015-01-25T20:00+02:00,1420.26,3569.15,3651.66,48.71321485
2015-01-25T21:00+02:00,1419.93,3496.86,3418.84,39.81582401
2015-01-25T22:00+02:00,1418.76,3452.55,2839.32,30.91843317
2015-01-25T23:00+02:00,1418.52,3404.41,2622.11,30.81611317
2015-01-26T00:00+02:00,1418.64,3014.57,2838.18,26.99690816
2015-01-26T01:00+02:00,1417.37,2952.66,2726.19,25.36476371
2015-01-26T02:00+02:00,1417.77,2943.27,2750.07,25.10110602
2015-01-26T03:00+02:00,1418.35,2926.37,2643.89,25.0005586
2015-01-26T04:00+02:00,1418.9,2894.5,2809.97,24.69891632
2015-01-26T05:00+02:00,1419.15,2905,2861.25,25.18154396
2015-01-26T06:00+02:00,1419.63,3026.35,3197.14,27.95218411
2015-01-26T07:00+02:00,1419.29,3323.56,4040.66,35.65411686
2015-01-26T08:00+02:00,1418.86,3580.93,4275.25,45.91218858
2015-01-26T09:00+02:00,1389.75,3647.64,4269.34,49.15651882
2015-01-26T10:00+02:00,1394.59,3658.82,4260.3,49.15651882
2015-01-26T11:00+02:00,1401.02,3584.53,4414.23,46.69869288
2015-01-26T12:00+02:00,1396.88,3625.12,4374.19,46.69869288
2015-01-26T13:00+02:00,1403.07,3729.52,4473.77,50.27371243
2015-01-26T14:00+02:00,1374.04,3622.73,4199.68,49.15651882
2015-01-26T15:00+02:00,1375.4,3593.69,4307.05,46.02837672
2015-01-26T16:00+02:00,1383.47,3679.67,4151.91,49.15651882
2015-01-26T17:00+02:00,1360.32,3717.54,4762.4,60.55189364
2015-01-26T18:00+02:00,1373.98,3947.73,4784.34,63.68003575
2015-01-26T19:00+02:00,1396.82,3863.93,4504.96,60.55189364
2015-01-26T20:00+02:00,1401.34,3830.34,4403.32,56.0831192
2015-01-26T21:00+02:00,1401.14,3711.81,3823.63,54.51904815
2015-01-26T22:00+02:00,1400.71,3548.06,3357.96,40.21896995
2015-01-26T23:00+02:00,1401.49,3354.62,3006.35,39.99553123
2015-01-27T00:00+02:00,1397.74,3133.75,2703.94,23.5482069
2015-01-27T01:00+02:00,1393.9,3020.11,2499.39,38.27575391
2015-01-27T02:00+02:00,1396.87,2948.12,2226.24,28.9017341
2015-01-27T03:00+02:00,1398.39,3090.09,2114.35,19.40448985
2015-01-27T04:00+02:00,1401.05,3091.67,2284.21,19.49186719
2015-01-27T05:00+02:00,1405,3164.85,2456.37,26.6612896
2015-01-27T06:00+02:00,1411.68,3410.09,3192.11,42.12035668
2015-01-27T07:00+02:00,1410.79,3926.48,3694.74,58.41735
2015-01-27T08:00+02:00,1413.31,4214.39,3912.83,63.85266837
2015-01-27T09:00+02:00,1386.78,4208.88,3865.01,63.44938836
2015-01-27T10:00+02:00,1392.19,4125.07,3653.73,60.71604606
2015-01-27T11:00+02:00,1401.26,4175.91,3714.74,60.40462428
2015-01-27T12:00+02:00,1400.02,4090.85,3711.42,56.45248017
2015-01-27T13:00+02:00,1387.91,4099.18,3665.35,55.43531837
2015-01-27T14:00+02:00,1397.94,4093.64,3569.96,54.89089035
2015-01-27T15:00+02:00,1397.92,4055.3,3683.55,52.85656674
2015-01-27T16:00+02:00,1396.01,4026.03,3878.68,53.09853475
2015-01-27T17:00+02:00,1416.06,3992.39,3883.74,59.81986826
2015-01-27T18:00+02:00,1418.85,4055.15,4202.91,60.71604606
2015-01-27T19:00+02:00,1417.63,3785.97,4315.13,57.46516109
2015-01-27T20:00+02:00,1417.12,3819.66,4235.59,55.44428015
2015-01-27T21:00+02:00,1414.82,3682.88,3931.71,52.65044585
2015-01-27T22:00+02:00,1416.42,3410.08,3509.19,40.10395662
2015-01-27T23:00+02:00,1417.78,3262.69,3336.31,40.10395662
2015-01-28T00:00+02:00,1416.95,3348.42,2878.51,31.14217861
2015-01-28T01:00+02:00,1417.71,3247.13,3039.19,28.4232039
2015-01-28T02:00+02:00,1418.28,3076.78,3083.18,26.96341546
2015-01-28T03:00+02:00,1417.73,3030.69,3005.3,25.03874054
2015-01-28T04:00+02:00,1417.6,3050.49,3087.78,24.54914995
2015-01-28T05:00+02:00,1417.51,3074.71,3283.17,25.17349024
2015-01-28T06:00+02:00,1417.89,3229.29,3578.5,27.72924293
2015-01-28T07:00+02:00,1415.15,3405.83,4241.89,36.00961215
2015-01-28T08:00+02:00,1415.71,3740.57,4729.2,45.36573315
2015-01-28T09:00+02:00,1415.26,3884.54,4579.41,55.47196083
2015-01-28T10:00+02:00,1385.41,3874.09,4462.57,50.98030409
2015-01-28T11:00+02:00,1399,3843.46,4218.5,44.27426056
2015-01-28T12:00+02:00,1373,3867.15,4483.18,44.91656748
2015-01-28T13:00+02:00,1375.6,3887.92,4188.48,46.93781301
2015-01-28T14:00+02:00,1349.31,3823.53,4251.47,44.91656748
2015-01-28T15:00+02:00,1363.23,3750.93,4298.05,43.79365329
2015-01-28T16:00+02:00,1392.05,3789.16,4358.68,44.91656748
2015-01-28T17:00+02:00,1399.27,4001.6,4587.39,55.4135693
2015-01-28T18:00+02:00,1399.17,4285.5,4565.48,60.86194893
2015-01-28T19:00+02:00,1398.92,4296.84,4386.11,60.86194893
2015-01-28T20:00+02:00,1401.1,4275.2,3998.5,58.42522514
2015-01-28T21:00+02:00,1402.65,4211.39,3590.96,55.41581512
2015-01-28T22:00+02:00,1403.7,4025.24,3144.45,40.42491073
2015-01-28T23:00+02:00,1413.73,3968.81,2722.76,40.42491073
2015-01-29T00:00+02:00,1419.97,3785.52,2342.23,33.01367709
2015-01-29T01:00+02:00,1419.02,3410.96,2196.18,31.32253194
2015-01-29T02:00+02:00,1418.88,3257.13,1950.29,25.19548415
2015-01-29T03:00+02:00,1418.98,3232.42,1879.06,13.68727043
2015-01-29T04:00+02:00,1419.1,3240.79,1843.71,13.06983347
2015-01-29T05:00+02:00,1420.07,3350.19,2229.49,29.29220091
2015-01-29T06:00+02:00,1419.9,3617.67,2919.06,38.30813259
2015-01-29T07:00+02:00,1419.78,4094,3491.81,56.3354891
2015-01-29T08:00+02:00,1416,4295.5,3845.42,64.51089528
2015-01-29T09:00+02:00,1389,4306.37,3990.62,66.44883611
2015-01-29T10:00+02:00,1374,4184.38,3926.02,64.67314149
2015-01-29T11:00+02:00,1344,4188.49,3696.22,61.06767019
2015-01-29T12:00+02:00,1367,4175.29,3670.42,58.45145008
2015-01-29T13:00+02:00,1383,3845.75,3793.72,56.3354891
2015-01-29T14:00+02:00,1385,3724.32,3684.82,55.41609392
2015-01-29T15:00+02:00,1379,3747.31,3776.32,55.35750501
2015-01-29T16:00+02:00,1377,3809.49,3871.52,55.20877932
2015-01-29T17:00+02:00,1369,3793.26,4356.42,56.3354891
2015-01-29T18:00+02:00,,2659.65,3522.1,61.06767019
2015-01-29T19:00+02:00,,2531.46,3184.3,54.08206954
2015-01-29T20:00+02:00,,2480.4,3064.9,45.5190752
2015-01-29T21:00+02:00,,2331.97,2798.1,36.05471303
2015-01-29T22:00+02:00,,2122.25,2281.9,17.5766726
2015-01-29T23:00+02:00,,2117.54,2046.9,26.81569281
2015-01-30T00:00+02:00,,2143.13,2042.4,13.29517543
2015-01-30T01:00+02:00,,2141,1955,13.00419273
2015-01-30T02:00+02:00,,2123.58,1809.4,10.76209054
2015-01-30T03:00+02:00,,2133.63,1756.6,10.76209054
2015-01-30T04:00+02:00,,2141.87,1676.2,10.76209054
2015-01-30T05:00+02:00,,2091.9,1920.4,10.76209054
2015-01-30T06:00+02:00,,2184.73,2310.2,26.97921571
2015-01-30T07:00+02:00,,2399.65,2895,35.037331
2015-01-30T08:00+02:00,1418,3498.85,4877.6,40.13362929
2015-01-30T09:00+02:00,1377,3259.25,5221.2,40.35783951
2015-01-30T10:00+02:00,1352,3101.66,5191.2,40.13362929
2015-01-30T11:00+02:00,1348,3048.31,5347.6,31.16522051
2015-01-30T12:00+02:00,1381,2952.79,5238.4,26.68101612
2015-01-30T13:00+02:00,1407,2804.23,5236.4,31.16522051
2015-01-30T14:00+02:00,1407,2684.59,5206.8,26.68101612
2015-01-30T15:00+02:00,1411,2560.39,5131,24.43891393
2015-01-30T16:00+02:00,1416,2633.66,5369,28.92311832
2015-01-30T17:00+02:00,1415,2856.34,5534.8,32.95890227
2015-01-30T18:00+02:00,1413,2924.87,5612.8,39.68520885
2015-01-30T19:00+02:00,1413,2796.9,5701.4,31.16522051
2015-01-30T20:00+02:00,1413,2691.76,5311.6,21.74839129
2015-01-30T21:00+02:00,1412,2661.24,5120.2,10.76209054
2015-01-30T22:00+02:00,1412,2594.12,4500.8,4.147889061
2015-01-30T23:00+02:00,1417,2582.47,4228,4.259994171
2015-01-31T00:00+02:00,1418,2574.06,4049.3,2.197260151
2015-01-31T01:00+02:00,1418,2567.38,3910.3,1.121051098
2015-01-31T02:00+02:00,1419,2564.66,3915.9,0.448420439
2015-01-31T03:00+02:00,1419,2570.56,3844.1,0.22421022
2015-01-31T04:00+02:00,1419,2569.81,3872.1,0.448420439
2015-01-31T05:00+02:00,1419,2568.05,3885.2,1.121051098
2015-01-31T06:00+02:00,1420,2561.54,4048.6,1.569471537
2015-01-31T07:00+02:00,1420,2608.43,4416.2,10.76209054
2015-01-31T08:00+02:00,1420,2610.61,4782,10.76209054
2015-01-31T09:00+02:00,1420,2634.62,5010.2,10.76209054
2015-01-31T10:00+02:00,1419,2574.7,4902.6,15.24629493
2015-01-31T11:00+02:00,1418,2537.24,5005.6,15.24629493
2015-01-31T12:00+02:00,1418,2599.89,4551.7,17.48839712
2015-01-31T13:00+02:00,1418,2461.12,4575.5,20.17891976
2015-01-31T14:00+02:00,1418,2452.02,4545.9,26.68101612
2015-01-31T15:00+02:00,1418,2539.74,4530.72,30.9454945
2015-01-31T16:00+02:00,1418,2599.75,4422.8,36.99468622
2015-01-31T17:00+02:00,1418,2777.48,4808,45.29046434
2015-01-31T18:00+02:00,1418,2976,5049.92,55.85524988
2015-01-31T19:00+02:00,1418,3011.34,4866.32,55.37992422
2015-01-31T20:00+02:00,1418,3022.63,4485.12,46.85993588
2015-01-31T21:00+02:00,1419,2920.48,4089.12,39.68520885
2015-01-31T22:00+02:00,1420,2776.38,3911.42,30.9544629
2015-01-31T23:00+02:00,1421,2646.59,3917.14,29.00159189
2015-02-01T00:00+02:00,1420,2471.24,3642.14,25.26624964
2015-02-01T01:00+02:00,1420,2512.31,3284.34,10.76209054
2015-02-01T02:00+02:00,1420,2511.68,2954.74,10.76209054
2015-02-01T03:00+02:00,1421,2397.88,2878.54,4.48420439
2015-02-01T04:00+02:00,1422,2341.59,3153.74,4.48420439
2015-02-01T05:00+02:00,1421,2355.83,3460.1,4.48420439
2015-02-01T06:00+02:00,1421,2423.42,3372.5,4.48420439
2015-02-01T07:00+02:00,1422,2399.81,3750.5,4.48420439
2015-02-01T08:00+02:00,1421,2394.82,4026.1,10.76209054
2015-02-01T09:00+02:00,1421,2393.73,4255.9,17.2641869
2015-02-01T10:00+02:00,1421,2456.46,4140.3,28.92311832
2015-02-01T11:00+02:00,1421,2507.35,4021.5,28.92311832
2015-02-01T12:00+02:00,1420,2520.09,4093.5,28.92311832
2015-02-01T13:00+02:00,1420,2550.64,4191.18,28.92311832
2015-02-01T14:00+02:00,1420,2768.09,3741.7,31.16522051
2015-02-01T15:00+02:00,1419,2716.58,3649.9,31.07105222
2015-02-01T16:00+02:00,1418,2759.6,3796.3,40.13362929
2015-02-01T17:00+02:00,1419,2755.17,4207.5,44.98553844
2015-02-01T18:00+02:00,1419,2861.17,4592.1,55.71175534
2015-02-01T19:00+02:00,1420,2790.36,4587.9,61.65781036
2015-02-01T20:00+02:00,1420,2717.75,4561.5,63.89991256
2015-02-01T21:00+02:00,1420,2460.49,4130.7,61.65781036
2015-02-01T22:00+02:00,1419,2556.48,3840.9,49.7410372
2015-02-01T23:00+02:00,1419,2641.72,3533.7,47.0841461
2015-02-02T00:00+02:00,1418,2682.63,2456.3,39.68520885
2015-02-02T01:00+02:00,1417,2477.72,2284.5,23.06764659
2015-02-02T02:00+02:00,1417,2526.73,2252.9,22.2371385
2015-02-02T03:00+02:00,1417,2563.48,2195.3,22.17797902
2015-02-02T04:00+02:00,1417,2613.48,2207.3,20.87419509
2015-02-02T05:00+02:00,1417,2710.72,2077.1,22.71041434
2015-02-02T06:00+02:00,1418,2830.79,2735.7,25.35211268
2015-02-02T07:00+02:00,1417,3183.04,3330.7,45.05221962
2015-02-02T08:00+02:00,1416,3441.01,3956.5,52.10584996
2015-02-02T09:00+02:00,1362,3699.52,3969.9,55.16621539
2015-02-02T10:00+02:00,1386,3764.04,3714.9,55.59853467
2015-02-02T11:00+02:00,1381,3747.35,3828.9,54.38121459
2015-02-02T12:00+02:00,1368,3720.27,3682.5,52.10584996
2015-02-02T13:00+02:00,1363,3779.24,3463.1,46.87251132
2015-02-02T14:00+02:00,1363,3753.8,3472.3,46.87251132
2015-02-02T15:00+02:00,1369,3606.78,3387.9,45.96236547
2015-02-02T16:00+02:00,1351,3473.49,4005.9,46.87251132
2015-02-02T17:00+02:00,1385,3303.83,4307.3,51.50060297
2015-02-02T18:00+02:00,1406,3777.67,4508.1,55.74643337
2015-02-02T19:00+02:00,1406,3834.02,4455.3,56.20150629
2015-02-02T20:00+02:00,1406,3824.35,4233.3,51.98070491
2015-02-02T21:00+02:00,1408,3788.61,3449.1,46.87251132
2015-02-02T22:00+02:00,1410,3847.33,2894.9,40.95656329
2015-02-02T23:00+02:00,1410,3842.25,2595.1,40.95656329
2015-02-03T00:00+02:00,1413,3515.73,2442.6,30.94495893
2015-02-03T01:00+02:00,1414,3477.89,2154.6,30.64442932
2015-02-03T02:00+02:00,1418,3347.33,2116.8,29.13319719
2015-02-03T03:00+02:00,1418,3325.29,2129.2,28.02359882
2015-02-03T04:00+02:00,1417,3320.08,2117.4,27.72180622
2015-02-03T05:00+02:00,1418,3208.35,2397.2,28.8994781
2015-02-03T06:00+02:00,1418,3264.15,2956.4,33.80984797
2015-02-03T07:00+02:00,1417,3549.41,3489.4,41.54073066
2015-02-03T08:00+02:00,1418,3985.26,4264.6,55.53210801
2015-02-03T09:00+02:00,1418,3924.24,4381,55.88609031
2015-02-03T10:00+02:00,1419,3867.06,4452.8,54.53369639
2015-02-03T11:00+02:00,1418,3837.18,4220.8,49.69366916
2015-02-03T12:00+02:00,1418,3752.87,4210.4,47.42455185
2015-02-03T13:00+02:00,1412,3786.35,4111,48.56591786
2015-02-03T14:00+02:00,1411,3785.55,3976.4,48.60449285
2015-02-03T15:00+02:00,1418,3793.38,3893.6,47.42455185
2015-02-03T16:00+02:00,1418,3818.08,3928.4,49.69366916
2015-02-03T17:00+02:00,1418,3863.09,4327.6,53.23349217
2015-02-03T18:00+02:00,1418,4021.23,4670.6,56.27410937
2015-02-03T19:00+02:00,1418,3984.96,4554.4,53.66235534
2015-02-03T20:00+02:00,1415,3949.01,4384.4,49.5802133
2015-02-03T21:00+02:00,1415,3918.26,3674.8,44.02087588
2015-02-03T22:00+02:00,1419,3759.49,3463.04,40.39028818
2015-02-03T23:00+02:00,1418,3618.68,3102.4,39.48264125
2015-02-04T00:00+02:00,1418,3585.62,2660.2,33.35602451
2015-02-04T01:00+02:00,1417,3248.63,2576.2,32.94173787
2015-02-04T02:00+02:00,1418,3018.55,2458.8,31.07162334
2015-02-04T03:00+02:00,1418,3045.36,2354,30.16951463
2015-02-04T04:00+02:00,1418,3030.23,2286.4,30.68078531
2015-02-04T05:00+02:00,1419,3035.97,2653.2,31.27840393
2015-02-04T06:00+02:00,1419,3186.55,3204.6,38.85657153
2015-02-04T07:00+02:00,1417,3354.55,3994.2,45.21905108
2015-02-04T08:00+02:00,1418,3545.49,4512.5,56.80785312
2015-02-04T09:00+02:00,1407,3440.88,4718.9,56.80785312
2015-02-04T10:00+02:00,1377,3471.72,4685.7,54.61052536
2015-02-04T11:00+02:00,1382,3386.11,4610.3,47.49136521
2015-02-04T12:00+02:00,1392,3271.66,4713.9,40.67442283
2015-02-04T13:00+02:00,1369,3225.52,4916.5,39.53826577
2015-02-04T14:00+02:00,1357,3153.95,5146.1,31.58516633
2015-02-04T15:00+02:00,1367,2999.87,4229.1,29.31285221
2015-02-04T16:00+02:00,1363,3019.88,5243.9,29.31285221
2015-02-04T17:00+02:00,1404,3130.05,5584.5,31.58516633
2015-02-04T18:00+02:00,1410,3277.97,5529.9,37.94764588
2015-02-04T19:00+02:00,1407,3226.79,5391.3,31.58516633
2015-02-04T20:00+02:00,1409,3111.35,5240.1,31.13070351
2015-02-04T21:00+02:00,1410,3046.06,4785.9,15.45173605
2015-02-04T22:00+02:00,1410,3020.3,4195.1,4.203781131
2015-02-04T23:00+02:00,1409,3080.65,3889.7,2.799491002
2015-02-05T00:00+02:00,1412,2960.26,3397.4,2.954008362
2015-02-05T01:00+02:00,1415,2987.28,3121.4,31.47573651
2015-02-05T02:00+02:00,1415,3134.6,2724,32.29546432
2015-02-05T03:00+02:00,1418,2938.72,2963.2,31.29911007
2015-02-05T04:00+02:00,1417,3062.37,2848.8,31.0002038
2015-02-05T05:00+02:00,1416,3355.75,2781.3,32.39509975
2015-02-05T06:00+02:00,1419,3463.13,3136.02,36.23106361
2015-02-05T07:00+02:00,1420,3632.96,3956.02,45.24354068
2015-02-05T08:00+02:00,1417,4005.18,4215.42,56.37779942
2015-02-05T09:00+02:00,1357,4067.18,4425.02,61.36636399
2015-02-05T10:00+02:00,1364,3984.81,4207.82,61.36636399
2015-02-05T11:00+02:00,1394,4005.31,3838.42,59.96241027
2015-02-05T12:00+02:00,1395,4080.9,3618.92,57.37188922
2015-02-05T13:00+02:00,1390,3967.54,3464.92,52.36294468
2015-02-05T14:00+02:00,1373,3818.34,3329.72,51.97572519
2015-02-05T15:00+02:00,1375,3742.23,3439.52,48.59491406
2015-02-05T16:00+02:00,1376,3663.67,3668.32,47.3358846
2015-02-05T17:00+02:00,1372,3569.73,4057.52,47.32682684
2015-02-05T18:00+02:00,1392,3510.86,4817.44,54.12015126
2015-02-05T19:00+02:00,1401,3485.72,5026.24,51.85570979
2015-02-05T20:00+02:00,1404,3295.26,4912.24,43.93016462
2015-02-05T21:00+02:00,1410,3070.2,4994.24,37.81617264
2015-02-05T22:00+02:00,1409,3018.87,3960.04,22.08736215
2015-02-05T23:00+02:00,1409,2982.24,3733.24,31.02284821
2015-02-06T00:00+02:00,1409,2961.15,3726.04,24.68241208
2015-02-06T01:00+02:00,1409,2973.7,3437.04,11.31298504
2015-02-06T02:00+02:00,1413,2882.16,3242.24,10.86046564
2015-02-06T03:00+02:00,1417,2841.71,3254.64,4.525194018
2015-02-06T04:00+02:00,1417,2838.76,3385.64,2.787519515
2015-02-06T05:00+02:00,1417,2857.14,3591.44,4.525194018
2015-02-06T06:00+02:00,1418,2888.39,4126.64,21.94719099
2015-02-06T07:00+02:00,1417,2974.77,4867.44,30.99757902
2015-02-06T08:00+02:00,1418,3163.42,5266.44,40.27422676
2015-02-06T09:00+02:00,1397,3202.11,5587.24,40.50048646
2015-02-06T10:00+02:00,1396,3158,5538.04,40.50048646
2015-02-06T11:00+02:00,1410,3180.45,5172.44,37.78537005
2015-02-06T12:00+02:00,1407,3110.2,5289.14,31.45009842
2015-02-06T13:00+02:00,1406,3059.89,5298.74,31.45009842
2015-02-06T14:00+02:00,1397,2961.95,5287.34,29.86628052
2015-02-06T15:00+02:00,1397,2889.27,5394.74,26.92490441
2015-02-06T16:00+02:00,1404,2890,5503.14,26.92490441
2015-02-06T17:00+02:00,1413,2952.87,5746.74,31.45009842
2015-02-06T18:00+02:00,1413,3077.63,5806.74,33.26017603
2015-02-06T19:00+02:00,1413,3010.33,5750.54,31.45009842
2015-02-06T20:00+02:00,1413,2923.65,5465.74,26.92490441
2015-02-06T21:00+02:00,1413,2839.3,5091.94,10.86046564
2015-02-06T22:00+02:00,1413,2725.11,4718.34,2.787519515
2015-02-06T23:00+02:00,1413,2690.47,4245.74,2.787519515
2015-02-07T00:00+02:00,1414,2612.37,4101.74,1.583817906
2015-02-07T01:00+02:00,1413,2611.25,3882.14,0.452519402
2015-02-07T02:00+02:00,1418,2524.87,3824.54,0.226259701
2015-02-07T03:00+02:00,1419,2572.59,3724.94,0.226259701
2015-02-07T04:00+02:00,1419,2611,3697.74,0.226259701
2015-02-07T05:00+02:00,1419,2555.35,3958.14,0.905038804
2015-02-07T06:00+02:00,1419,2513.66,4107.74,1.583817906
2015-02-07T07:00+02:00,1419,2579.05,4310.34,3.167635812
2015-02-07T08:00+02:00,1419,2626.08,4683.74,21.94719099
2015-02-07T09:00+02:00,1419,2666.54,4990.74,30.31879992
2015-02-07T10:00+02:00,1418,2826.14,4782.54,31.45009842
2015-02-07T11:00+02:00,1418,2758,4883.54,31.45009842
2015-02-07T12:00+02:00,1418,2785.23,4771.74,33.26017603
2015-02-07T13:00+02:00,1418,2863.67,5238.14,40.04796706
2015-02-07T14:00+02:00,1418,3047.14,4840.74,42.53682377
2015-02-07T15:00+02:00,1417,3129.79,4407.54,43.89438197
2015-02-07T16:00+02:00,1417,3142.06,4498.94,46.15697898
2015-02-07T17:00+02:00,1417,3114.7,4762.74,49.55087449
2015-02-07T18:00+02:00,1418,3167.55,5212.14,61.31637894
2015-02-07T19:00+02:00,1418,3153.46,4608.78,62.22141774
2015-02-07T20:00+02:00,1418,3063.2,4009.54,60.41134014
2015-02-07T21:00+02:00,1419,2979.63,3617.94,54.90417902
2015-02-07T22:00+02:00,1421,2849.7,3580.8,41.63178496
2015-02-07T23:00+02:00,1421,2602.92,3403.2,31.45009842
2015-02-08T00:00+02:00,1422,2553.54,3118.1,11.50530579
2015-02-08T01:00+02:00,1422,2533.35,2758.7,6.561531326
2015-02-08T02:00+02:00,1422,2398.57,2869.3,0.997805281
2015-02-08T03:00+02:00,1423,2400.91,2730.9,0.226259701
2015-02-08T04:00+02:00,1422,2401.45,2844.3,0.226259701
2015-02-08T05:00+02:00,1422,2454.33,3114.3,0.452519402
2015-02-08T06:00+02:00,1423,2473.48,3295.1,0.997805281
2015-02-08T07:00+02:00,1423,2490.97,3477.1,0.997805281
2015-02-08T08:00+02:00,1423,2559.37,4014.3,7.14075616
2015-02-08T09:00+02:00,1423,2582.57,3949.3,9.91696269
2015-02-08T10:00+02:00,1423,2629.6,3854.1,13.67287372
2015-02-08T11:00+02:00,1423,2556.29,3793.3,17.13917234
2015-02-08T12:00+02:00,1423,2555.75,3853.7,19.97646899
2015-02-08T13:00+02:00,1423,2570.5,3598.5,18.91531099
2015-02-08T14:00+02:00,1422,2585.53,3368.5,14.9806548
2015-02-08T15:00+02:00,1422,2614.35,3525.3,15.98072267
2015-02-08T16:00+02:00,1422,2671.35,3430.3,21.94719099
2015-02-08T17:00+02:00,1422,2829.29,3741.7,33.2850646
2015-02-08T18:00+02:00,1422,3109.46,4415.5,49.55087449
2015-02-08T19:00+02:00,1422,3152.94,4494.8,54.07380591
2015-02-08T20:00+02:00,1422,3147.74,4087.4,51.1346924
2015-02-08T21:00+02:00,1422,3098.46,3611.8,44.99626671
2015-02-08T22:00+02:00,1421,2861.12,3507.8,34.03172161
2015-02-08T23:00+02:00,1415,2723.93,2979.8,28.96350431
2015-02-09T00:00+02:00,1415,2696.24,2789.18,20.5783198
2015-02-09T01:00+02:00,1417,2647.7,2657.38,9.96658237
2015-02-09T02:00+02:00,1417,2683.54,2537.58,8.103775289
2015-02-09T03:00+02:00,1418,2763.12,2876.78,5.981304191
2015-02-09T04:00+02:00,1418,2828.93,2934.78,4.793623555
2015-02-09T05:00+02:00,1418,2859.65,3327.18,6.209356936
2015-02-09T06:00+02:00,1418,2931.81,3758.78,9.96658237
2015-02-09T07:00+02:00,1418,2964.92,4605.48,22.13692197
2015-02-09T08:00+02:00,1418,3197.68,4968.48,37.93352601
2015-02-09T09:00+02:00,1407,3365.28,4906.68,43.85612355
2015-02-09T10:00+02:00,1384,3478.67,4689.08,43.80419075
2015-02-09T11:00+02:00,1398,3434.12,4500.68,40.47597543
2015-02-09T12:00+02:00,1361,3397.31,4351.98,40.41726879
2015-02-09T13:00+02:00,1354,3333.51,4487.18,40.41726879
2015-02-09T14:00+02:00,1364,3392.14,4089.18,39.80536488
2015-02-09T15:00+02:00,1373,3520.9,4085.78,40.41726879
2015-02-09T16:00+02:00,1337,3802.96,3846.58,43.80419075
2015-02-09T17:00+02:00,1371,3771.31,4487.98,45.61054913
2015-02-09T18:00+02:00,1405,3839.2,4832.9,54.85458815
2015-02-09T19:00+02:00,1405,3885.97,4763.1,53.96495665
2015-02-09T20:00+02:00,1406,3863.85,4353.7,49.33616329
2015-02-09T21:00+02:00,1411,3908.56,3700.3,46.51372832
2015-02-09T22:00+02:00,1413,3864.23,3041.1,40.41726879
2015-02-09T23:00+02:00,1413,3941.89,2839.7,37.41871387
2015-02-10T00:00+02:00,1413,3512.6,2242.4,23.72200145
2015-02-10T01:00+02:00,1415,3215.46,2227.8,26.13175219
2015-02-10T02:00+02:00,1420,3084.38,2218.8,25.87474073
2015-02-10T03:00+02:00,1421,3113.78,2204.2,24.72044368
2015-02-10T04:00+02:00,1421,3120.32,2284.2,25.70565425
2015-02-10T05:00+02:00,1421,3131.25,2393.3,25.87474073
2015-02-10T06:00+02:00,1421,3372.39,3065.9,31.33736135
2015-02-10T07:00+02:00,1421,3678.1,3882.7,43.7370367
2015-02-10T08:00+02:00,1420,3834.24,4191.1,54.76147534
2015-02-10T09:00+02:00,1394,3832.78,4203.1,56.3621607
2015-02-10T10:00+02:00,1384,3873.55,4135.3,55.91126341
2015-02-10T11:00+02:00,1413,3743.21,3975.3,51.6277392
2015-02-10T12:00+02:00,1416,3608.98,4157.1,49.37325277
2015-02-10T13:00+02:00,1414,3485.39,4208.3,45.99152313
2015-02-10T14:00+02:00,1390,3526.95,4266.9,44.63883127
2015-02-10T15:00+02:00,1404,3531.62,4344.5,43.7370367
2015-02-10T16:00+02:00,1422,3558.45,4511.5,45.99152313
2015-02-10T17:00+02:00,1421,3676,5026.3,48.16710253
2015-02-10T18:00+02:00,1421,3655.83,5204.9,53.88222563
2015-02-10T19:00+02:00,1421,3563.37,5184.5,49.59870142
2015-02-10T20:00+02:00,1421,3583.04,4994.9,46.44242042
2015-02-10T21:00+02:00,1421,3610.68,4455.7,42.38434485
2015-02-10T22:00+02:00,1421,3376.76,4059.8,39.79619443
2015-02-10T23:00+02:00,1422,3246.41,3775.4,31.33736135
2015-02-11T00:00+02:00,1422,3122.73,3533.6,2.930832356
2015-02-11T01:00+02:00,1422,3018.55,3580.6,2.770531618
2015-02-11T02:00+02:00,1422,3021.74,3468.8,2.770531618
2015-02-11T03:00+02:00,1422,3021.84,3453,2.770531618
2015-02-11T04:00+02:00,1422,3070.48,3513.6,2.770531618
2015-02-11T05:00+02:00,1422,3103.61,3781.8,4.497616263
2015-02-11T06:00+02:00,1422,3276.56,4252,31.25843303
2015-02-11T07:00+02:00,1422,3540.28,5016.2,40.25366556
2015-02-11T08:00+02:00,1422,3517.72,5052,43.62687775
2015-02-11T09:00+02:00,1416,3482.52,5107.8,44.97616263
2015-02-11T10:00+02:00,1366,3492.67,4847.4,42.27759288
2015-02-11T11:00+02:00,1394,3327.52,4990.4,40.25366556
2015-02-11T12:00+02:00,1398,3282.15,4902,40.02878474
2015-02-11T13:00+02:00,1398,3308.09,4859.4,39.12926149
2015-02-11T14:00+02:00,1389,3345.01,4683,40.02878474
2015-02-11T15:00+02:00,1382,3355.23,4722.2,40.02878474
2015-02-11T16:00+02:00,1404,3496.29,4612.4,41.37806962
2015-02-11T17:00+02:00,1408,3523.6,5113,44.52640101
2015-02-11T18:00+02:00,1408,3573.8,5533.2,46.32544751
2015-02-11T19:00+02:00,1408,3601.38,5433.4,45.87568589
2015-02-11T20:00+02:00,1408,3593.38,5089.6,45.42592426
2015-02-11T21:00+02:00,1408,3567.38,4691,41.37806962
2015-02-11T22:00+02:00,1409,3334.63,4000.8,31.25843303
2015-02-11T23:00+02:00,1409,3258.55,3689.4,31.25843303
2015-02-12T00:00+02:00,1408,3196.18,3550.26,4.497616263
2015-02-12T01:00+02:00,1408,3157.32,3336.06,4.507245397
2015-02-12T02:00+02:00,1418,3127.3,3348.86,4.507245397
2015-02-12T03:00+02:00,1422,3123.72,3196.86,4.507245397
2015-02-12T04:00+02:00,1422,3123.8,3285.66,6.760868095
2015-02-12T05:00+02:00,1422,3230.12,3492.46,31.32535551
2015-02-12T06:00+02:00,1421,3344.93,3844.66,32.89838415
2015-02-12T07:00+02:00,1420,3568.11,4767.66,45.09048295
2015-02-12T08:00+02:00,1417,3747.73,4838.86,51.6079598
2015-02-12T09:00+02:00,1389,3759.69,4872.46,53.86158249
2015-02-12T10:00+02:00,1389,3829.25,4481.86,51.6079598
2015-02-12T11:00+02:00,1395,3778.96,4091.8,48.39654745
2015-02-12T12:00+02:00,1396,3654.74,4336.6,46.42462759
2015-02-12T13:00+02:00,1363,3517.82,4020.4,44.62172943
2015-02-12T14:00+02:00,1378,3450.78,3828.2,44.13494693
2015-02-12T15:00+02:00,1389,3542.01,3965.8,43.44984563
2015-02-12T16:00+02:00,1377,3616.02,3878.8,45.46007707
2015-02-12T17:00+02:00,1379,3695.83,4336.8,47.99765623
2015-02-12T18:00+02:00,1408,3734.7,5050.92,55.66448065
2015-02-12T19:00+02:00,1415,3639.86,5072.52,53.86158249
2015-02-12T20:00+02:00,1414,3574.42,4967.52,49.3543371
2015-02-12T21:00+02:00,1414,3460.27,4415.92,46.98803326
2015-02-12T22:00+02:00,1416,3477.5,3816.32,40.56520857
2015-02-12T23:00+02:00,1418,3494.1,3299.32,42.17880242
2015-02-13T00:00+02:00,1419,3280.57,2777.12,34.15139837
2015-02-13T01:00+02:00,1422,3245.31,2606.32,32.90939786
2015-02-13T02:00+02:00,1422,3240.95,2516.92,31.74113675
2015-02-13T03:00+02:00,1422,3117.81,2424.52,31.06584131
2015-02-13T04:00+02:00,1421,3155.74,2344.72,31.09735509
2015-02-13T05:00+02:00,1421,3299.69,2435.6,31.8964547
2015-02-13T06:00+02:00,1421,3380.57,2882.9,40.29262802
2015-02-13T07:00+02:00,1421,3499.21,3649.7,45.19527293
2015-02-13T08:00+02:00,1420,3651.74,3977.7,56.18458075
2015-02-13T09:00+02:00,1379,3564.48,3916.7,58.5030951
2015-02-13T10:00+02:00,1373,3510.8,3508.1,52.11480023
2015-02-13T11:00+02:00,1356,3407.51,3336.1,46.93753517
2015-02-13T12:00+02:00,1365,3377.47,3123.4,45.46989308
2015-02-13T13:00+02:00,1390,3391.87,2999.9,45.46989308
2015-02-13T14:00+02:00,1366,3392.85,2971.1,45.46989308
2015-02-13T15:00+02:00,1357,3402.48,3027.7,45.46989308
2015-02-13T16:00+02:00,1378,3395.34,3045.7,46.370287
2015-02-13T17:00+02:00,1400,3470.8,3402.7,49.52166573
2015-02-13T18:00+02:00,1409,3601.72,4062.5,55.14912774
2015-02-13T19:00+02:00,1414,3598.04,4023.5,55.5993247
2015-02-13T20:00+02:00,1413,3578.17,3815.5,52.64153067
2015-02-13T21:00+02:00,1414,3543.96,3007.1,49.29656725
2015-02-13T22:00+02:00,1416,3530.91,2605.1,40.51772651
2015-02-13T23:00+02:00,1420,3489.44,2141.9,43.66910523
2015-02-14T00:00+02:00,1419,3141.92,2194.1,41.08047271
2015-02-14T01:00+02:00,1419,2914.29,1919.9,40.29262802
2015-02-14T02:00+02:00,1419,2735.28,1977.3,37.81654474
2015-02-14T03:00+02:00,1419,2663.78,1869.7,31.2886888
2015-02-14T04:00+02:00,1419,2703.16,2020.3,31.2886888
2015-02-14T05:00+02:00,1419,2724.88,1901.1,35.45301069
2015-02-14T06:00+02:00,1419,2802.93,2232.1,37.81654474
2015-02-14T07:00+02:00,1418,2965.58,2880.1,42.31851435
2015-02-14T08:00+02:00,1418,2907.57,3204.5,49.29656725
2015-02-14T09:00+02:00,1417,2962.46,3455.3,53.88857625
2015-02-14T10:00+02:00,1418,2946.65,3428.7,53.91333708
2015-02-14T11:00+02:00,1419,2829.45,3458.1,52.67304446
2015-02-14T12:00+02:00,1419,2801.73,3366.9,52.87788407
2015-02-14T13:00+02:00,1419,2802.01,3170.5,49.29656725
2015-02-14T14:00+02:00,1419,2800.87,3030.9,46.370287
2015-02-14T15:00+02:00,1419,2790.77,2824.3,45.46989308
2015-02-14T16:00+02:00,1419,2831.44,3318.1,46.370287
2015-02-14T17:00+02:00,1419,2903.5,3574.1,54.80922904
2015-02-14T18:00+02:00,1420,3010.94,4198.5,56.81710748
2015-02-14T19:00+02:00,1420,3035.73,4307.3,59.43950478
2015-02-14T20:00+02:00,1420,3035.35,3895.5,55.92796849
2015-02-14T21:00+02:00,1420,3018.53,3680.9,55.5993247
2015-02-14T22:00+02:00,1419,2992.54,2795.5,45.92009004
2015-02-14T23:00+02:00,1419,2909.3,2351.9,40.51772651
2015-02-15T00:00+02:00,1419,2772.81,2080.3,31.90996061
2015-02-15T01:00+02:00,1419,2770.12,2113.9,36.40967923
2015-02-15T02:00+02:00,1419,2755.5,1911.3,31.2886888
2015-02-15T03:00+02:00,1419,2608.74,1833.7,24.72706809
2015-02-15T04:00+02:00,1418,2596.51,1914.7,24.26336522
2015-02-15T05:00+02:00,1419,2583.1,1930.3,23.53854811
2015-02-15T06:00+02:00,1419,2554.34,1792.9,23.12436691
2015-02-15T07:00+02:00,1419,2569.34,2120.1,26.78671919
2015-02-15T08:00+02:00,1419,2846.94,2667.9,40.70455824
2015-02-15T09:00+02:00,1419,2890.52,2967.7,44.56949916
2015-02-15T10:00+02:00,1419,2921.32,3210.7,45.46989308
2015-02-15T11:00+02:00,1419,2904.91,3284.7,45.46989308
2015-02-15T12:00+02:00,1419,2850.3,3199.7,45.01969612
2015-02-15T13:00+02:00,1419,2866,3097.1,45.01969612
2015-02-15T14:00+02:00,1419,2868.11,2788.3,44.56949916
2015-02-15T15:00+02:00,1418,2876.67,2587.9,42.99606078
2015-02-15T16:00+02:00,1418,2882.48,3043.1,44.56949916
2015-02-15T17:00+02:00,1419,2877.2,3455.7,45.92009004
2015-02-15T18:00+02:00,1419,3019.23,4241.3,56.0292628
2015-02-15T19:00+02:00,1419,3016.34,4333.1,59.65109736
2015-02-15T20:00+02:00,1418,3011.8,4165.5,58.7259426
2015-02-15T21:00+02:00,1418,2974.39,3817.5,55.54530107
2015-02-15T22:00+02:00,1417,2955.68,2933.3,46.370287
2015-02-15T23:00+02:00,1418,2951.78,2231.1,44.56949916
2015-02-16T00:00+02:00,1418,2837.58,1760.7,40.51772651
2015-02-16T01:00+02:00,1418,2519.86,1880.3,30.76213199
2015-02-16T02:00+02:00,1418,2561.71,1890.5,26.88844873
2015-02-16T03:00+02:00,1418,2567.24,1968.9,25.68875484
2015-02-16T04:00+02:00,1419,2549.46,1990.7,24.98874584
2015-02-16T05:00+02:00,1419,2627.67,2346.5,27.08877285
2015-02-16T06:00+02:00,1419,2898.13,3160.2,31.51165931
2015-02-16T07:00+02:00,1418,3196.3,4395.2,42.31565679
2015-02-16T08:00+02:00,1419,3350.44,4792.4,49.2932385
2015-02-16T09:00+02:00,1385,3468.36,4805.8,50.0067525
2015-02-16T10:00+02:00,1374,3424.36,4665.4,48.66975781
2015-02-16T11:00+02:00,1377,3444.29,4804.2,45.91698929
2015-02-16T12:00+02:00,1373,3396.63,4657.8,44.5664896
2015-02-16T13:00+02:00,1376,3399.01,4719.5,43.66615648
2015-02-16T14:00+02:00,1381,3355.9,4621.5,42.31565679
2015-02-16T15:00+02:00,1382,3393.85,4600.1,41.41532367
2015-02-16T16:00+02:00,1375,3486.39,4631.7,43.66615648
2015-02-16T17:00+02:00,1383,3447.98,4879.9,44.95138201
2015-02-16T18:00+02:00,1405,3516.28,5335.5,46.36715585
2015-02-16T19:00+02:00,1407,3512.13,5308.3,46.36715585
2015-02-16T20:00+02:00,1407,3490.61,4919.3,45.46682272
2015-02-16T21:00+02:00,1406,3420.61,4448.9,42.31565679
2015-02-16T22:00+02:00,1407,3150.27,3892.5,37.81399118
2015-02-16T23:00+02:00,1408,3077.77,3655.9,32.41199244
2015-02-17T00:00+02:00,1407,2914.67,3540.9,26.78491042
2015-02-17T01:00+02:00,1407,2926.74,3482.7,2.919642456
2015-02-17T02:00+02:00,1407,2893.26,3384.9,2.766922697
2015-02-17T03:00+02:00,1409,2887.39,3340.9,2.766922697
2015-02-17T04:00+02:00,1415,2857.17,3490.7,2.766922697
2015-02-17T05:00+02:00,1415,2931.6,3725.1,6.962224318
2015-02-17T06:00+02:00,1415,3142.35,4082.7,31.71630059
2015-02-17T07:00+02:00,1415,3339.85,4909.1,40.20123074
2015-02-17T08:00+02:00,1415,3389.14,4971.3,43.57004896
2015-02-17T09:00+02:00,1414,3362.07,5143.3,43.57004896
2015-02-17T10:00+02:00,1414,3292.47,4998.5,40.20123074
2015-02-17T11:00+02:00,1414,3156.8,4881.7,38.85370345
2015-02-17T12:00+02:00,1414,3114.9,4912.3,33.23900642
2015-02-17T13:00+02:00,1414,3112.23,4872.5,37.73076405
2015-02-17T14:00+02:00,1415,3066.12,4787.9,37.73076405
2015-02-17T15:00+02:00,1415,3161.49,4464.3,37.73076405
2015-02-17T16:00+02:00,1414,3310.18,4701.5,40.20123074
2015-02-17T17:00+02:00,1414,3451.19,5598.5,45.14216413
2015-02-17T18:00+02:00,1413,3597.69,5360.3,51.65521268
2015-02-17T19:00+02:00,1413,3550.2,5256.34,53.89884562
2015-02-17T20:00+02:00,1413,3606.38,5174.9,53.67650362
2015-02-17T21:00+02:00,1413,3467.82,4540.1,46.82657324
2015-02-17T22:00+02:00,1414,3454.44,3470.3,41.32417015
2015-02-17T23:00+02:00,1414,3462.81,3112.3,40.42581862
2015-02-18T00:00+02:00,1414,3254.51,2978.8,32.38781835
2015-02-18T01:00+02:00,1415,3204.35,2891.4,32.91258647
2015-02-18T02:00+02:00,1416,3141.88,3032,32.43419279
2015-02-18T03:00+02:00,1418,2983.29,3128.8,31.01922559
2015-02-18T04:00+02:00,1418,2991.64,3187.4,31.01922559
2015-02-18T05:00+02:00,1419,3117.9,3163.6,30.81933339
2015-02-18T06:00+02:00,1420,3394.09,3616.4,33.03386937
2015-02-18T07:00+02:00,1419,3599.43,4558.4,44.47039799
2015-02-18T08:00+02:00,1418,3583.33,4611.6,46.94097565
2015-02-18T09:00+02:00,1418,3574.37,4782.2,49.18695535
2015-02-18T10:00+02:00,1404,3681.85,4324.8,45.81798581
2015-02-18T11:00+02:00,1410,3668.16,4318.4,44.47039799
2015-02-18T12:00+02:00,1385,3701.95,4276,44.47039799
2015-02-18T13:00+02:00,1378,3667.71,3935.4,44.47039799
2015-02-18T14:00+02:00,1378,3641.38,3759.8,43.57200611
2015-02-18T15:00+02:00,1382,3627.37,3523.8,43.46644506
2015-02-18T16:00+02:00,1385,3707.63,3443.4,44.89264217
2015-02-18T17:00+02:00,1400,3734.97,3516.2,46.49177971
2015-02-18T18:00+02:00,1403,3841.86,4636.6,56.86371395
2015-02-18T19:00+02:00,1403,3972.8,4787.6,60.86604977
2015-02-18T20:00+02:00,1403,3968.35,4365.6,60.0440212
2015-02-18T21:00+02:00,1404,3937.55,3937.2,55.4756985
2015-02-18T22:00+02:00,1404,3888.9,3008.6,45.36878987
2015-02-18T23:00+02:00,1410,3763.54,2526,42.84206271
2015-02-19T00:00+02:00,1411,3426.27,2438,39.97843859
2015-02-19T01:00+02:00,1412,3223.11,2524,30.96009358
2015-02-19T02:00+02:00,1412,3225.12,2635,28.31016331
2015-02-19T03:00+02:00,1413,3257.23,2663,26.95595447
2015-02-19T04:00+02:00,1412,3233.53,2667,26.55554056
2015-02-19T05:00+02:00,1412,3281.49,2786,27.05043416
2015-02-19T06:00+02:00,1412,3542.34,3055,35.03171818
2015-02-19T07:00+02:00,1412,3804.52,3710,43.64061727
2015-02-19T08:00+02:00,1398,3888.42,4219,49.26440815
2015-02-19T09:00+02:00,1358,3929.33,4203,50.53088586
2015-02-19T10:00+02:00,1387,3924.88,4106,48.65703874
2015-02-19T11:00+02:00,1386,3871.3,3981,45.44023035
2015-02-19T12:00+02:00,1382,3841.28,3985,44.54042381
2015-02-19T13:00+02:00,1356,3912.12,4001,44.54042381
2015-02-19T14:00+02:00,1370,3879.75,3871,43.64061727
2015-02-19T15:00+02:00,1358,3870.9,3842,43.13897512
2015-02-19T16:00+02:00,1376,3811.82,3802,43.00400414
2015-02-19T17:00+02:00,1376,3639.28,4071,45.06456112
2015-02-19T18:00+02:00,1392,3717.56,4554,53.76344086
2015-02-19T19:00+02:00,1399,3615.24,4651,53.19881226
2015-02-19T20:00+02:00,1400,3508.81,4588,49.26440815
2015-02-19T21:00+02:00,1407,3500.64,4114,45.89013362
2015-02-19T22:00+02:00,1408,3584.9,3367,40.49129437
2015-02-19T23:00+02:00,1410,3525.8,2850,41.39110091
2015-02-20T00:00+02:00,1417,3312.38,2669.4,40.0413911
2015-02-20T01:00+02:00,1416,3227.88,2573,31.19179588
2015-02-20T02:00+02:00,1416,3137.07,2306.4,27.96041559
2015-02-20T03:00+02:00,1416,3044.44,2434,25.54361241
2015-02-20T04:00+02:00,1416,2933.27,2351,25.22720643
2015-02-20T05:00+02:00,1417,2940.45,2596.8,30.96739448
2015-02-20T06:00+02:00,1418,3367.26,3243.2,40.16785225
2015-02-20T07:00+02:00,1418,3395.08,4051.4,45.02614276
2015-02-20T08:00+02:00,1396,3468.96,4249.8,53.4389516
2015-02-20T09:00+02:00,1349,3498.81,4007.2,54.40612167
2015-02-20T10:00+02:00,1367,3480.15,3883.8,53.93039068
2015-02-20T11:00+02:00,1373,3445.67,3639.2,52.388753
2015-02-20T12:00+02:00,1378,3478.7,3676.4,49.4423625
2015-02-20T13:00+02:00,1400,3475.59,3666,49.14390862
2015-02-20T14:00+02:00,1402,3418.43,3441.2,46.2266903
2015-02-20T15:00+02:00,1403,3418.98,3162.4,45.77788749
2015-02-20T16:00+02:00,1404,3421.79,3288.4,45.77788749
2015-02-20T17:00+02:00,1404,3467.87,3611.2,50.0953706
2015-02-20T18:00+02:00,1404,3612.12,4484.8,60.8127819
2015-02-20T19:00+02:00,1404,3577.84,4636,62.83239459
2015-02-20T20:00+02:00,1411,3562.33,4143,60.8127819
2015-02-20T21:00+02:00,1412,3541.74,3704.4,55.42714808
2015-02-20T22:00+02:00,1412,3500.62,2698.8,42.17624487
2015-02-20T23:00+02:00,1412,3466.21,2182.8,41.99896775
2015-02-21T00:00+02:00,1411,3222.71,2019,42.18746494
2015-02-21T01:00+02:00,1414,3193.95,1740,41.89125508
2015-02-21T02:00+02:00,1415,3189.01,1632,40.39225366
2015-02-21T03:00+02:00,1415,3038.68,1604.2,35.4778628
2015-02-21T04:00+02:00,1417,3007.43,1663.4,31.19179588
2015-02-21T05:00+02:00,1417,2914.1,1912.4,31.19179588
2015-02-21T06:00+02:00,1417,2980.95,2288.7,31.19179588
2015-02-21T07:00+02:00,1417,2943.14,2611.1,31.19179588
2015-02-21T08:00+02:00,1418,2921.62,3125.3,40.16785225
2015-02-21T09:00+02:00,1420,3064.94,3249.3,41.2898593
2015-02-21T10:00+02:00,1420,3021.25,3544.1,43.53387339
2015-02-21T11:00+02:00,1420,3053.13,3422.9,40.91286493
2015-02-21T12:00+02:00,1420,2909.71,3345.9,40.16785225
2015-02-21T13:00+02:00,1420,2849.82,3465.7,37.69943675
2015-02-21T14:00+02:00,1420,2645.76,3410.5,32.05798532
2015-02-21T15:00+02:00,1420,2515.77,3592.3,26.7037677
2015-02-21T16:00+02:00,1420,2573.89,3595.7,28.46756278
2015-02-21T17:00+02:00,1421,2723.46,4134.9,34.93032336
2015-02-21T18:00+02:00,1420,2852.75,4854.5,46.89989453
2015-02-21T19:00+02:00,1420,2819.21,5081.1,51.38792272
2015-02-21T20:00+02:00,1420,2816.31,4758.7,46.83033009
2015-02-21T21:00+02:00,1420,2823.93,4145.1,43.53387339
2015-02-21T22:00+02:00,1420,2664.4,4169.5,32.31380293
2015-02-21T23:00+02:00,1419,2653.35,3454.3,31.19179588
2015-02-22T00:00+02:00,1420,2566.11,3317.1,11.44447187
2015-02-22T01:00+02:00,1420,2496.69,3272.1,2.764625362
2015-02-22T02:00+02:00,1420,2484.38,3058.7,2.764625362
2015-02-22T03:00+02:00,1420,2490.04,3186.9,2.764625362
2015-02-22T04:00+02:00,1420,2499.2,3117.5,2.764625362
2015-02-22T05:00+02:00,1420,2539.45,3063.3,3.814823957
2015-02-22T06:00+02:00,1420,2536.22,3174.9,4.488028185
2015-02-22T07:00+02:00,1420,2517.19,3453.5,22.44014092
2015-02-22T08:00+02:00,1420,2590.72,3436.5,26.750892
2015-02-22T09:00+02:00,1420,2564.08,3507.1,29.35619236
2015-02-22T10:00+02:00,1420,2478.6,3698.7,22.44014092
2015-02-22T11:00+02:00,1420,2481.02,3792.7,6.732042277
2015-02-22T12:00+02:00,1420,2498.88,3590.1,4.488028185
2015-02-22T13:00+02:00,1420,2513.7,3639.9,6.732042277
2015-02-22T14:00+02:00,1421,2504.26,3422.3,4.936831003
2015-02-22T15:00+02:00,1418,2523.34,3477.1,11.22007046
2015-02-22T16:00+02:00,1417,2584.69,3523.3,28.23867334
2015-02-22T17:00+02:00,1416,2579.18,3720.7,29.8566075
2015-02-22T18:00+02:00,1418,2724.6,4491.9,38.14823957
2015-02-22T19:00+02:00,1417,2896.95,4539.7,42.18746494
2015-02-22T20:00+02:00,1417,2885.77,4372.7,42.18746494
2015-02-22T21:00+02:00,1417,2727.52,4048.1,39.94345084
2015-02-22T22:00+02:00,1416,2589.15,3739.8,31.19179588
2015-02-22T23:00+02:00,1417,2581.02,3137.2,26.87655678
2015-02-23T00:00+02:00,1416,2496.59,2863.4,20.37115993
2015-02-23T01:00+02:00,1417,2530.66,2981.4,6.967388128
2015-02-23T02:00+02:00,1417,2630.34,2857,4.719843571
2015-02-23T03:00+02:00,1417,2716.18,2801.8,4.495089115
2015-02-23T04:00+02:00,1417,2748.87,3101,4.719843571
2015-02-23T05:00+02:00,1417,2810.07,3093.6,8.001258625
2015-02-23T06:00+02:00,1417,2769.76,3646,12.2019194
2015-02-23T07:00+02:00,1416,3127.3,4241.2,33.26365945
2015-02-23T08:00+02:00,1415.68,3385.05,4481.38,44.50138224
2015-02-23T09:00+02:00,1406,3410.7,4665.5,45.02056503
2015-02-23T10:00+02:00,1404,3520.51,4291.3,44.50138224
2015-02-23T11:00+02:00,1399,3483.21,4242.3,42.25383768
2015-02-23T12:00+02:00,1366,3379.61,4152.9,41.07387679
2015-02-23T13:00+02:00,1378,3382.57,4249.3,41.09185715
2015-02-23T14:00+02:00,1371,3433.04,4013.9,43.60236442
2015-02-23T15:00+02:00,1384,3352.38,4256.3,42.25383768
2015-02-23T16:00+02:00,1391,3306.81,4277.7,43.51471018
2015-02-23T17:00+02:00,1392,3377.9,4658.1,44.03614052
2015-02-23T18:00+02:00,1398,3402.35,4966.1,46.97368125
2015-02-23T19:00+02:00,1397,3507.21,4802.7,45.84990897
2015-02-23T20:00+02:00,1397,3477.65,4617.7,44.50138224
2015-02-23T21:00+02:00,1397,3499.63,3904.3,40.45355449
2015-02-23T22:00+02:00,1398,3263.5,3434.3,37.75874857
2015-02-23T23:00+02:00,1398,3198.09,3044.5,34.98977367
2015-02-24T00:00+02:00,1398,3157.2,2640.5,31.24086935
2015-02-24T01:00+02:00,1397,3008.78,2410.1,25.45196978
2015-02-24T02:00+02:00,1398,2976.66,2348.3,24.02410505
2015-02-24T03:00+02:00,1406,3003.82,2435.1,22.31291599
2015-02-24T04:00+02:00,1405,3030.64,2212.1,22.04083468
2015-02-24T05:00+02:00,1405,3030.71,2334.1,23.00323799
2015-02-24T06:00+02:00,1404,3240.71,2699.3,31.03076093
2015-02-24T07:00+02:00,1405,3516.04,3660.9,37.77657852
2015-02-24T08:00+02:00,1391,3601.32,4335.1,50.87021047
2015-02-24T09:00+02:00,1376,3454.06,4114.9,49.06682857
2015-02-24T10:00+02:00,1369,3449.49,4026.3,46.99586257
2015-02-24T11:00+02:00,1363,3464.64,3856.3,46.32128081
2015-02-24T12:00+02:00,1372,3483.32,3702.5,45.09579061
2015-02-24T13:00+02:00,1373,3450.91,3776.3,45.42183846
2015-02-24T14:00+02:00,1368,3455.01,3695.1,45.07555316
2015-02-24T15:00+02:00,1368,3443.51,3587.1,43.62295377
2015-02-24T16:00+02:00,1389,3479.24,3578.7,41.36985069
2015-02-24T17:00+02:00,1399,3511.62,3878.1,42.27379025
2015-02-24T18:00+02:00,1398,3529.36,4422.7,46.32128081
2015-02-24T19:00+02:00,1399,3489.54,4692.1,53.74168016
2015-02-24T20:00+02:00,1399,3472.13,4519.1,49.23997122
2015-02-24T21:00+02:00,1402,3387.66,3904.9,44.7472567
2015-02-24T22:00+02:00,1403,3316.15,3168.5,37.03004137
2015-02-24T23:00+02:00,1403,3323.79,2575.6,34.37443785
2015-02-25T00:00+02:00,1403,2994.95,2128.3,31.03076093
2015-02-25T01:00+02:00,1411,2991.2,2014.5,29.38119874
2015-02-25T02:00+02:00,1411,3001.85,1944.3,28.66502496
2015-02-25T03:00+02:00,1411,2984.05,1972.7,27.56930167
2015-02-25T04:00+02:00,1411,2997.04,2014.7,27.40889682
2015-02-25T05:00+02:00,1411,3025.74,2103.7,29.06942593
2015-02-25T06:00+02:00,1413,3038.28,2656.7,31.40320358
2015-02-25T07:00+02:00,1413,3295.94,3710.9,42.47339765
2015-02-25T08:00+02:00,1413,3451.02,4011.8,53.99543637
2015-02-25T09:00+02:00,1413,3414.89,4181.6,53.01493347
2015-02-25T10:00+02:00,1410,3411.54,3925.2,49.70743059
2015-02-25T11:00+02:00,1402,3354.04,3721.6,47.21550731
2015-02-25T12:00+02:00,1404,3358.38,3737.4,45.40361024
2015-02-25T13:00+02:00,1406,3369.32,3709.2,45.32453742
2015-02-25T14:00+02:00,1412,3422.77,3598.8,45.27031607
2015-02-25T15:00+02:00,1415,3496.81,3766.6,45.27483451
2015-02-25T16:00+02:00,1415,3513.7,3967.8,46.4383345
2015-02-25T17:00+02:00,1415,3438.02,4290.8,47.46402187
2015-02-25T18:00+02:00,1415,3499.69,4764.2,54.2213587
2015-02-25T19:00+02:00,1415,3510.94,4937,54.94205092
2015-02-25T20:00+02:00,1415,3380.91,4865.6,49.70291214
2015-02-25T21:00+02:00,1415,3362.07,4222,45.63631024
2015-02-25T22:00+02:00,1415,3300.69,3490.2,40.44009669
2015-02-25T23:00+02:00,1415,3120.38,3192.8,39.79621806
2015-02-26T00:00+02:00,1415,3074.78,2812.64,32.77907056
2015-02-26T01:00+02:00,1415,3084.11,2819.64,32.5500553
2015-02-26T02:00+02:00,1415,3044.52,2751.84,31.3762669
2015-02-26T03:00+02:00,1415,2954.94,2804.44,29.81873998
2015-02-26T04:00+02:00,1415,2835.62,2503.84,29.52755017
2015-02-26T05:00+02:00,1415,2853.5,2680.04,31.22502878
2015-02-26T06:00+02:00,1415,3097.25,2965.24,35.66510914
2015-02-26T07:00+02:00,1414,3303.44,3667.24,47.82059096
2015-02-26T08:00+02:00,1412,3385.32,4154.44,56.83167423
2015-02-26T09:00+02:00,1413,3301.08,3943.84,57.41179657
2015-02-26T10:00+02:00,1412,3325.77,3716.04,55.81363852
2015-02-26T11:00+02:00,1398,3310.22,3613.64,53.72790682
2015-02-26T12:00+02:00,1382,3292.86,3619.24,49.66027855
2015-02-26T13:00+02:00,1392,3348.46,3436.84,49.43455001
2015-02-26T14:00+02:00,1382,3390.53,3195.24,47.32173089
2015-02-26T15:00+02:00,1401,3399.36,3180.24,46.04862193
2015-02-26T16:00+02:00,1381,3490.83,3098.04,47.70095483
2015-02-26T17:00+02:00,1381,3645.35,3254.04,51.3983883
2015-02-26T18:00+02:00,1404,3829.22,4101.04,58.15218618
2015-02-26T19:00+02:00,1409,3913.96,4409.44,59.32597458
2015-02-26T20:00+02:00,1409,3875.72,4172.24,55.32380759
2015-02-26T21:00+02:00,1409,3861.18,3489.44,54.17484933
2015-02-26T22:00+02:00,1409,3830.2,2561.3,40.63113699
2015-02-26T23:00+02:00,1410,3638.53,2115.3,39.95395138
2015-02-27T00:00+02:00,1410,3455.38,1744.2,31.3762669
2015-02-27T01:00+02:00,1410,3160.34,1829.2,29.70527171
2015-02-27T02:00+02:00,1410,3094.36,1806,26.94078353
2015-02-27T03:00+02:00,1412,3027.83,1725,26.09902509
2015-02-27T04:00+02:00,1412,3032.7,1737,26.55488355
2015-02-27T05:00+02:00,1412,3131.21,1920.2,27.29283264
2015-02-27T06:00+02:00,1412,3413.6,2335.9,38.05741109
2015-02-27T07:00+02:00,1412,3718.48,2943.7,46.03719083
2015-02-27T08:00+02:00,1413,3826.22,3238,56.39555877
2015-02-27T09:00+02:00,1398,3765.69,3205.8,55.96678101
2015-02-27T10:00+02:00,1355,3718.13,3193.4,54.2358729
2015-02-27T11:00+02:00,1364,3607.82,3140.4,50.17828128
2015-02-27T12:00+02:00,1334,3551,3113.4,49.64795089
2015-02-27T13:00+02:00,1333,3438.82,3156.6,46.88346272
2015-02-27T14:00+02:00,1334,3388.63,2985.7,45.91081423
2015-02-27T15:00+02:00,1373,3410.45,3099.3,41.41541795
2015-02-27T16:00+02:00,1380,3434.66,3144.1,42.8710056
2015-02-27T17:00+02:00,1368,3464.72,3525.9,44.90882831
2015-02-27T18:00+02:00,1387,3575.94,4239.9,50.15571403
2015-02-27T19:00+02:00,1397,3780.54,4581.9,58.18062827
2015-02-27T20:00+02:00,1395,3773.2,4313.3,54.16140097
2015-02-27T21:00+02:00,1392,3511.79,3795.1,45.58584582
2015-02-27T22:00+02:00,1393,3297.07,3427.3,37.67828128
2015-02-27T23:00+02:00,1398,3186.97,3238.7,35.54341939
2015-02-28T00:00+02:00,1409,2627.62,3313.64,32.01615815
2015-02-28T01:00+02:00,1410,2553.63,3437.84,31.14280556
2015-02-28T02:00+02:00,1411,2586.81,3204.84,29.26069688
2015-02-28T03:00+02:00,1413,2602.65,3145.64,27.36279112
2015-02-28T04:00+02:00,1414,2566.03,3263.64,26.85502798
2015-02-28T05:00+02:00,1417,2609.43,3309.84,27.08070049
2015-02-28T06:00+02:00,1418,2545.72,3446.64,28.64009749
2015-02-28T07:00+02:00,1418,2560.11,3597.64,29.56986821
2015-02-28T08:00+02:00,1418,2653.19,3762.04,31.9574833
2015-02-28T09:00+02:00,1414,2668.92,3921.44,40.39537823
2015-02-28T10:00+02:00,1413,2815.23,3800.84,41.64334717
2015-02-28T11:00+02:00,1411,2773.91,3720.24,40.39537823
2015-02-28T12:00+02:00,1410,2732.99,3582.44,40.39537823
2015-02-28T13:00+02:00,1413,2692.7,3768.24,39.26701571
2015-02-28T14:00+02:00,1414,2662.73,3431.04,37.20436902
2015-02-28T15:00+02:00,1413,2651.59,3357.64,33.3995306
2015-02-28T16:00+02:00,1415,2661.47,3494.44,39.26701571
2015-02-28T17:00+02:00,1416,2802.47,3698.24,43.78046579
2015-02-28T18:00+02:00,1417,2970.87,4491.04,53.99891677
2015-02-28T19:00+02:00,1417,3009.99,4665.44,61.1572486
2015-02-28T20:00+02:00,1417,2977.8,4379.64,59.95667088
2015-02-28T21:00+02:00,1417,2948.55,3773.64,51.67900343
2015-02-28T22:00+02:00,1417,2888.41,3151.74,43.78046579
2015-02-28T23:00+02:00,1417,2664.96,2715.9,40.39537823
2015-03-01T00:00+02:00,1417,2469.85,2605.5,30.19272432
2015-03-01T01:00+02:00,1416,2453.94,2448.7,33.3995306
2015-03-01T02:00+02:00,1416,2469.67,2348.5,31.36847806
2015-03-01T03:00+02:00,1416,2406.5,2235.5,27.08070049
2015-03-01T04:00+02:00,1415,2356.54,2174.5,26.85502798
2015-03-01T05:00+02:00,1415,2389.01,2238.8,26.85502798
2015-03-01T06:00+02:00,1415,2413.27,2275.1,26.85502798
2015-03-01T07:00+02:00,1414,2431.32,2775.1,30.24011554
2015-03-01T08:00+02:00,1414,2611.84,2920.7,40.16970572
2015-03-01T09:00+02:00,1415,2750.85,3142.7,43.78046579
2015-03-01T10:00+02:00,1415,2782.62,3403.1,45.36017332
2015-03-01T11:00+02:00,1414,2752.79,3412.7,44.90882831
2015-03-01T12:00+02:00,1414,2744.54,3282.6,44.6831558
2015-03-01T13:00+02:00,1415,2751.26,3229.8,44.6831558
2015-03-01T14:00+02:00,1416,2688.4,3047.6,41.12655714
2015-03-01T15:00+02:00,1416,2624.6,2967.2,40.09072035
2015-03-01T16:00+02:00,1416,2636.58,3189.6,40.16970572
2015-03-01T17:00+02:00,1416,2746.99,3633.8,42.57537462
2015-03-01T18:00+02:00,1416,2848.13,4315.8,51.56391045
2015-03-01T19:00+02:00,1417,2876.89,4504.4,53.93572847
2015-03-01T20:00+02:00,1417,2872.52,4209.6,49.64795089
2015-03-01T21:00+02:00,1416,2830.71,3792,44.90882831
2015-03-01T22:00+02:00,1416,2571.73,3256.2,33.3995306
2015-03-01T23:00+02:00,1416,2429.44,3204,28.9470121
2015-03-02T00:00+02:00,1409,2267.32,3017.4,19.85015346
2015-03-02T01:00+02:00,1402,2250.6,2892.4,13.02861256
2015-03-02T02:00+02:00,1402,2245.72,2861,12.23007018
2015-03-02T03:00+02:00,1402,2241.77,2888.8,10.98164477
2015-03-02T04:00+02:00,1402,2257.76,2849.6,10.392298
2015-03-02T05:00+02:00,1402,2328.92,2952.8,11.01088717
2015-03-02T06:00+02:00,1402,2400.24,3411,18.81185892
2015-03-02T07:00+02:00,1401,2779.14,4281,45.30547058
2015-03-02T08:00+02:00,1402,2824.86,4449.8,53.76102213
2015-03-02T09:00+02:00,1401,2835.96,4629,59.25634335
2015-03-02T10:00+02:00,1392,2889.12,4670.6,58.48479395
2015-03-02T11:00+02:00,1379,2883.28,4265.6,56.9034551
2015-03-02T12:00+02:00,1387,2891.7,4054.4,55.11067123
2015-03-02T13:00+02:00,1379,3020.86,3931.8,53.76102213
2015-03-02T14:00+02:00,1356,3030.54,3848.4,51.16069822
2015-03-02T15:00+02:00,1330,3093.53,3972.8,49.48713335
2015-03-02T16:00+02:00,1358,3105.92,4107.6,51.51160698
2015-03-02T17:00+02:00,1374,3210.97,4244.2,53.76102213
2015-03-02T18:00+02:00,1387,3481.86,4834.8,59.92666907
2015-03-02T19:00+02:00,1388,3456.68,4987.1,60.95915062
2015-03-02T20:00+02:00,1390,3480.73,4644.3,59.83219363
2015-03-02T21:00+02:00,1396,3354.07,4038.3,49.26219183
2015-03-02T22:00+02:00,1396,3205.58,3449.9,40.48947274
2015-03-02T23:00+02:00,1396,3033.33,3318.1,40.26453122
2015-03-03T00:00+02:00,1396,2786.2,3205.4,24.62209825
2015-03-03T01:00+02:00,1397,2754.08,2946.6,20.95163281
2015-03-03T02:00+02:00,1403,2783.11,2662.2,15.16777017
2015-03-03T03:00+02:00,1403,2808.8,2471.2,12.17147346
2015-03-03T04:00+02:00,1403,2935.57,2403.8,12.5597576
2015-03-03T05:00+02:00,1403,2921.41,2682.4,18.44237459
2015-03-03T06:00+02:00,1403,3133.47,3285.7,39.8024913
2015-03-03T07:00+02:00,1403,3393.38,3708.9,49.15273258
2015-03-03T08:00+02:00,1403,3448.61,4033.1,54.53933341
2015-03-03T09:00+02:00,1397,3511.89,4535.9,55.66154191
2015-03-03T10:00+02:00,1396,3460.5,4397.8,49.37717428
2015-03-03T11:00+02:00,1381,3090.49,4706.2,44.43945685
2015-03-03T12:00+02:00,1381,3181.16,4563.2,40.17506453
2015-03-03T13:00+02:00,1394,3220.41,4527.8,32.31960498
2015-03-03T14:00+02:00,1372,3165.71,4557.2,37.63438447
2015-03-03T15:00+02:00,1381,3282.37,4336.2,40.60374818
2015-03-03T16:00+02:00,1401,3267.54,4338.8,45.90954999
2015-03-03T17:00+02:00,1403,3602.27,4302.2,51.39714959
2015-03-03T18:00+02:00,1403,3811,4725.2,56.33486702
2015-03-03T19:00+02:00,1404,3689.6,4819,56.33486702
2015-03-03T20:00+02:00,1403,3695.2,4604.6,49.37717428
2015-03-03T21:00+02:00,1404,3316.89,4763.8,45.33722366
2015-03-03T22:00+02:00,1416,3005.66,4126.3,26.70856245
2015-03-03T23:00+02:00,1421,3097.84,3755.8,26.70856245
2015-03-04T00:00+02:00,1422,2909.9,3676.2,19.52642801
2015-03-04T01:00+02:00,1421,2876.72,3592,11.22359649
2015-03-04T02:00+02:00,1421,2803.89,3658,10.77465263
2015-03-04T03:00+02:00,1422,2767.53,3520,17.29107275
2015-03-04T04:00+02:00,1422,2797.79,3502.9,17.2506678
2015-03-04T05:00+02:00,1421,2824.78,3330.9,19.27540461
2015-03-04T06:00+02:00,1421,2926.63,3732.1,26.71215964
2015-03-04T07:00+02:00,1421,3117.73,4239.9,44.4454421
2015-03-04T08:00+02:00,1421,3247.7,4332.1,52.7509035
2015-03-04T09:00+02:00,1397,3232.86,4243.9,54.77115087
2015-03-04T10:00+02:00,1390,3119.75,4058.7,53.87326315
2015-03-04T11:00+02:00,1375,3197.6,4108.5,49.90010999
2015-03-04T12:00+02:00,1366,3241.08,4096.9,51.40407192
2015-03-04T13:00+02:00,1393,3258.11,4072.9,51.62854385
2015-03-04T14:00+02:00,1400,3206.41,3952.7,47.13910525
2015-03-04T15:00+02:00,1395,3123.8,3993.7,46.91463333
2015-03-04T16:00+02:00,1384,3261.34,3737.3,50.23681789
2015-03-04T17:00+02:00,1397,3254.13,3995.7,55.66903859
2015-03-04T18:00+02:00,1409,3255.42,4474.9,55.66903859
2015-03-04T19:00+02:00,1408,3461.47,4634.1,60.83189297
2015-03-04T20:00+02:00,1408,3486.71,4300.7,58.36270174
2015-03-04T21:00+02:00,1408,3366.01,3866.3,47.13686054
2015-03-04T22:00+02:00,1409,3463.82,3600.5,42.43866305
2015-03-04T23:00+02:00,1409,3406.8,3086.7,42.41846057
2015-03-05T00:00+02:00,1409,3254.63,2646.6,40.18047543
2015-03-05T01:00+02:00,1413,2828.93,2656.2,26.37073368
2015-03-05T02:00+02:00,1417,2839.9,2520.4,24.16586046
2015-03-05T03:00+02:00,1417,2993.02,2473.2,22.57520193
2015-03-05T04:00+02:00,1416,2963.41,2464,23.0139267
2015-03-05T05:00+02:00,1416,2956.49,2680.6,24.99381286
2015-03-05T06:00+02:00,1416,3232.33,3280,35.1182307
2015-03-05T07:00+02:00,1416,3370.65,3772.2,45.16390308
2015-03-05T08:00+02:00,1414,3494.73,3946.4,48.6557023
2015-03-05T09:00+02:00,1379,3492.96,4098.4,51.52203748
2015-03-05T10:00+02:00,1391,3503.66,4048.4,49.27216685
2015-03-05T11:00+02:00,1362,3541.34,4044.4,46.34733503
2015-03-05T12:00+02:00,1357,3572.17,4104.4,44.54743852
2015-03-05T13:00+02:00,1399,3483.88,4138,41.17713231
2015-03-05T14:00+02:00,1401,3450.65,4222,35.99568025
2015-03-05T15:00+02:00,1393,3575.84,4414.4,35.47596013
2015-03-05T16:00+02:00,1375,3570.15,4390.4,37.64708529
2015-03-05T17:00+02:00,1404,3480.32,4760.6,40.03419803
2015-03-05T18:00+02:00,1411,3580.72,5439,46.34733503
2015-03-05T19:00+02:00,1410,3633.44,5529,45.8973609
2015-03-05T20:00+02:00,1410,3589.46,5216.4,44.77242559
2015-03-05T21:00+02:00,1409,3566.6,4397.6,33.52307242
2015-03-05T22:00+02:00,1410,3584.87,3896,22.49870632
2015-03-05T23:00+02:00,1410,3411.96,3517.4,26.77346053
2015-03-06T00:00+02:00,1410,3297.49,3406.94,10.79937904
2015-03-06T01:00+02:00,1410,2908.17,3559.54,28.90691525
2015-03-06T02:00+02:00,1417,2776.8,3679.34,19.49536145
2015-03-06T03:00+02:00,1421,2812.76,3610.34,10.75606149
2015-03-06T04:00+02:00,1421,2961.43,3399.14,10.75606149
2015-03-06T05:00+02:00,1421,3051.14,3822.94,10.75606149
2015-03-06T06:00+02:00,1421,3083.84,4586.34,26.66606911
2015-03-06T07:00+02:00,1421,3164.76,5263.14,31.14776139
2015-03-06T08:00+02:00,1414,3358.82,5376.74,44.2746381
2015-03-06T09:00+02:00,1380,3394.54,5576.14,44.59283826
2015-03-06T10:00+02:00,1385,3401.86,5509.54,44.59283826
2015-03-06T11:00+02:00,1403,3343.72,5419.14,40.33523058
2015-03-06T12:00+02:00,1390,3127.91,5647.24,38.9907229
2015-03-06T13:00+02:00,1390,3099.98,5526.64,31.14776139
2015-03-06T14:00+02:00,1399,2969.25,5612.84,30.69959217
2015-03-06T15:00+02:00,1411,2782.92,5651.04,26.66606911
2015-03-06T16:00+02:00,1414,2740.23,5774.04,26.66606911
2015-03-06T17:00+02:00,1416,2788.33,5919.24,30.69959217
2015-03-06T18:00+02:00,1416,3010.13,6064.04,40.33523058
2015-03-06T19:00+02:00,1416,3058.54,6212.84,44.36875364
2015-03-06T20:00+02:00,1416,3097.3,5689.84,40.11114597
2015-03-06T21:00+02:00,1415,2877.07,5394.64,26.66606911
2015-03-06T22:00+02:00,1415,2734.76,4922.24,8.515215345
2015-03-06T23:00+02:00,1415,2601.58,4547.44,7.842961502
2015-03-07T00:00+02:00,1415,2347.8,4477.3,2.760722449
2015-03-07T01:00+02:00,1421,2305.86,4227.9,2.240846144
2015-03-07T02:00+02:00,1421,2244.46,4259.7,1.5685923
2015-03-07T03:00+02:00,1422,2283.69,4186.1,1.120423072
2015-03-07T04:00+02:00,1422,2270.98,4279.3,1.120423072
2015-03-07T05:00+02:00,1422,2343.88,4210.1,2.240846144
2015-03-07T06:00+02:00,1424,2370.76,4192.7,2.760722449
2015-03-07T07:00+02:00,1423,2412.39,4636.7,2.760722449
2015-03-07T08:00+02:00,1423,2776.26,4761.9,10.75606149
2015-03-07T09:00+02:00,1422,2857.45,4782.7,10.75606149
2015-03-07T10:00+02:00,1422,2764.18,4897.7,10.75606149
2015-03-07T11:00+02:00,1422,2646.69,4923.1,10.75606149
2015-03-07T12:00+02:00,1423,2393.61,5204.1,10.75606149
2015-03-07T13:00+02:00,1423,2355.03,5068.9,2.760722449
2015-03-07T14:00+02:00,1423,2291.58,5019.5,2.760722449
2015-03-07T15:00+02:00,1423,2349.17,5003.5,2.760722449
2015-03-07T16:00+02:00,1423,2453.63,5113.1,10.75606149
2015-03-07T17:00+02:00,1423,2668.83,5059.1,11.87648456
2015-03-07T18:00+02:00,1423,2840.24,5498.7,34.40819253
2015-03-07T19:00+02:00,1422,2890.81,5798.1,44.59283826
2015-03-07T20:00+02:00,1422,2908.47,5608.3,41.90382288
2015-03-07T21:00+02:00,1422,2844.42,4969.5,21.96029221
2015-03-07T22:00+02:00,1422,2794.41,4215.5,10.75606149
2015-03-07T23:00+02:00,1423,2712.96,4069.7,2.760722449
2015-03-08T00:00+02:00,1423,2405.2,3994.22,2.240846144
2015-03-08T01:00+02:00,1423,2249.91,4106.62,2.240846144
2015-03-08T02:00+02:00,1423,2307.53,3895.42,2.240846144
2015-03-08T03:00+02:00,1422,2369.23,3825.02,2.240846144
2015-03-08T04:00+02:00,1422,2429.55,3665.62,2.760722449
2015-03-08T05:00+02:00,1423,2481.56,3758.82,2.760722449
2015-03-08T06:00+02:00,1423,2475.43,3644.6,2.760722449
2015-03-08T07:00+02:00,1423,2465.6,3888,2.760722449
2015-03-08T08:00+02:00,1423,2469.49,3962.2,2.760722449
2015-03-08T09:00+02:00,1423,2282.51,4344,2.760722449
2015-03-08T10:00+02:00,1423,2164.05,4370.2,2.760722449
2015-03-08T11:00+02:00,1423,2156.31,4352.8,2.240846144
2015-03-08T12:00+02:00,1423,2155.48,4422.6,2.240846144
2015-03-08T13:00+02:00,1423,2184.71,4288.4,2.760722449
2015-03-08T14:00+02:00,1423,2204.06,4268.8,2.760722449
2015-03-08T15:00+02:00,1423,2279.94,4198.6,6.901806122
2015-03-08T16:00+02:00,1422,2275.45,4286.6,12.55097925
2015-03-08T17:00+02:00,1422,2446.38,4278.2,18.30771299
2015-03-08T18:00+02:00,1423,2694.48,4784.8,28.57527002
2015-03-08T19:00+02:00,1423,2749.46,4953.8,41.90382288
2015-03-08T20:00+02:00,1423,2766.42,4879.4,43.96764218
2015-03-08T21:00+02:00,1422,2731.21,4404.8,37.99578721
2015-03-08T22:00+02:00,1422,2753.81,4144,33.59252454
2015-03-08T23:00+02:00,1422,2669.7,3652.6,31.14776139
2015-03-09T00:00+02:00,1421,2400.27,3732.1,26.66606911
2015-03-09T01:00+02:00,1421,2289.91,3509.5,9.009009009
2015-03-09T02:00+02:00,1421,2258.83,3514.9,4.504504505
2015-03-09T03:00+02:00,1421,2277.84,3583.3,4.504504505
2015-03-09T04:00+02:00,1421,2235.86,3696.7,10.81081081
2015-03-09T05:00+02:00,1421,2434.39,3731.9,23.42117117
2015-03-09T06:00+02:00,1421,2715.68,4180.7,29.20045045
2015-03-09T07:00+02:00,1421,2834.28,4867,40.31531532
2015-03-09T08:00+02:00,1422,2829.11,5121.8,45.27027027
2015-03-09T09:00+02:00,1390,2796.31,5187.4,45.94594595
2015-03-09T10:00+02:00,1379,2730.35,5084.2,44.59459459
2015-03-09T11:00+02:00,1389,2805.85,4959.6,41.56306306
2015-03-09T12:00+02:00,1353,2828.1,4799.4,38.57657658
2015-03-09T13:00+02:00,1369,2954.94,4483.4,36.29504505
2015-03-09T14:00+02:00,1385,2934.22,4141.4,36.82207207
2015-03-09T15:00+02:00,1391,2941.62,4228,37.83783784
2015-03-09T16:00+02:00,1363,3123.36,4120,40.88963964
2015-03-09T17:00+02:00,1365,3169.06,4137.6,43.69369369
2015-03-09T18:00+02:00,1401,3260.04,4814.2,48
2015-03-09T19:00+02:00,1404,3522.98,5343.2,60.00675676
2015-03-09T20:00+02:00,1404,3532.69,4892,57.4527027
2015-03-09T21:00+02:00,1404,3392.06,4520.4,49.32432432
2015-03-09T22:00+02:00,1405,3030.76,3296,40.0518018
2015-03-09T23:00+02:00,1405,3129.49,2883.6,40.31531532
2015-03-10T00:00+02:00,1405,3028.6,3214.2,33.59009009
2015-03-10T01:00+02:00,1405,3022.03,3136.2,28.45546736
2015-03-10T02:00+02:00,1414,3037.77,3086.6,27.97427653
2015-03-10T03:00+02:00,1415,3072.84,3114.2,26.84100465
2015-03-10T04:00+02:00,1414,3063.79,3130,26.75780811
2015-03-10T05:00+02:00,1415,3100.92,3270.2,27.49533425
2015-03-10T06:00+02:00,1415,3186.25,3683,34.40289614
2015-03-10T07:00+02:00,1414,3238.27,4158.8,38.86852697
2015-03-10T08:00+02:00,1413,3635.82,4359.8,45.49501945
2015-03-10T09:00+02:00,1414,3713.38,4378.6,47.86949385
2015-03-10T10:00+02:00,1413,3693.44,4280,44.521395
2015-03-10T11:00+02:00,1409,3584.58,3941.6,42.2728397
2015-03-10T12:00+02:00,1410,3547.5,3586.4,44.36174758
2015-03-10T13:00+02:00,1413,3657.43,3462.2,44.521395
2015-03-10T14:00+02:00,1413,3582.06,3457.2,44.38198457
2015-03-10T15:00+02:00,1413,3472.95,3440.8,44.521395
2015-03-10T16:00+02:00,1413,3485.5,3528.4,45.29939514
2015-03-10T17:00+02:00,1413,3467.89,3351.8,46.23029703
2015-03-10T18:00+02:00,1413,3672.52,4300.6,51.49191644
2015-03-10T19:00+02:00,1414,3718.94,4592.6,60.34672723
2015-03-10T20:00+02:00,1414,3727.96,4509.4,61.83527084
2015-03-10T21:00+02:00,1413,3676.79,3339.4,52.5352461
2015-03-10T22:00+02:00,1414,3704.24,2854.2,40.47399546
2015-03-10T23:00+02:00,1414,3718.94,2581.2,44.521395
2015-03-11T00:00+02:00,1414,3253.39,2388.2,38.63467722
2015-03-11T01:00+02:00,1415,3067.12,2232.4,38.7552054
2015-03-11T02:00+02:00,1414,3133.12,2016,32.09679235
2015-03-11T03:00+02:00,1414,3026.53,1948.4,26.96904896
2015-03-11T04:00+02:00,1414,3056.56,2024.4,28.13731007
2015-03-11T05:00+02:00,1415,3186.68,2313.2,33.31457513
2015-03-11T06:00+02:00,1415,3295.22,2770,40.29262802
2015-03-11T07:00+02:00,1415,3325.9,3498,42.96004502
2015-03-11T08:00+02:00,1414,3347.41,3679.4,47.1558807
2015-03-11T09:00+02:00,1414,3248.46,3773.6,47.01631964
2015-03-11T10:00+02:00,1414,3212.34,3702,46.53911086
2015-03-11T11:00+02:00,1376,3229.75,3481.4,46.56162071
2015-03-11T12:00+02:00,1366,3205.32,3204,44.56949916
2015-03-11T13:00+02:00,1403,3221.19,3325.8,44.33314575
2015-03-11T14:00+02:00,1405,3205.07,3202.6,43.49127743
2015-03-11T15:00+02:00,1392,3226.56,3146.6,40.51547552
2015-03-11T16:00+02:00,1383,3289.8,3076.4,40.29262802
2015-03-11T17:00+02:00,1403,3302.8,3185.4,42.11367473
2015-03-11T18:00+02:00,1404,3320.57,3972.2,46.01688239
2015-03-11T19:00+02:00,1409,3503.69,4463.6,58.28925155
2015-03-11T20:00+02:00,1408,3679.53,4079.4,61.90208216
2015-03-11T21:00+02:00,1409,3452.59,3480,50.87225661
2015-03-11T22:00+02:00,1419,3426.46,3122.4,40.51772651
2015-03-11T23:00+02:00,1419,3283.17,2722,40.51772651
2015-03-12T00:00+02:00,1419,2891.34,2535.98,37.64997186
2015-03-12T01:00+02:00,1419,2790.93,2568.98,30.90045687
2015-03-12T02:00+02:00,1419,2760.43,2497.58,30.01147796
2015-03-12T03:00+02:00,1420,2743.4,2446.78,29.01222065
2015-03-12T04:00+02:00,1421,2867.22,2399.98,28.94920442
2015-03-12T05:00+02:00,1421,2875,2421.98,30.24103707
2015-03-12T06:00+02:00,1420,2986.28,2881.92,35.22156955
2015-03-12T07:00+02:00,1420,3303.76,3537.12,44.70101051
2015-03-12T08:00+02:00,1408,3495.48,3725.12,51.76332906
2015-03-12T09:00+02:00,1392,3452.31,3729.52,50.43323656
2015-03-12T10:00+02:00,1393,3263.54,3512.72,45.93657867
2015-03-12T11:00+02:00,1391,3078.87,3448.72,44.70551167
2015-03-12T12:00+02:00,1391,3066.46,3445.52,43.66124277
2015-03-12T13:00+02:00,1369,3148.49,3542.72,44.2621475
2015-03-12T14:00+02:00,1364,3107.36,3363.12,44.01233318
2015-03-12T15:00+02:00,1370,3087.72,3339.12,43.45869061
2015-03-12T16:00+02:00,1375,3161.74,3388.12,42.31089506
2015-03-12T17:00+02:00,1377,3170.58,3490.72,44.15862084
2015-03-12T18:00+02:00,1388,3277.78,3960.12,46.3619382
2015-03-12T19:00+02:00,1405,3511.56,4139.12,55.8143722
2015-03-12T20:00+02:00,1404,3544.06,3979.52,58.51506763
2015-03-12T21:00+02:00,1405,3267.46,3527.12,46.31017487
2015-03-12T22:00+02:00,1404,3072.45,2945.52,38.62894695
2015-03-12T23:00+02:00,1404,3205.36,2540.92,40.28537348
2015-03-13T00:00+02:00,1408,2913.32,2376.92,30.83293948
2015-03-13T01:00+02:00,1407,3056.33,2351.12,28.41372474
2015-03-13T02:00+02:00,1416,3067.44,2406.52,27.03944849
2015-03-13T03:00+02:00,1420,2947.19,2424.32,26.42215063
2015-03-13T04:00+02:00,1420,2911.51,2668.32,26.1698245
2015-03-13T05:00+02:00,1421,3004.03,2838.12,26.98763151
2015-03-13T06:00+02:00,1421,2944.31,3446.12,30.49541532
2015-03-13T07:00+02:00,1420,3183.65,3824.92,42.35474351
2015-03-13T08:00+02:00,1420,3383.66,3944.92,48.75751909
2015-03-13T09:00+02:00,1414,3450.57,3783.72,49.25766553
2015-03-13T10:00+02:00,1416,3259.21,3784.52,45.69355892
2015-03-13T11:00+02:00,1404,3130.22,3573.32,42.86164868
2015-03-13T12:00+02:00,1396,3037.64,3555.42,40.04776173
2015-03-13T13:00+02:00,1409,3100.31,3591.12,37.84891973
2015-03-13T14:00+02:00,1419,3017.19,3364.32,37.84891973
2015-03-13T15:00+02:00,1419,3040.98,3301.12,35.04179152
2015-03-13T16:00+02:00,1419,3057.84,3252.12,36.73598126
2015-03-13T17:00+02:00,1420,3113.98,3596.32,36.52646045
2015-03-13T18:00+02:00,1420,3242.78,3876.92,42.49892987
2015-03-13T19:00+02:00,1420,3499.65,4356.32,51.20643432
2015-03-13T20:00+02:00,1420,3521.21,4002.92,55.87221484
2015-03-13T21:00+02:00,1420,3341.23,3593.72,42.48991822
2015-03-13T22:00+02:00,1421,3268.73,3163.6,34.44026404
2015-03-13T23:00+02:00,1420,3199.06,2394.8,34.14062676
2015-03-14T00:00+02:00,1418,2697.18,2519,30.28589452
2015-03-14T01:00+02:00,1418,2461.83,2508,30.94149188
2015-03-14T02:00+02:00,1417,2416.58,2340.2,29.43654674
2015-03-14T03:00+02:00,1417,2410.36,2373.8,27.25347512
2015-03-14T04:00+02:00,1417,2413.52,2137.6,26.88399757
2015-03-14T05:00+02:00,1417,2356.58,2329.6,26.80965147
2015-03-14T06:00+02:00,1418,2382.04,2213,26.86146845
2015-03-14T07:00+02:00,1419,2411.88,2871,30.86489287
2015-03-14T08:00+02:00,1411,2530.09,3254.8,40.10183162
2015-03-14T09:00+02:00,1390,2544.7,3359.4,40.32712281
2015-03-14T10:00+02:00,1401,2612.97,3709.2,42.0888999
2015-03-14T11:00+02:00,1402,2612.91,3678.6,40.51186158
2015-03-14T12:00+02:00,1406,2607.96,3823,39.47777502
2015-03-14T13:00+02:00,1407,2594.82,3862.3,35.1138847
2015-03-14T14:00+02:00,1407,2504.94,3861.3,32.60414085
2015-03-14T15:00+02:00,1408,2438.8,3922.3,30.86489287
2015-03-14T16:00+02:00,1411,2488.47,4083.9,30.86489287
2015-03-14T17:00+02:00,1411,2475.43,4069.5,30.86489287
2015-03-14T18:00+02:00,1411,2518.78,4931.3,38.42341226
2015-03-14T19:00+02:00,1412,2699.67,5137.7,45.28352896
2015-03-14T20:00+02:00,1417,2609.49,5097.2,44.60765539
2015-03-14T21:00+02:00,1419,2454.57,4522.6,39.9463807
2015-03-14T22:00+02:00,1418,2393.54,4223.6,30.86489287
2015-03-14T23:00+02:00,1417,2455.54,3656.6,29.06256336
2015-03-15T00:00+02:00,1419,2175.07,3766.2,22.07853651
2015-03-15T01:00+02:00,1419,1993.05,3961.2,4.505823777
2015-03-15T02:00+02:00,1418,2044.72,3647.4,2.775587447
2015-03-15T03:00+02:00,1418,2053.19,3583.2,2.775587447
2015-03-15T04:00+02:00,1419,1999.78,3690.2,2.775587447
2015-03-15T05:00+02:00,1419,2021.76,3623.4,2.775587447
2015-03-15T06:00+02:00,1419,1970.57,3732.4,2.775587447
2015-03-15T07:00+02:00,1419,2004.66,3898.6,2.252911889
2015-03-15T08:00+02:00,1418,2035.79,4094,2.775587447
2015-03-15T09:00+02:00,1419,2046.46,4211.4,2.703494266
2015-03-15T10:00+02:00,1419,2035.02,4208.6,2.252911889
2015-03-15T11:00+02:00,1419,2043.31,4108.4,2.252911889
2015-03-15T12:00+02:00,1418,2087.05,4186.8,2.252911889
2015-03-15T13:00+02:00,1418,2083.71,4051.6,2.775587447
2015-03-15T14:00+02:00,1418,2065.53,4005.8,2.775587447
2015-03-15T15:00+02:00,1417,2084.38,3854.4,11.31187059
2015-03-15T16:00+02:00,1418,2094.31,3683.8,11.62277243
2015-03-15T17:00+02:00,1418,2072.16,3677,15.27924843
2015-03-15T18:00+02:00,1419,2146.62,3889.2,26.80965147
2015-03-15T19:00+02:00,1420,2273.81,4642.8,44.60765539
2015-03-15T20:00+02:00,1419,2296.27,4788,44.98614459
2015-03-15T21:00+02:00,1420,2252.08,4519.6,40.32712281
2015-03-15T22:00+02:00,1419,2188.49,4031.4,30.86489287
2015-03-15T23:00+02:00,1419,2235.52,3301.6,23.13515218
2015-03-16T00:00+02:00,1419,2067.75,3129.74,17.18295897
2015-03-16T01:00+02:00,1419,2050.79,2945.14,16.98589391
2015-03-16T02:00+02:00,1419,2077.35,3003.34,17.03546802
2015-03-16T03:00+02:00,1420,2109.37,3052.14,15.83442246
2015-03-16T04:00+02:00,1419,2166.6,3112.34,15.67217991
2015-03-16T05:00+02:00,1420,2277.42,3244.74,17.03546802
2015-03-16T06:00+02:00,1420,2419.32,3632.74,24.05020506
2015-03-16T07:00+02:00,1418.15,2589.39,4836.52,34.83032133
2015-03-16T08:00+02:00,1418,2702.4,4865.94,44.61670197
2015-03-16T09:00+02:00,1383,2656.95,4935.94,44.75415747
2015-03-16T10:00+02:00,1373,2604.31,4599.74,44.61670197
2015-03-16T11:00+02:00,1373,2641.15,4545.54,40.1099644
2015-03-16T12:00+02:00,1367,2646.28,4595.74,33.57519492
2015-03-16T13:00+02:00,1370,2733.7,4643.34,36.05390058
2015-03-16T14:00+02:00,1335,2689.55,4721.94,33.57519492
2015-03-16T15:00+02:00,1364,2585.62,4793.94,33.57519492
2015-03-16T16:00+02:00,1384,2619.84,4819.34,37.85659561
2015-03-16T17:00+02:00,1381,2719.14,5033.14,40.33530128
2015-03-16T18:00+02:00,1407,2702.76,5070.74,46.419397
2015-03-16T19:00+02:00,1405,2760.48,5860.64,58.10311416
2015-03-16T20:00+02:00,1403,2768.84,5882.54,55.8835459
2015-03-16T21:00+02:00,1402,2724.64,4974.54,45.06737573
2015-03-16T22:00+02:00,1404,2666.66,4256.08,33.57519492
2015-03-16T23:00+02:00,1406,2672.03,4227.88,29.06845734
2015-03-17T00:00+02:00,1407,2644.81,3725.6,18.02695029
2015-03-17T01:00+02:00,1408,2455.4,3818.6,18.00139511
2015-03-17T02:00+02:00,1407,2433.48,3700.2,18.00139511
2015-03-17T03:00+02:00,1413,2370.78,3714.2,11.25087194
2015-03-17T04:00+02:00,1416,2580.99,3597.6,18.00139511
2015-03-17T05:00+02:00,1417,2693.34,3763.4,25.45847303
2015-03-17T06:00+02:00,1419,2640.39,4367.8,28.21943701
2015-03-17T07:00+02:00,1417,2812.72,4663.2,33.52759839
2015-03-17T08:00+02:00,1409,2761.28,4816.4,40.05310412
2015-03-17T09:00+02:00,1355,2642.31,4934.8,37.80292973
2015-03-17T10:00+02:00,1368,2566.32,4876.2,33.52759839
2015-03-17T11:00+02:00,1375,2575.19,4811.2,30.82738912
2015-03-17T12:00+02:00,1370,2757.35,4782,30.82738912
2015-03-17T13:00+02:00,1342,2810.26,4489.6,30.82738912
2015-03-17T14:00+02:00,1328,2896.76,4251.8,29.02724961
2015-03-17T15:00+02:00,1363,2974.35,4266.8,28.65597084
2015-03-17T16:00+02:00,1398,3036.33,4146.8,31.23017034
2015-03-17T17:00+02:00,1401,3258.07,3955.4,35.83627731
2015-03-17T18:00+02:00,1402,3274.48,4595.6,45.45352265
2015-03-17T19:00+02:00,1401,3440.36,5205.4,60.97972593
2015-03-17T20:00+02:00,1400,3518.92,5105.8,63.00488288
2015-03-17T21:00+02:00,1400,3351.51,4146.4,56.47937715
2015-03-17T22:00+02:00,1402,3285.78,3108.4,40.50313899
2015-03-17T23:00+02:00,1403,3072.46,2932.2,38.16970815
2015-03-18T00:00+02:00,1410,3033.75,2773.2,28.01467114
2015-03-18T01:00+02:00,1419,3102.74,2838.4,26.83507889
2015-03-18T02:00+02:00,1419,3038.01,2775.4,25.78774666
2015-03-18T03:00+02:00,1420,2949.95,2958.8,24.38081539
2015-03-18T04:00+02:00,1420,2847.56,3204.2,24.72018699
2015-03-18T05:00+02:00,1420,2782.52,3390.6,25.92709129
2015-03-18T06:00+02:00,1420,2864.89,3633.2,29.71636625
2015-03-18T07:00+02:00,1419,3023.5,4357,38.70184744
2015-03-18T08:00+02:00,1418,3130.5,4680,42.02813863
2015-03-18T09:00+02:00,1418,3062.68,4856.2,40.23014339
2015-03-18T10:00+02:00,1345,3019.59,4796.2,35.18002427
2015-03-18T11:00+02:00,1407,3035.89,4793,30.7906684
2015-03-18T12:00+02:00,1419,2984.08,4589.2,30.47601924
2015-03-18T13:00+02:00,1420,2890.45,4500.4,30.3029622
2015-03-18T14:00+02:00,1420,2871.94,4439,29.79502854
2015-03-18T15:00+02:00,1419,2989.06,4477.8,29.7748011
2015-03-18T16:00+02:00,1420,2872.26,4608.2,32.75048321
2015-03-18T17:00+02:00,1420,3041.99,4914.2,36.09924934
2015-03-18T18:00+02:00,1420,3138.66,5254.8,44.30934508
2015-03-18T19:00+02:00,1419,3247.52,5631,46.29837731
2015-03-18T20:00+02:00,1419,3144.7,5178.2,46.29837731
2015-03-18T21:00+02:00,1419,3122.93,4395.6,45.39937969
2015-03-18T22:00+02:00,1418,3013.33,3700.6,38.89513193
2015-03-18T23:00+02:00,1414,3019.18,3049.8,35.89922237
2015-03-19T00:00+02:00,1414,3016.25,2640,29.72086124
2015-03-19T01:00+02:00,1414,2825.48,2314,28.63670293
2015-03-19T02:00+02:00,1417,2917,2267.4,28.41502861
2015-03-19T03:00+02:00,1418,2947.24,2201.2,28.18204438
2015-03-19T04:00+02:00,1418,2938.92,2237,28.11418489
2015-03-19T05:00+02:00,1418,2934.97,2452,29.21803253
2015-03-19T06:00+02:00,1417,2960.57,2874.4,31.66323599
2015-03-19T07:00+02:00,1417,3304.99,3516.6,42.68361646
2015-03-19T08:00+02:00,1404,3506.04,3798,53.16790699
2015-03-19T09:00+02:00,1399,3490.19,3708.6,53.82388201
2015-03-19T10:00+02:00,1375,3436.3,3666.4,49.53742451
2015-03-19T11:00+02:00,1363,3398.89,3519.8,46.5968468
2015-03-19T12:00+02:00,1383,3428.62,3274.6,44.78726051
2015-03-19T13:00+02:00,1367,3530.89,3198.8,44.78726051
2015-03-19T14:00+02:00,1383,3463.04,3019.8,42.29907937
2015-03-19T15:00+02:00,1365,3442.21,3090.4,40.48949309
2015-03-19T16:00+02:00,1374,3489.92,3109.2,40.48949309
2015-03-19T17:00+02:00,1367,3510.75,3253.4,42.29907937
2015-03-19T18:00+02:00,1396,3509.41,3967.4,46.14671221
2015-03-19T19:00+02:00,1412,3627.43,4809.8,58.21439073
2015-03-19T20:00+02:00,1411,3602.21,4860.6,62.88312335
2015-03-19T21:00+02:00,1409,3467.07,3731.8,52.19751634
2015-03-19T22:00+02:00,1409,3503.4,2926,41.74036961
2015-03-19T23:00+02:00,1410,3322.41,2417.68,38.5758556
2015-03-20T00:00+02:00,1417,3274.66,2258.28,31.70847565
2015-03-20T01:00+02:00,1419,2856.04,2125.68,33.56536235
2015-03-20T02:00+02:00,1419,2729.73,2224.88,30.38904282
2015-03-20T03:00+02:00,1418.77,2770.42,2453.83,29.04417562
2015-03-20T04:00+02:00,1419,2840.34,2767.08,27.86150346
2015-03-20T05:00+02:00,1419,2804.48,3074.68,28.54407425
2015-03-20T06:00+02:00,1419,2705.82,3639.48,31.84879818
2015-03-20T07:00+02:00,1418.93,3037.07,4422.88,40.72221847
2015-03-20T08:00+02:00,1418,3329.46,4438.48,48.39494492
2015-03-20T09:00+02:00,1416,3405.96,4116.88,46.07014935
2015-03-20T10:00+02:00,1373,3405.37,4342.08,44.60363587
2015-03-20T11:00+02:00,1364,3408.43,4522.28,45.50471943
2015-03-20T12:00+02:00,1356,3267.52,4120.08,36.14246131
2015-03-20T13:00+02:00,1361,2904.87,4509.88,27.23074497
2015-03-20T14:00+02:00,1407,2686.53,4543.68,26.8072357
2015-03-20T15:00+02:00,1410,2477.98,4381.48,29.04417562
2015-03-20T16:00+02:00,1411,2380.48,4149.08,28.44720777
2015-03-20T17:00+02:00,1414,2464.31,4070.68,33.56536235
2015-03-20T18:00+02:00,1415,2320.71,4657.78,40.323489
2015-03-20T19:00+02:00,1415,2637.37,5313.58,51.58703341
2015-03-20T20:00+02:00,1415,2692.53,5223.78,55.53603208
2015-03-20T21:00+02:00,1415,2449.84,5055.58,46.35399067
2015-03-20T22:00+02:00,1415,2325.62,4196.98,36.67860602
2015-03-20T23:00+02:00,1417,2361.49,3960.38,35.02737041
2015-03-21T00:00+02:00,1419,2416.71,3504.5,28.62967719
2015-03-21T01:00+02:00,1420,2290.77,4157.3,4.505417765
2015-03-21T02:00+02:00,1419,2224.61,3895.9,3.8296051
2015-03-21T03:00+02:00,1419,2213.18,3861.1,4.505417765
2015-03-21T04:00+02:00,1419,2247.01,3821.1,9.01083553
2015-03-21T05:00+02:00,1419,2369.24,3916.7,18.02167106
2015-03-21T06:00+02:00,1418,2391.18,3519.9,26.25982744
2015-03-21T07:00+02:00,1416,2462.64,3848.1,26.15845554
2015-03-21T08:00+02:00,1414,2657.77,3821.3,29.24016129
2015-03-21T09:00+02:00,1414,2697.4,3695.3,34.36732671
2015-03-21T10:00+02:00,1415,2678.73,3568.9,36.02306774
2015-03-21T11:00+02:00,1417.2,2598.65,3496.51,36.11092339
2015-03-21T12:00+02:00,1417,2490.26,3747.3,34.81561578
2015-03-21T13:00+02:00,1417,2391.33,3492.3,32.47054583
2015-03-21T14:00+02:00,1417,2413.41,3207.9,29.58707846
2015-03-21T15:00+02:00,1418,2419.05,3043.9,29.75377892
2015-03-21T16:00+02:00,1418,2437.07,2996.5,28.06649997
2015-03-21T17:00+02:00,1418,2542.95,2931.9,33.56536235
2015-03-21T18:00+02:00,1418,2666.38,3513.7,46.40580298
2015-03-21T19:00+02:00,1418,2740.2,4131.1,56.48892794
2015-03-21T20:00+02:00,1418,2719.32,3897.1,56.54299295
2015-03-21T21:00+02:00,1417,2662.53,3505.9,51.58703341
2015-03-21T22:00+02:00,1417,2601.45,3164.3,36.84530648
2015-03-21T23:00+02:00,1417,2512.93,2820.2,25.59753103
2015-03-22T00:00+02:00,1417,2377.49,2824.2,19.89141943
2015-03-22T01:00+02:00,1418,2296.81,2882.6,20.2631164
2015-03-22T02:00+02:00,1418,2152,3069.2,18.02167106
2015-03-22T03:00+02:00,1418,2141.44,3075.6,18.29650154
2015-03-22T04:00+02:00,1418,2281.61,2895.2,17.80991642
2015-03-22T05:00+02:00,1418,2384.42,2664.8,17.86623415
2015-03-22T06:00+02:00,1417,2331.5,2403.2,18.02167106
2015-03-22T07:00+02:00,1417,2260.76,2650.2,17.32783672
2015-03-22T08:00+02:00,1418,2261.99,2869.4,20.44333311
2015-03-22T09:00+02:00,1418,2277.82,2827.6,24.9059494
2015-03-22T10:00+02:00,1418,2286.01,2751.4,28.04622559
2015-03-22T11:00+02:00,1418,2274.65,2810.4,28.85494808
2015-03-22T12:00+02:00,1418,2281.71,2842.8,28.92027663
2015-03-22T13:00+02:00,1419,2214.39,2893.4,25.47137933
2015-03-22T14:00+02:00,1419,2250.47,2657.2,24.26392737
2015-03-22T15:00+02:00,1419,2265.84,2550.8,23.86970332
2015-03-22T16:00+02:00,1418,2274.21,2367.2,24.35403573
2015-03-22T17:00+02:00,1419,2295.73,2702.4,33.56536235
2015-03-22T18:00+02:00,1418,2381.82,3483.4,46.40580298
2015-03-22T19:00+02:00,1418,2349.21,3948.2,51.58703341
2015-03-22T20:00+02:00,1417,2354.85,4019,53.79694082
2015-03-22T21:00+02:00,1414,2360.54,3708.8,44.60363587
2015-03-22T22:00+02:00,1416,2303.6,3089.8,34.6444099
2015-03-22T23:00+02:00,1418,2218.94,3695,18.02167106
2015-03-23T00:00+02:00,1419,2020.01,3503.8,2.775337343
2015-03-23T01:00+02:00,1419,1911.51,3133.6,1.589428033
2015-03-23T02:00+02:00,1419,1971.81,2965,0.227061148
2015-03-23T03:00+02:00,1419,2065.56,3111.6,0.227061148
2015-03-23T04:00+02:00,1419,2136.8,3148.2,0.681183443
2015-03-23T05:00+02:00,1419,2117.72,3436.2,2.225199246
2015-03-23T06:00+02:00,1418,2223.3,3814.6,2.797393338
2015-03-23T07:00+02:00,1417,2427.25,4649.8,11.58011853
2015-03-23T08:00+02:00,1417,2656.29,4842,29.81312868
2015-03-23T09:00+02:00,1402,2779.8,4748.8,40.41688427
2015-03-23T10:00+02:00,1389,2897.41,4620,42.4604346
2015-03-23T11:00+02:00,1397,2949.26,4400.2,44.04986263
2015-03-23T12:00+02:00,1365,2971.57,4636.9,45.86635181
2015-03-23T13:00+02:00,1377,2990.17,4381.3,49.72639132
2015-03-23T14:00+02:00,1369,2945.49,4249.7,51.99700279
2015-03-23T15:00+02:00,1376,2957.75,4124.3,51.86757794
2015-03-23T16:00+02:00,1362,2989.74,4044.3,51.99700279
2015-03-23T17:00+02:00,1373,3068.1,3926.5,57.29888059
2015-03-23T18:00+02:00,1405,3046.65,4699,54.42201585
2015-03-23T19:00+02:00,1405,3077.38,5126,61.53357099
2015-03-23T20:00+02:00,1405,2995.26,4947.8,61.53357099
2015-03-23T21:00+02:00,1408,3026.81,4151,56.99234804
2015-03-23T22:00+02:00,1407,2962.24,3550.8,44.95810722
2015-03-23T23:00+02:00,1407,2899.06,2675.8,43.23017189
2015-03-24T00:00+02:00,1407,2759.96,2205.4,33.83211099
2015-03-24T01:00+02:00,1409,2687.07,2012.8,32.36982416
2015-03-24T02:00+02:00,1416,2732.08,1997.2,31.86613727
2015-03-24T03:00+02:00,1416,2722.7,2015.2,30.40952921
2015-03-24T04:00+02:00,1418,2749.12,2052.4,30.23709586
2015-03-24T05:00+02:00,1419,2718.11,2106.6,31.1627907
2015-03-24T06:00+02:00,1420,2820.53,2609.2,36.51730006
2015-03-24T07:00+02:00,1419,2987.21,3659.4,46.14861032
2015-03-24T08:00+02:00,1412,3020.12,3903.6,53.2387975
2015-03-24T09:00+02:00,1389,2963,3989.8,53.09132161
2015-03-24T10:00+02:00,1399,2848.15,3796.2,46.7385139
2015-03-24T11:00+02:00,1376,2790.74,3632.2,42.42768009
2015-03-24T12:00+02:00,1387,2807.02,3630.6,40.61259217
2015-03-24T13:00+02:00,1390,2835.63,3580.8,40.38570618
2015-03-24T14:00+02:00,1389,2756.76,3583,39.18094158
2015-03-24T15:00+02:00,1397,2724.49,3697.2,38.93363585
2015-03-24T16:00+02:00,1414,2796.77,3824.4,42.11911514
2015-03-24T17:00+02:00,1415,2767.05,4100,43.16052184
2015-03-24T18:00+02:00,1419,2801.52,4713.8,44.92342598
2015-03-24T19:00+02:00,1418,2909.38,4926.8,44.01588202
2015-03-24T20:00+02:00,1417,2911.61,4915.8,40.61259217
2015-03-24T21:00+02:00,1416,2720.87,4261.8,33.80601248
2015-03-24T22:00+02:00,1416,2456.2,4034.7,18.15087918
2015-03-24T23:00+02:00,1416,2617.79,3527.1,31.76176971
2015-03-25T00:00+02:00,1416,2523.69,3413.7,18.15087918
2015-03-25T01:00+02:00,1416,2518.56,3122.5,18.11225067
2015-03-25T02:00+02:00,1417,2509.2,3111.7,11.5465598
2015-03-25T03:00+02:00,1416,2440.88,3214.5,7.018497136
2015-03-25T04:00+02:00,1416,2521.81,3283.7,7.018497136
2015-03-25T05:00+02:00,1417,2587.97,3180.4,18.11225067
2015-03-25T06:00+02:00,1417,2680.01,3567.4,31.98849872
2015-03-25T07:00+02:00,1416,2782.3,4116.9,33.73406688
2015-03-25T08:00+02:00,1417,2788.72,4417.2,40.29975775
2015-03-25T09:00+02:00,1417,2789.04,4118.2,38.03572641
2015-03-25T10:00+02:00,1417,2631.33,4108.2,26.94197288
2015-03-25T11:00+02:00,1417,2440.53,4184.4,18.11225067
2015-03-25T12:00+02:00,1417,2362.09,4244,18.11225067
2015-03-25T13:00+02:00,1418,2463.37,4229.6,18.11225067
2015-03-25T14:00+02:00,1417,2583.83,4028.2,18.11225067
2015-03-25T15:00+02:00,1417,2653.36,3946.4,18.11225067
2015-03-25T16:00+02:00,1417,2746.26,3913.2,26.94197288
2015-03-25T17:00+02:00,1417,2779.59,4241.8,33.73406688
2015-03-25T18:00+02:00,1417,2806.72,4812.6,40.75256402
2015-03-25T19:00+02:00,1417,2794.57,5024.2,44.82782042
2015-03-25T20:00+02:00,1416,2738.35,4846.6,43.92220788
2015-03-25T21:00+02:00,1416,2776.32,4356.6,40.52616088
2015-03-25T22:00+02:00,1417,2645.48,3869.2,26.94197288
2015-03-25T23:00+02:00,1417,2682.4,3374,32.88052707
2015-03-26T00:00+02:00,1417,2667.57,3153.6,18.11225067
2015-03-26T01:00+02:00,1418,2508,2857.4,25.86269196
2015-03-26T02:00+02:00,1418,2562.94,2723.6,26.03658537
2015-03-26T03:00+02:00,1420,2590.75,2652.2,24.29990967
2015-03-26T04:00+02:00,1421,2534.18,2630.8,23.8730804
2015-03-26T05:00+02:00,1421,2477.99,2833,26.3730804
2015-03-26T06:00+02:00,1421,2619.54,3188.5,28.75338753
2015-03-26T07:00+02:00,1420,2854.02,3690.3,35.87398374
2015-03-26T08:00+02:00,1420,2889.75,4269.7,46.52213189
2015-03-26T09:00+02:00,1415,2891.81,4023.1,46.0704607
2015-03-26T10:00+02:00,1401,2801.34,3809.5,44.94128275
2015-03-26T11:00+02:00,1371,2785.38,3939.9,43.81210479
2015-03-26T12:00+02:00,1367,2891.9,3629.7,40.6504065
2015-03-26T13:00+02:00,1373,2909.94,3701.3,41.02755194
2015-03-26T14:00+02:00,1395,2830.35,3721.9,40.42457091
2015-03-26T15:00+02:00,1400,2825.28,3634.1,40.42457091
2015-03-26T16:00+02:00,1393,2829.12,3765.7,40.42457091
2015-03-26T17:00+02:00,1395,2835.14,3873.7,43.81210479
2015-03-26T18:00+02:00,1401,2831.1,4598.3,43.81210479
2015-03-26T19:00+02:00,1400,2898.26,4987.5,43.81210479
2015-03-26T20:00+02:00,1399,2881.96,4767.9,42.23125565
2015-03-26T21:00+02:00,1398,2823.16,4375.7,40.42457091
2015-03-26T22:00+02:00,1398,2777.67,3516.7,37.71454381
2015-03-26T23:00+02:00,1402,2653.83,3074.5,31.98961156
2015-03-27T00:00+02:00,1411,2475.87,2885.9,26.06142728
2015-03-27T01:00+02:00,1411,2661.35,2719.7,27.09802858
2015-03-27T02:00+02:00,1411,2551.56,2636.9,26.79055887
2015-03-27T03:00+02:00,1410,2567.99,2582.1,25.38659794
2015-03-27T04:00+02:00,1410,2623.59,2558.3,24.97287032
2015-03-27T05:00+02:00,1410,2566,2589.1,26.88551275
2015-03-27T06:00+02:00,1410,2764.11,2629.8,29.14858021
2015-03-27T07:00+02:00,1410,3021.15,3551.8,35.77726533
2015-03-27T08:00+02:00,1410,3085.26,3874.4,42.95532646
2015-03-27T09:00+02:00,1411,3046.09,3944,42.93950081
2015-03-27T10:00+02:00,1410,2925.77,3957,41.36371857
2015-03-27T11:00+02:00,1409,3021.13,3964.8,37.98155182
2015-03-27T12:00+02:00,1384,3060.91,3982.4,36.58889492
2015-03-27T13:00+02:00,1371,2969.89,3925.4,33.68601917
2015-03-27T14:00+02:00,1376,2928.44,3796.8,31.38903961
2015-03-27T15:00+02:00,1243,2827.73,3877.6,28.18095496
2015-03-27T16:00+02:00,927,2764.85,4315.2,29.49448363
2015-03-27T17:00+02:00,703,2883.55,4316.4,33.77871224
2015-03-27T18:00+02:00,697,2897.53,4820.94,37.98155182
2015-03-27T19:00+02:00,696,2937.25,5361.34,46.57261711
2015-03-27T20:00+02:00,694,3044.94,5147.34,51.17109785
2015-03-27T21:00+02:00,692,3018.22,4246.14,41.15346356
2015-03-27T22:00+02:00,695,3018.55,3454.34,34.47956231
2015-03-27T23:00+02:00,695,3027.88,2405.34,33.35368059
2015-03-28T00:00+02:00,698,3016.43,2484.14,27.88931091
2015-03-28T01:00+02:00,698,2810.41,2339.34,27.59540604
2015-03-28T02:00+02:00,697,2698.16,2291.54,26.29544221
2015-03-28T03:00+02:00,697,2847.28,2078.54,26.05579671
2015-03-28T04:00+02:00,698,2816.06,2076.14,26.58030385
2015-03-28T05:00+02:00,698,2725.28,2222.74,26.44013384
2015-03-28T06:00+02:00,697,2636.15,2508.1,26.9035992
2015-03-28T07:00+02:00,698,2669.13,3066.5,28.11313077
2015-03-28T08:00+02:00,698,2635.6,3564.8,33.68601917
2015-03-28T09:00+02:00,698,2673.68,3686.4,35.05606801
2015-03-28T10:00+02:00,698,2632.66,3926.4,35.00406945
2015-03-28T11:00+02:00,697,2673.07,3831,33.45993851
2015-03-28T12:00+02:00,697,2758.56,3891.4,31.36190993
2015-03-28T13:00+02:00,697,2866.37,3960.2,27.33315247
2015-03-28T14:00+02:00,696,2891.6,3438.6,25.26451438
2015-03-28T15:00+02:00,697,2818.61,3374.2,23.6073431
2015-03-28T16:00+02:00,697,2822.16,3265,23.50786761
2015-03-28T17:00+02:00,697,2834.73,3396,25.12208356
2015-03-28T18:00+02:00,697,2846.78,3941.6,33.68601917
2015-03-28T19:00+02:00,697,2838.97,4473.8,44.06990414
2015-03-28T20:00+02:00,697,2845.74,4323.6,46.57261711
2015-03-28T21:00+02:00,697,2830.07,3499.6,43.85964912
2015-03-28T22:00+02:00,697,2560.35,3022.4,28.92702116
2015-03-28T23:00+02:00,698,2425.21,2787.48,22.29833605
2015-03-29T00:00+02:00,697,2273.91,2581,13.46310364
2015-03-29T01:00+02:00,698,2288.72,2654,3.000090432
2015-03-29T02:00+02:00,698.84,2231.29,866.7,0.226080666
2015-03-29T04:00+03:00,698.13,2197.41,833.24,0.226080666
2015-03-29T05:00+03:00,696.37,2244.15,812.6,0.226080666
2015-03-29T06:00+03:00,693.72,2324.17,781.23,0.452161331
2015-03-29T07:00+03:00,694.13,2247.98,2730.03,0.990233315
2015-03-29T08:00+03:00,694.32,2313.5,3018.35,6.958762887
2015-03-29T09:00+03:00,694.32,2320.63,3207.94,13.98082836
2015-03-29T10:00+03:00,690.8,2358.46,3183.74,16.0652921
2015-03-29T11:00+03:00,689.52,2729.7,2975.5,21.62009405
2015-03-29T12:00+03:00,690.19,2867.17,2858.33,21.73539519
2015-03-29T13:00+03:00,695.78,2830.14,2795.09,18.50470248
2015-03-29T14:00+03:00,696.03,2800.49,2562.13,14.00343643
2015-03-29T15:00+03:00,694.54,2821.31,2462.9,9.242177609
2015-03-29T16:00+03:00,694.59,2830.04,2381.4,9.251220836
2015-03-29T17:00+03:00,694.64,2797.42,2323.25,13.70274914
2015-03-29T18:00+03:00,695.33,2782.25,2312.34,17.34490866
2015-03-29T19:00+03:00,729.74,2843.74,2939.5,40.24235847
2015-03-29T20:00+03:00,765.17,2903.25,3786.75,47.25085911
2015-03-29T21:00+03:00,847.99,2871.57,3699.86,49.92765419
2015-03-29T22:00+03:00,931.44,2792,2908.01,40.6945198
2015-03-29T23:00+03:00,973.6,2531.84,2368.82,29.16440586
2015-03-30T00:00+03:00,1066,2213.79,2149.6,0.904322662
2015-03-30T01:00+03:00,1129,2175.99,1972.8,0.227123033
2015-03-30T02:00+03:00,1223,2181.08,1314.2,0.227123033
2015-03-30T03:00+03:00,1232,2223.06,1268.2,0.227123033
2015-03-30T04:00+03:00,1233,2237.83,1390.2,0.227123033
2015-03-30T05:00+03:00,1320,2237.33,1731.2,0.227123033
2015-03-30T06:00+03:00,1376,2322.35,2513.8,10.04792296
2015-03-30T07:00+03:00,1380,2473.95,3310.2,27.02764087
2015-03-30T08:00+03:00,1380,2740.27,3974.6,44.06186831
2015-03-30T09:00+03:00,1381,2836.11,4231.2,46.62835858
2015-03-30T10:00+03:00,1385,2832.26,3949,44.97036044
2015-03-30T11:00+03:00,1400,2751.7,4042.2,42.47200709
2015-03-30T12:00+03:00,1404,2723.38,4008.2,39.77378546
2015-03-30T13:00+03:00,1414,2702.68,4013.2,31.57010152
2015-03-30T14:00+03:00,1395,2485.25,4037,27.02764087
2015-03-30T15:00+03:00,1406,2513.8,3975,24.26128234
2015-03-30T16:00+03:00,1410,2428.48,3956,23.11203979
2015-03-30T17:00+03:00,1403,2455.78,3790.2,25.14479093
2015-03-30T18:00+03:00,1415,2561.55,3892,27.03218333
2015-03-30T19:00+03:00,1417,2770.64,4347.2,32.16062141
2015-03-30T20:00+03:00,1399,2983.5,4281.8,46.33309864
2015-03-30T21:00+03:00,1396,2937.21,3996,44.97036044
2015-03-30T22:00+03:00,1396,2792.28,3072,30.15512503
2015-03-30T23:00+03:00,1396,2753.12,2719.2,23.80249381
2015-03-31T00:00+03:00,1396,2554.16,2616.6,11.29709964
2015-03-31T01:00+03:00,1396,2489.76,2618.4,15.15817621
2015-03-31T02:00+03:00,1396,2381.38,2833.6,16.3592277
2015-03-31T03:00+03:00,1398,2438.57,2808.6,14.03643945
2015-03-31T04:00+03:00,1400,2397.74,3003,12.33230602
2015-03-31T05:00+03:00,1401,2436.12,3161.8,12.68355693
2015-03-31T06:00+03:00,1401,2603.51,3518.6,18.2174583
2015-03-31T07:00+03:00,1400,2710.04,3871.6,29.17422045
2015-03-31T08:00+03:00,1400,2957.31,4161.6,35.4922045
2015-03-31T09:00+03:00,1384,2929.81,4120.2,38.5786802
2015-03-31T10:00+03:00,1337,2818.3,4054.2,37.09662799
2015-03-31T11:00+03:00,1357,2828.7,4093.6,31.49927484
2015-03-31T12:00+03:00,1350,2952.51,4210.2,33.53879623
2015-03-31T13:00+03:00,1374,2849.24,3983.8,39.09989123
2015-03-31T14:00+03:00,1355,2839.62,3681.8,39.09989123
2015-03-31T15:00+03:00,1385,2729.82,3686.2,38.09825961
2015-03-31T16:00+03:00,1363,2699.27,3673.7,38.09825961
2015-03-31T17:00+03:00,1362,2551.07,3790.9,40.56381436
2015-03-31T18:00+03:00,1393,2604.59,3669.6,40.66352429
2015-03-31T19:00+03:00,1395,2564.43,4238.8,40.56381436
2015-03-31T20:00+03:00,1396,2790.28,4827.2,48.78761784
2015-03-31T21:00+03:00,1399,2844.32,4565.4,40.79042785
2015-03-31T22:00+03:00,1400,2489.78,4116,24.16153009
2015-03-31T23:00+03:00,1400,2480,3659.4,18.12907904
2015-04-01T00:00+03:00,1401,2196.87,3566.84,2.791878173
2015-04-01T01:00+03:00,1404,2218.22,3400.24,0.226331394
2015-04-01T02:00+03:00,1411,2199.47,3160.64,0.226331394
2015-04-01T03:00+03:00,1411,2237.84,2788.04,0.226331394
2015-04-01T04:00+03:00,1412,2402.68,2839.04,0.226331394
2015-04-01T05:00+03:00,1412,2453.05,3048.04,0.948328543
2015-04-01T06:00+03:00,1412,2700,3642.14,10.86390693
2015-04-01T07:00+03:00,1412,2881.13,4063.34,18.10651155
2015-04-01T08:00+03:00,1411,2795.93,4537.74,33.49704638
2015-04-01T09:00+03:00,1365,2781.1,4626.94,37.95351153
2015-04-01T10:00+03:00,1363,2490.4,4734.04,31.46006383
2015-04-01T11:00+03:00,1388,2397.27,4443.44,18.10651155
2015-04-01T12:00+03:00,1367,2371.22,4515.84,10.86390693
2015-04-01T13:00+03:00,1381,2319.88,4490.04,10.86390693
2015-04-01T14:00+03:00,1391,2308.6,4415.04,4.526627889
2015-04-01T15:00+03:00,1401,2266.78,4452.04,4.187130797
2015-04-01T16:00+03:00,1407,2276.84,4368.64,4.187130797
2015-04-01T17:00+03:00,1407,2265.58,4480.64,4.187130797
2015-04-01T18:00+03:00,1407,2310.34,4636.76,4.187130797
2015-04-01T19:00+03:00,1407,2465.25,4818.56,6.789941833
2015-04-01T20:00+03:00,1407,2613.43,5191.66,15.39053482
2015-04-01T21:00+03:00,1407,2813.65,4775.46,10.86390693
2015-04-01T22:00+03:00,1407,2705.36,4079.86,2.788402779
2015-04-01T23:00+03:00,1408,2402.71,3755.56,2.788402779
2015-04-02T00:00+03:00,1408,2322.15,3537.36,2.788402779
2015-04-02T01:00+03:00,1407,2284.73,3366.36,2.788655243
2015-04-02T02:00+03:00,1407,2314.64,3306.16,3.3952783
2015-04-02T03:00+03:00,1407,2502.43,3126.16,4.527037733
2015-04-02T04:00+03:00,1407,2702.98,2933.96,9.054075466
2015-04-02T05:00+03:00,1408,2829.36,3143.76,13.5811132
2015-04-02T06:00+03:00,1407,2915.31,3384.02,25.55286448
2015-04-02T07:00+03:00,1402,2808.24,4466.22,35.933362
2015-04-02T08:00+03:00,1403,2967.4,4744.02,43.00685846
2015-04-02T09:00+03:00,1388,2892.97,4432.02,42.3278028
2015-04-02T10:00+03:00,1392,2854.89,4432.22,38.39154349
2015-04-02T11:00+03:00,1365,2619.75,4521.82,31.46291224
2015-04-02T12:00+03:00,1371,2821.36,4381.82,19.69261414
2015-04-02T13:00+03:00,1360,3021.85,4299.42,15.39192829
2015-04-02T14:00+03:00,1374,2984.98,4247.02,4.979741506
2015-04-02T15:00+03:00,1394,2634.02,4453.22,3.3952783
2015-04-02T16:00+03:00,1384,2450.27,4589.22,2.788655243
2015-04-02T17:00+03:00,1384,2652.16,4395.82,3.3952783
2015-04-02T18:00+03:00,1395,2937.42,4534.82,19.69261414
2015-04-02T19:00+03:00,1410,2732.98,5064.22,33.93693836
2015-04-02T20:00+03:00,1408,3009.68,5293.82,46.17578488
2015-04-02T21:00+03:00,1408,3019.63,4791.22,44.81767356
2015-04-02T22:00+03:00,1407,2989.94,3951.22,31.46291224
2015-04-02T23:00+03:00,1407,2858.71,3678.42,15.39192829
2015-04-03T00:00+03:00,1407,2471.84,3583,2.788655243
2015-04-03T01:00+03:00,1408,2462.99,3347.8,3.359688221
2015-04-03T02:00+03:00,1407,2429.48,3269.6,1.567854503
2015-04-03T03:00+03:00,1408,2321.4,3225.4,0.268775058
2015-04-03T04:00+03:00,1412,2247.99,3223.6,0.223979215
2015-04-03T05:00+03:00,1417,2324.85,3771.2,0.223979215
2015-04-03T06:00+03:00,1416,2264.04,4424,1.119896074
2015-04-03T07:00+03:00,1415,2334.09,5021.4,2.759423925
2015-04-03T08:00+03:00,1415,2420.59,5236.2,3.359688221
2015-04-03T09:00+03:00,1374,2364.83,5329.4,3.359688221
2015-04-03T10:00+03:00,1386,2267.89,5357.6,2.759423925
2015-04-03T11:00+03:00,1382,2214.92,4860.6,1.567854503
2015-04-03T12:00+03:00,1392,2206.82,5111.2,1.20948776
2015-04-03T13:00+03:00,1377,2233.47,5038.2,1.20948776
2015-04-03T14:00+03:00,1380,2211.05,4804.8,1.20948776
2015-04-03T15:00+03:00,1383,2215.38,4764.8,1.119896074
2015-04-03T16:00+03:00,1369,2272.87,4762.8,1.20948776
2015-04-03T17:00+03:00,1369,2354.71,4874.8,2.239792147
2015-04-03T18:00+03:00,1394,2358.45,5163,3.359688221
2015-04-03T19:00+03:00,1400,2361.41,5505.6,17.69435796
2015-04-03T20:00+03:00,1401,2699.59,5229.4,38.049589
2015-04-03T21:00+03:00,1400,2615.28,5384.8,37.62850807
2015-04-03T22:00+03:00,1400,2463.61,4495.6,10.75100231
2015-04-03T23:00+03:00,1400,2349.79,4255.6,3.359688221
2015-04-04T00:00+03:00,1403,2058.48,4159.58,1.119896074
2015-04-04T01:00+03:00,1400,2040.95,3820.38,0.223979215
2015-04-04T02:00+03:00,1408,2031.03,3811.18,0.223979215
2015-04-04T03:00+03:00,1415,1981.79,3792.18,0.223979215
2015-04-04T04:00+03:00,1415,2054.96,3616.78,0.223979215
2015-04-04T05:00+03:00,1416,2103.74,3686.78,0.223979215
2015-04-04T06:00+03:00,1416,2117.1,3727.58,2.239792147
2015-04-04T07:00+03:00,1416,2150.46,3968.98,8.959168589
2015-04-04T08:00+03:00,1416,2431.08,3847.78,17.91833718
2015-04-04T09:00+03:00,1419,2431.86,4130.58,17.91833718
2015-04-04T10:00+03:00,1419,2317.39,4133.38,12.99079445
2015-04-04T11:00+03:00,1418,2035.49,4270.18,6.719376442
2015-04-04T12:00+03:00,1419,2081.34,4227.38,3.359688221
2015-04-04T13:00+03:00,1419,2138.49,4251.78,3.359688221
2015-04-04T14:00+03:00,1418,2137.87,4090.38,3.359688221
2015-04-04T15:00+03:00,1419,2115.15,4132.98,4.479584295
2015-04-04T16:00+03:00,1420,2328.21,3883.38,12.99079445
2015-04-04T17:00+03:00,1420,2535.5,3856.18,19.48619168
2015-04-04T18:00+03:00,1420,2497.04,3908.78,31.13311085
2015-04-04T19:00+03:00,1420,2513.05,4400.98,40.09227944
2015-04-04T20:00+03:00,1420,2590.31,5096.58,46.13971823
2015-04-04T21:00+03:00,1420,2533.01,4650.58,46.81165588
2015-04-04T22:00+03:00,1419,2474.03,3977.82,43.45196766
2015-04-04T23:00+03:00,1418,2521.68,3251.82,40.09227944
2015-04-05T00:00+03:00,1419,2493.72,2890.42,30.02217394
2015-04-05T01:00+03:00,1418,2351.41,2731.82,30.19911752
2015-04-05T02:00+03:00,1419,2244.5,2768.02,23.28039958
2015-04-05T03:00+03:00,1419,2235.12,2756.22,22.25233498
2015-04-05T04:00+03:00,1418,2205.13,2609.02,21.92756512
2015-04-05T05:00+03:00,1418,2303.64,2393.62,21.75958071
2015-04-05T06:00+03:00,1418,2322.95,2397.32,22.95786951
2015-04-05T07:00+03:00,1418,2329.6,2495.12,21.31610187
2015-04-05T08:00+03:00,1419,2395.24,2694.32,23.86722512
2015-04-05T09:00+03:00,1419,2364.39,2984.12,27.99516205
2015-04-05T10:00+03:00,1419,2188.17,3197.32,29.65932761
2015-04-05T11:00+03:00,1420,2118.8,3447.12,24.8146572
2015-04-05T12:00+03:00,1420,2108.69,3209.32,6.719376442
2015-04-05T13:00+03:00,1421,2043.32,3384.92,0.895916859
2015-04-05T14:00+03:00,1421,2028.47,2988.52,0.223979215
2015-04-05T15:00+03:00,1421,1934.92,3543.52,0.223979215
2015-04-05T16:00+03:00,1420,1910.91,3608.12,0.223979215
2015-04-05T17:00+03:00,1421,1854.71,3775.52,0.223979215
2015-04-05T18:00+03:00,1421,1899.89,3896.36,0.223979215
2015-04-05T19:00+03:00,1421,1949.14,4826.36,3.359688221
2015-04-05T20:00+03:00,1421,1969.09,4950.56,30.68515242
2015-04-05T21:00+03:00,1421,2104.22,4658.56,37.40452886
2015-04-05T22:00+03:00,1420,2228.81,3990.16,33.37290299
2015-04-05T23:00+03:00,1419,2204.73,3586.96,13.43875288
2015-04-06T00:00+03:00,1419,2195.73,3341.16,3.359688221
2015-04-06T01:00+03:00,1420,2264.01,3112.76,25.86917825
2015-04-06T02:00+03:00,1421,2281.27,3043.56,23.92915887
2015-04-06T03:00+03:00,1421,2292.61,3224.96,20.98420495
2015-04-06T04:00+03:00,1421,2324.33,3449.96,20.39611545
2015-04-06T05:00+03:00,1422,2470.9,3570.52,20.80394764
2015-04-06T06:00+03:00,1421,2584.24,4044.32,22.80931029
2015-04-06T07:00+03:00,1420,2604.87,4748.72,20.89407629
2015-04-06T08:00+03:00,1420,2674.45,5057.92,23.89986706
2015-04-06T09:00+03:00,1407,2623.69,5225.32,25.37121741
2015-04-06T10:00+03:00,1394,2657.11,5588.72,24.01252788
2015-04-06T11:00+03:00,1379,2677.2,5806.12,23.38162727
2015-04-06T12:00+03:00,1363,2719.66,5872.92,22.88366643
2015-04-06T13:00+03:00,1386,2666.2,5794.32,20.98420495
2015-04-06T14:00+03:00,1356,2679.28,5754.72,18.02573173
2015-04-06T15:00+03:00,1362,2676.03,5656.52,14.42734504
2015-04-06T16:00+03:00,1336,2633.49,5711.32,14.12766724
2015-04-06T17:00+03:00,1334,2611.25,5736.92,14.12766724
2015-04-06T18:00+03:00,1403,2574.11,5807.92,17.92433699
2015-04-06T19:00+03:00,1409,2634.3,5935.92,23.62948108
2015-04-06T20:00+03:00,1412,2702.3,6202.72,33.24846218
2015-04-06T21:00+03:00,1259,2643.72,6571.92,36.52463892
2015-04-06T22:00+03:00,697,2603.65,5614.72,26.81327595
2015-04-06T23:00+03:00,694,2646.9,5181.72,20.16178094
2015-04-07T00:00+03:00,692,2597.19,4953,4.506432933
2015-04-07T01:00+03:00,692,2417.22,4930.2,0.861053204
2015-04-07T02:00+03:00,692,2499.29,4794.6,0.679778845
2015-04-07T03:00+03:00,692,2470.05,4759.2,0.453185897
2015-04-07T04:00+03:00,692,2551.58,4668,0.226592948
2015-04-07T05:00+03:00,692,2658.37,4849.8,0.226592948
2015-04-07T06:00+03:00,692,2701.89,5682.8,1.586150639
2015-04-07T07:00+03:00,692,2751.29,6285.6,18.12743587
2015-04-07T08:00+03:00,692,2799.55,6764.2,26.96456086
2015-04-07T09:00+03:00,695,2789.4,6641.8,31.04323393
2015-04-07T10:00+03:00,695,2828.2,6132.8,26.96456086
2015-04-07T11:00+03:00,695,3119.49,5845,18.12743587
2015-04-07T12:00+03:00,690,3223.09,5937.4,18.12743587
2015-04-07T13:00+03:00,690,3286.95,5819.4,18.12743587
2015-04-07T14:00+03:00,648,3117.55,5870.2,9.063717937
2015-04-07T15:00+03:00,648,3023.34,5802,3.398894226
2015-04-07T16:00+03:00,683,2914.43,5845.2,2.791625125
2015-04-07T17:00+03:00,693,2917.3,5812,3.398894226
2015-04-07T18:00+03:00,692,2957.38,5827.4,6.797788453
2015-04-07T19:00+03:00,693,3154.93,6231.8,19.03380767
2015-04-07T20:00+03:00,693,3265.44,6656,31.49641983
2015-04-07T21:00+03:00,692,3170.76,6054.4,24.69863138
2015-04-07T22:00+03:00,692,3089.66,5437.8,2.791625125
2015-04-07T23:00+03:00,693,2811.37,5054.2,1.132964742
2015-04-08T00:00+03:00,694,2737.04,4755.6,0.453185897
2015-04-08T01:00+03:00,693,2693.92,4716.4,30.06639985
2015-04-08T02:00+03:00,693,2673.86,4538.4,27.06021466
2015-04-08T03:00+03:00,694,2664.52,4534.6,27.06021466
2015-04-08T04:00+03:00,694,2737.59,4565.2,27.06021466
2015-04-08T05:00+03:00,694,2763.8,4691.8,28.24722576
2015-04-08T06:00+03:00,693,2754.89,5280.2,30.5689467
2015-04-08T07:00+03:00,693,2962.57,5879.2,41.84100418
2015-04-08T08:00+03:00,693,3133.16,6039.8,45.47935237
2015-04-08T09:00+03:00,695,2952.22,5985,45.47935237
2015-04-08T10:00+03:00,695,2872.68,5929.6,43.20538476
2015-04-08T11:00+03:00,695,2923.95,6081.2,40.70402037
2015-04-08T12:00+03:00,697,2881.19,6133.5,40.47662361
2015-04-08T13:00+03:00,703,2680.12,5695.7,38.59377842
2015-04-08T14:00+03:00,701,2716.65,5519.2,40.06503547
2015-04-08T15:00+03:00,715,2757.78,5249.2,40.47662361
2015-04-08T16:00+03:00,760,2794.68,5235.2,41.84100418
2015-04-08T17:00+03:00,891,2784.31,5308.8,45.02455885
2015-04-08T18:00+03:00,1016,2875.14,5423.7,46.61633618
2015-04-08T19:00+03:00,1117,2767.66,5735.7,50.82317628
2015-04-08T20:00+03:00,1211,2820.9,6125.8,54.80261961
2015-04-08T21:00+03:00,1220,2743.78,5760.4,52.30125523
2015-04-08T22:00+03:00,1282,2740.18,5185.2,45.47935237
2015-04-08T23:00+03:00,1350,2519.98,4685.4,40.93141714
2015-04-09T00:00+03:00,1364,2448.8,4554.8,34.10951428
2015-04-09T01:00+03:00,1379,2207.06,4634,25
2015-04-09T02:00+03:00,1385,2065.23,4489.4,4.659090909
2015-04-09T03:00+03:00,1384,2062.32,4494,3.409090909
2015-04-09T04:00+03:00,1385,2126.78,4476.6,3.863636364
2015-04-09T05:00+03:00,1388,2265.11,4593.8,18.18181818
2015-04-09T06:00+03:00,1390,2471.08,4978.3,32.56363636
2015-04-09T07:00+03:00,1390,2585.74,5731.1,42.5
2015-04-09T08:00+03:00,1399,2608.13,5582.6,44.38636364
2015-04-09T09:00+03:00,1379,2614.67,5684,42.5
2015-04-09T10:00+03:00,1368,2557.33,5713.7,31.59090909
2015-04-09T11:00+03:00,1389,2350.05,5782.7,18.18181818
2015-04-09T12:00+03:00,1347,2060.88,5966.3,4.772727273
2015-04-09T13:00+03:00,1366,2041.52,5790.7,3.863636364
2015-04-09T14:00+03:00,1368,2029,5669.5,2.727272727
2015-04-09T15:00+03:00,1375,2012.33,5562.6,1.590909091
2015-04-09T16:00+03:00,1377,2017.29,5490,1.590909091
2015-04-09T17:00+03:00,1385,2094.58,5488,2.8
2015-04-09T18:00+03:00,1408,2134.16,5535.6,6.590909091
2015-04-09T19:00+03:00,1407,2350.52,5975.6,31.59090909
2015-04-09T20:00+03:00,1408,2559.85,6400.3,44.31818182
2015-04-09T21:00+03:00,1409,2483.18,5712.9,44.09090909
2015-04-09T22:00+03:00,1406,2491.43,5538.5,31.59090909
2015-04-09T23:00+03:00,1405,2510.59,4442.9,27.04545455
2015-04-10T00:00+03:00,1404,2541.83,4506.2,18.18181818
2015-04-10T01:00+03:00,1405,2465.32,4152.4,18.14593871
2015-04-10T02:00+03:00,1406,2437.74,4018,11.56803593
2015-04-10T03:00+03:00,1404,2398.08,3889.6,11.56803593
2015-04-10T04:00+03:00,1408,2476.97,4082.6,18.14593871
2015-04-10T05:00+03:00,1408,2492.19,4351.2,26.99208383
2015-04-10T06:00+03:00,1408,2482.3,4372.6,30.96377617
2015-04-10T07:00+03:00,1408,2520.55,4951,43.09660444
2015-04-10T08:00+03:00,1389,2562.03,5167.4,46.49896795
2015-04-10T09:00+03:00,1326,2535.74,5197.8,49.67450722
2015-04-10T10:00+03:00,1375,2400.39,4878,47.40853313
2015-04-10T11:00+03:00,1380,2410.77,4315,43.54117994
2015-04-10T12:00+03:00,1394,2437.16,4070.1,37.96357203
2015-04-10T13:00+03:00,1365,2352.24,4055.1,33.33635766
2015-04-10T14:00+03:00,1365,2250.87,4131.1,31.52856851
2015-04-10T15:00+03:00,1377,2353.3,4017.1,30.64168576
2015-04-10T16:00+03:00,1378,2344.07,3906.9,31.52856851
2015-04-10T17:00+03:00,1396,2498.16,3815.7,36.64345499
2015-04-10T18:00+03:00,1410,2487.49,3861.5,40.8283621
2015-04-10T19:00+03:00,1409,2546.96,4067.1,46.49896795
2015-04-10T20:00+03:00,1410,2665.3,5133.3,52.53249257
2015-04-10T21:00+03:00,1410,2628.51,4951.3,52.1695738
2015-04-10T22:00+03:00,1410,2535.83,4254.7,45.965931
2015-04-10T23:00+03:00,1409,2555.82,3491.1,39.55814639
2015-04-11T00:00+03:00,1416,2472.48,3161,28.49366026
2015-04-11T01:00+03:00,1420,2335.52,3082,29.58241659
2015-04-11T02:00+03:00,1421,2180.04,3104,26.99208383
2015-04-11T03:00+03:00,1420,2190.19,2971,25.93735115
2015-04-11T04:00+03:00,1420,2202.18,2848,25.76496473
2015-04-11T05:00+03:00,1420,2225.79,2831,26.10746932
2015-04-11T06:00+03:00,1419,2217.49,2839,26.0847869
2015-04-11T07:00+03:00,1419,2290.17,2909,26.99208383
2015-04-11T08:00+03:00,1420,2258.87,3248,30.98192211
2015-04-11T09:00+03:00,1419,2394.27,3351,36.43250845
2015-04-11T10:00+03:00,1418,2438.3,3461,40.60153787
2015-04-11T11:00+03:00,1418,2349.04,3496,39.98003947
2015-04-11T12:00+03:00,1418,2325.94,3524,33.17304421
2015-04-11T13:00+03:00,1418,2225.6,3596,31.52856851
2015-04-11T14:00+03:00,1419,2111.42,3552,26.99208383
2015-04-11T15:00+03:00,1420,2093.24,3462,20.90865788
2015-04-11T16:00+03:00,1419,2114.65,3368,26.99208383
2015-04-11T17:00+03:00,1420,2255.06,3153,31.52856851
2015-04-11T18:00+03:00,1419,2325.43,3028,39.90291923
2015-04-11T19:00+03:00,1420,2388.55,2916,41.73565904
2015-04-11T20:00+03:00,1420,2588.41,3836,49.90133146
2015-04-11T21:00+03:00,1420,2587.82,4174,53.07687073
2015-04-11T22:00+03:00,1419,2478.08,3751,48.86247647
2015-04-11T23:00+03:00,1417,2474.71,3050,40.8283621
2015-04-12T00:00+03:00,1417,2280.36,2420,28.98813709
2015-04-12T01:00+03:00,1418,1905.46,2224,16.9664527
2015-04-12T02:00+03:00,1418,1896.67,2168,12.72257128
2015-04-12T03:00+03:00,1418,1870.42,2103,12.33923832
2015-04-12T04:00+03:00,1418,1878.27,2082,13.34860617
2015-04-12T05:00+03:00,1418,1871.62,2100,15.1291764
2015-04-12T06:00+03:00,1418,1859.83,1976,15.00895956
2015-04-12T07:00+03:00,1418,1836.6,1983,15.60097081
2015-04-12T08:00+03:00,1418,1843.93,2272,17.37019983
2015-04-12T09:00+03:00,1418,1982.53,2461,18.64495203
2015-04-12T10:00+03:00,1419,1952.1,2576,19.19840316
2015-04-12T11:00+03:00,1418,1935.8,2610,18.24120489
2015-04-12T12:00+03:00,1418,1834.89,2687,18.14593871
2015-04-12T13:00+03:00,1418,1760.78,2610,17.05718239
2015-04-12T14:00+03:00,1418,1751.36,2511,11.83795677
2015-04-12T15:00+03:00,1417,1767.86,2309,8.993580874
2015-04-12T16:00+03:00,1418,1804.4,2209,8.231451448
2015-04-12T17:00+03:00,1420,1881.27,2135,11.49318393
2015-04-12T18:00+03:00,1421,1852.87,2129,17.05037766
2015-04-12T19:00+03:00,1421,1966.23,2189,25.80125661
2015-04-12T20:00+03:00,1421,2249.14,2655,44.91119831
2015-04-12T21:00+03:00,1421,2260.5,3134,47.63308912
2015-04-12T22:00+03:00,1421,2035.36,2948,45.13802255
2015-04-12T23:00+03:00,1421,1853.23,2704,36.93832649
2015-04-13T00:00+03:00,1421,1767.51,2339,27.51604781
2015-04-13T01:00+03:00,1421,1754.16,2178,0.227277893
2015-04-13T02:00+03:00,1421,1632.08,1522,0.204550103
2015-04-13T03:00+03:00,1421,1610.98,1365,0.022727789
2015-04-13T04:00+03:00,1421,1593.16,1365,0.002272779
2015-04-13T05:00+03:00,1422,1688.98,2268,0.227277893
2015-04-13T06:00+03:00,1421,1664.8,2919,0.227277893
2015-04-13T07:00+03:00,1420,1615.82,2969,0.227277893
2015-04-13T08:00+03:00,1420,1685.03,3171,0.681833678
2015-04-13T09:00+03:00,1419,1734.14,3107,2.227323348
2015-04-13T10:00+03:00,1419,1741.5,3052,3.40916839
2015-04-13T11:00+03:00,1419,1761.58,2984,4.772835746
2015-04-13T12:00+03:00,1420,1753.56,2893,6.81833678
2015-04-13T13:00+03:00,1420,1765.5,2841,6.81833678
2015-04-13T14:00+03:00,1419,1705.72,2899,7.000159095
2015-04-13T15:00+03:00,1420,1680.43,2885,7.272892566
2015-04-13T16:00+03:00,1421,1679.56,2892,11.36389463
2015-04-13T17:00+03:00,1421,1741.97,2837,25.02784154
2015-04-13T18:00+03:00,1421,1821.37,2842,31.59162708
2015-04-13T19:00+03:00,1421,1944.28,3015,40.05772858
2015-04-13T20:00+03:00,1421,1982.53,3742,46.591968
2015-04-13T21:00+03:00,1421,1897.04,4025,46.36469011
2015-04-13T22:00+03:00,1422,1888.96,3682,42.51687538
2015-04-13T23:00+03:00,1422,1871.47,3348,36.95311257
2015-04-14T00:00+03:00,1422,1937.33,3032,29.26657424
2015-04-14T01:00+03:00,1421,1817.7,2912,1.585396236
2015-04-14T02:00+03:00,1421,1707,2943,0.905940706
2015-04-14T03:00+03:00,1422,1621.93,2924,0.905940706
2015-04-14T04:00+03:00,1422,1643.83,2878,0.998799629
2015-04-14T05:00+03:00,1422,1702.52,3011,0.998799629
2015-04-14T06:00+03:00,1420,1764.91,3355,1.585396236
2015-04-14T07:00+03:00,1420,1850.83,3754,3.397277648
2015-04-14T08:00+03:00,1420,1942.93,4261,26.95173601
2015-04-14T09:00+03:00,1420,2016.11,4406,39.97916336
2015-04-14T10:00+03:00,1419,2147.9,4287,42.57921319
2015-04-14T11:00+03:00,1419,2177.27,4100,43.93812425
2015-04-14T12:00+03:00,1418,2160.75,4057,45.07055013
2015-04-14T13:00+03:00,1420,2230.04,3933,45.75000566
2015-04-14T14:00+03:00,1420,2234.84,3694,44.96183725
2015-04-14T15:00+03:00,1420,2312.1,3628,45.52352049
2015-04-14T16:00+03:00,1420,2287.11,3509,45.52352049
2015-04-14T17:00+03:00,1420,2256.01,3402,46.01272847
2015-04-14T18:00+03:00,1420,2320.16,3389,47.56188707
2015-04-14T19:00+03:00,1420,2437.61,3407,47.56188707
2015-04-14T20:00+03:00,1420,2524.62,4386,56.85457387
2015-04-14T21:00+03:00,1411,2462.53,4447,56.84777931
2015-04-14T22:00+03:00,1411,2469.06,3941,54.12995719
2015-04-14T23:00+03:00,1413,2472.89,3238,45.75000566
2015-04-15T00:00+03:00,1418,2484.08,2482,40.05390347
2015-04-15T01:00+03:00,1417,2207.77,2077,26.87868453
2015-04-15T02:00+03:00,1416,2066.32,2055,22.9598175
2015-04-15T03:00+03:00,1416,2085.99,2022,21.90725724
2015-04-15T04:00+03:00,1416,2178.12,1989,21.38097712
2015-04-15T05:00+03:00,1416,2195.62,1970,23.09759899
2015-04-15T06:00+03:00,1416,2398.01,2151,31.3961105
2015-04-15T07:00+03:00,1417,2474.97,2707,44.72251711
2015-04-15T08:00+03:00,1417,2512.4,3547,51.95039866
2015-04-15T09:00+03:00,1379,2509.7,3994,53.07975516
2015-04-15T10:00+03:00,1386,2441.39,4056,49.69168568
2015-04-15T11:00+03:00,1372,2503.49,3936,45.40013101
2015-04-15T12:00+03:00,1365,2528.96,4113,36.44207531
2015-04-15T13:00+03:00,1393,2419.77,4368,26.87868453
2015-04-15T14:00+03:00,1397,2119.23,4588,20.86147313
2015-04-15T15:00+03:00,1408,2025.97,4605,18.06970388
2015-04-15T16:00+03:00,1396,2094.33,4490,18.06970388
2015-04-15T17:00+03:00,1399,2043.88,4373,18.06970388
2015-04-15T18:00+03:00,1415,2113.31,4273,22.51485104
2015-04-15T19:00+03:00,1415,2288.86,4233,29.62753823
2015-04-15T20:00+03:00,1415,2509.02,4677,41.91945429
2015-04-15T21:00+03:00,1421,2549.67,4918,45.17425971
2015-04-15T22:00+03:00,1421,2398.24,4580,37.32297337
2015-04-15T23:00+03:00,1422,2343.34,3938,31.3961105
2015-04-16T00:00+03:00,1421,2204.78,3395,25.49183475
2015-04-16T01:00+03:00,1421,2188.42,3234,24.2397442
2015-04-16T02:00+03:00,1421,2205.57,3180,24.00390049
2015-04-16T03:00+03:00,1420,2199.99,3070,23.92679774
2015-04-16T04:00+03:00,1420,2168.48,3114,23.68868631
2015-04-16T05:00+03:00,1420,2173.83,3042,24.37127242
2015-04-16T06:00+03:00,1420,2320.29,2929,28.58471098
2015-04-16T07:00+03:00,1418,2555.67,3413,44.6107445
2015-04-16T08:00+03:00,1418,2523.4,4148,51.93097036
2015-04-16T09:00+03:00,1409,2497.94,4368,53.29160714
2015-04-16T10:00+03:00,1409,2422.36,4313,49.92629884
2015-04-16T11:00+03:00,1405,2374.78,4263,44.90101367
2015-04-16T12:00+03:00,1409,2264.68,4375,31.52141869
2015-04-16T13:00+03:00,1418,2124.24,4575,31.52141869
2015-04-16T14:00+03:00,1418,2076,4532,20.40955167
2015-04-16T15:00+03:00,1418,1928.86,4568,18.14182371
2015-04-16T16:00+03:00,1417,1891.9,4526,18.14182371
2015-04-16T17:00+03:00,1416,2069.96,4260,22.67727963
2015-04-16T18:00+03:00,1414,2226.99,4128,26.98596276
2015-04-16T19:00+03:00,1414,2416.53,4118,38.55137538
2015-04-16T20:00+03:00,1415,2525.68,4600,45.80810486
2015-04-16T21:00+03:00,1417,2547.86,4813,40.81910334
2015-04-16T22:00+03:00,1418,2477.3,4337,31.52141869
2015-04-16T23:00+03:00,1418,2327.31,3963,31.52141869
2015-04-17T00:00+03:00,1418,2317.2,3525,29.25369073
2015-04-17T01:00+03:00,1418,2334.23,3311,26.94929456
2015-04-17T02:00+03:00,1420,2251.21,3283,18.11717282
2015-04-17T03:00+03:00,1420,2219.52,3296,18.11717282
2015-04-17T04:00+03:00,1419,2245.61,3297,20.38181942
2015-04-17T05:00+03:00,1419,2222.84,3273,25.71959146
2015-04-17T06:00+03:00,1419,2289.1,3234,30.03147859
2015-04-17T07:00+03:00,1419,2417.79,3587,41.04445501
2015-04-17T08:00+03:00,1419,2372.85,4078,51.40747786
2015-04-17T09:00+03:00,1401,2364.74,4200,52.99273048
2015-04-17T10:00+03:00,1401,2291.83,4088,51.86040718
2015-04-17T11:00+03:00,1403,2291.94,4056,48.68990194
2015-04-17T12:00+03:00,1403,2311.63,4145,45.5193967
2015-04-17T13:00+03:00,1418,2248.84,4173,31.47858777
2015-04-17T14:00+03:00,1387,2106.54,4223,22.64646602
2015-04-17T15:00+03:00,1396,1936.91,4390,18.11717282
2015-04-17T16:00+03:00,1413,1878.35,4276,15.85252621
2015-04-17T17:00+03:00,1395,1966.45,4148,18.11717282
2015-04-17T18:00+03:00,1402,1973.69,4184,18.11717282
2015-04-17T19:00+03:00,1399,2072.67,4316,26.94929456
2015-04-17T20:00+03:00,1393,2270.66,4778,36.54913151
2015-04-17T21:00+03:00,1402,2297.1,4845,31.47858777
2015-04-17T22:00+03:00,1410,2093.75,4609,26.94929456
2015-04-17T23:00+03:00,1410,2062.22,4257,26.94929456
2015-04-18T00:00+03:00,1408,1962.52,3932,26.94929456
2015-04-18T01:00+03:00,1407,2040.76,3476,18.11717282
2015-04-18T02:00+03:00,1406,2314.46,3199,18.11717282
2015-04-18T03:00+03:00,1406,2329.65,3109,24.48309441
2015-04-18T04:00+03:00,1405,2353.43,2851,23.98260751
2015-04-18T05:00+03:00,1407,2338.32,2686,24.76164595
2015-04-18T06:00+03:00,1411,2314.48,2646,24.98131667
2015-04-18T07:00+03:00,1414,2270.04,2807,26.43974908
2015-04-18T08:00+03:00,1405,2297.27,3444,28.92859569
2015-04-18T09:00+03:00,1396,2339.4,3959,27.56754308
2015-04-18T10:00+03:00,1405,2085.24,4563,18.11717282
2015-04-18T11:00+03:00,1397,1865.61,4700,9.058586408
2015-04-18T12:00+03:00,1391,1960.6,4549,3.849899223
2015-04-18T13:00+03:00,1375,1964.53,4376,2.264646602
2015-04-18T14:00+03:00,1393,2156.23,4069,2.264646602
2015-04-18T15:00+03:00,1381,2361.67,3862,4.642525534
2015-04-18T16:00+03:00,1403,2332.38,3703,15.97708178
2015-04-18T17:00+03:00,1404,2275.71,3605,18.81468397
2015-04-18T18:00+03:00,1399,2190.63,3602,26.94929456
2015-04-18T19:00+03:00,1367,2219.51,3769,32.93022624
2015-04-18T20:00+03:00,1390,2393.51,3899,47.05709174
2015-04-18T21:00+03:00,1401,2400.99,4101,53.21919514
2015-04-18T22:00+03:00,1402,2304.93,3647,46.65172
2015-04-18T23:00+03:00,1409,2277.78,3401,33.53715153
2015-04-19T00:00+03:00,1410,1970.81,3455,25.83508843
2015-04-19T01:00+03:00,1409,1948.26,3427,23.47532668
2015-04-19T02:00+03:00,1410,1857.34,3460,1.585252621
2015-04-19T03:00+03:00,1410,1836.99,3433,0.905858641
2015-04-19T04:00+03:00,1410,1901.49,3343,1.132323301
2015-04-19T05:00+03:00,1410,1956.02,3283,4.642525534
2015-04-19T06:00+03:00,1410,1910.74,3292,11.54969767
2015-04-19T07:00+03:00,1410,1950.02,3166,12.98548362
2015-04-19T08:00+03:00,1411,1878.42,3473,15.9634939
2015-04-19T09:00+03:00,1416,1847.5,3732,15.48338882
2015-04-19T10:00+03:00,1417,1867.17,3736,7.020404466
2015-04-19T11:00+03:00,1416,1884.72,3652,2.264646602
2015-04-19T12:00+03:00,1417,1867.58,3756,2.21935367
2015-04-19T13:00+03:00,1417,1904.01,3706,2.21935367
2015-04-19T14:00+03:00,1417,1872.93,3577,2.21935367
2015-04-19T15:00+03:00,1417,1935.54,3442,3.994836606
2015-04-19T16:00+03:00,1418,1969.3,3234,5.299273048
2015-04-19T17:00+03:00,1415,1959.07,3042,11.0650633
2015-04-19T18:00+03:00,1414,2077.28,2956,26.80209253
2015-04-19T19:00+03:00,1414,2376.15,2842,36.49477999
2015-04-19T20:00+03:00,1414,2412.78,3536,46.86233213
2015-04-19T21:00+03:00,1407,2413.61,3843,50.02830808
2015-04-19T22:00+03:00,1406,2365.24,3382,45.06646738
2015-04-19T23:00+03:00,1406,2394.34,2989,33.96064044
2015-04-20T00:00+03:00,1405,2249.87,2800,25.47274498
2015-04-20T01:00+03:00,1406,2137.89,2659,24.80712836
2015-04-20T02:00+03:00,1407,2120.02,2667,24.87705843
2015-04-20T03:00+03:00,1414,2108.56,2686,22.94608617
2015-04-20T04:00+03:00,1415,2102.67,2751,22.39792466
2015-04-20T05:00+03:00,1415,2141.19,2788,22.93480713
2015-04-20T06:00+03:00,1415,2481.54,2799,31.35574103
2015-04-20T07:00+03:00,1414,2744.7,3414,48.49988721
2015-04-20T08:00+03:00,1414,2825.24,3769,51.6580194
2015-04-20T09:00+03:00,1413,2770.76,3984,50.75569592
2015-04-20T10:00+03:00,1413,2697.6,4253,46.71779833
2015-04-20T11:00+03:00,1414,2505.8,4594,31.35574103
2015-04-20T12:00+03:00,1412,2274.57,4855,26.84412362
2015-04-20T13:00+03:00,1373,2201.03,5011,18.04646966
2015-04-20T14:00+03:00,1389,2199.34,5039,3.383713061
2015-04-20T15:00+03:00,1391,2115.26,4900,2.255808707
2015-04-20T16:00+03:00,1393,2171.88,4744,2.706970449
2015-04-20T17:00+03:00,1380,2190.9,4736,18.04646966
2015-04-20T18:00+03:00,1381,2498.37,4331,30.02030228
2015-04-20T19:00+03:00,1388,2747.07,4007,36.79900744
2015-04-20T20:00+03:00,1389,2910.05,4199,46.7606587
2015-04-20T21:00+03:00,1403,2867.43,4578,53.01150462
2015-04-20T22:00+03:00,1405,2732.25,4146,44.66501241
2015-04-20T23:00+03:00,1405,2657.13,3616,39.49921047
2015-04-21T00:00+03:00,1415,2463.5,3295,30.9587187
2015-04-21T01:00+03:00,1417,2509.73,3339,29.06518261
2015-04-21T02:00+03:00,1417,2342.3,3344,26.81206768
2015-04-21T03:00+03:00,1417,2263.86,3333,25.34303675
2015-04-21T04:00+03:00,1418,2200.25,3380,23.916815
2015-04-21T05:00+03:00,1421,2207.36,3452,25.44217381
2015-04-21T06:00+03:00,1421,2455.88,3383,29.39864362
2015-04-21T07:00+03:00,1419,2757.36,3776,39.05774734
2015-04-21T08:00+03:00,1415,2790.07,4401,45.71795507
2015-04-21T09:00+03:00,1359,2823.22,4334,44.38861726
2015-04-21T10:00+03:00,1367,2673.51,4392,39.88013429
2015-04-21T11:00+03:00,1369,2772.57,4344,35.37390442
2015-04-21T12:00+03:00,1371,2915.52,4207,36.3517563
2015-04-21T13:00+03:00,1363,2964.38,4168,42.32476399
2015-04-21T14:00+03:00,1352,2864.7,4022,42.35856071
2015-04-21T15:00+03:00,1343,2846.27,3994,42.35856071
2015-04-21T16:00+03:00,1351,2729.69,4080,41.45731474
2015-04-21T17:00+03:00,1383,2796.76,3915,40.33075727
2015-04-21T18:00+03:00,1405,2819.6,3703,40.33075727
2015-04-21T19:00+03:00,1407,2918.96,3486,46.18885609
2015-04-21T20:00+03:00,1406,3055.3,3819,52.94820089
2015-04-21T21:00+03:00,1406,2984.77,4268,56.55318478
2015-04-21T22:00+03:00,1408,2865.83,3634,45.28761012
2015-04-21T23:00+03:00,1409,2848.69,3159,43.71042967
2015-04-22T00:00+03:00,1408,2754.95,2656,37.22145867
2015-04-22T01:00+03:00,1408,2291.71,2594,25.06214128
2015-04-22T02:00+03:00,1408,2224.89,2626,24.04980341
2015-04-22T03:00+03:00,1408,2357.97,2533,23.33574366
2015-04-22T04:00+03:00,1417,2396.64,2514,22.96063633
2015-04-22T05:00+03:00,1419,2435.59,2490,24.11985357
2015-04-22T06:00+03:00,1419,2582.31,2686,27.45062593
2015-04-22T07:00+03:00,1417,2878.78,3286,38.90043838
2015-04-22T08:00+03:00,1417,2940.82,3967,48.9650653
2015-04-22T09:00+03:00,1406,2831.76,4204,48.58317892
2015-04-22T10:00+03:00,1399,2723.34,4302,46.32349618
2015-04-22T11:00+03:00,1408,2782.96,4032,41.57816243
2015-04-22T12:00+03:00,1389,2798.32,4246,40.22235278
2015-04-22T13:00+03:00,1388,2783.62,4282,34.51665386
2015-04-22T14:00+03:00,1388,2682.28,4323,31.40959009
2015-04-22T15:00+03:00,1390,2491.95,4410,26.89022461
2015-04-22T16:00+03:00,1397,2607.96,4126,31.40959009
2015-04-22T17:00+03:00,1396,2790.35,3771,32.44678447
2015-04-22T18:00+03:00,1411,2823.39,3635,40.67428933
2015-04-22T19:00+03:00,1412,2877.46,3398,45.64559136
2015-04-22T20:00+03:00,1412,2963.92,3694,51.74673476
2015-04-22T21:00+03:00,1412,3038.67,4129,56.71803679
2015-04-22T22:00+03:00,1412,2946.21,3607,50.84286166
2015-04-22T23:00+03:00,1413,2913.86,3038,45.45351833
2015-04-23T00:00+03:00,1413,2719.52,2508,40.23591088
2015-04-23T01:00+03:00,1413,2672.82,2402,31.54537022
2015-04-23T02:00+03:00,1419,2595.42,2333,29.83507907
2015-04-23T03:00+03:00,1419,2502.06,2193,26.61357826
2015-04-23T04:00+03:00,1418,2568.44,2083,24.66800896
2015-04-23T05:00+03:00,1419,2643.75,2048,25.75843269
2015-04-23T06:00+03:00,1419,2775.93,2191,29.24009683
2015-04-23T07:00+03:00,1419,2857,2742,39.87285931
2015-04-23T08:00+03:00,1405,2844.14,3118,48.13021741
2015-04-23T09:00+03:00,1397,2830.67,3368,49.99660657
2015-04-23T10:00+03:00,1359,2732.36,3296,45.29104359
2015-04-23T11:00+03:00,1329,2664.14,3262,43.88842386
2015-04-23T12:00+03:00,1372,2687.82,3274,43.88842386
2015-04-23T13:00+03:00,1357,2692.87,3354,43.94271882
2015-04-23T14:00+03:00,1364,2648.87,3307,38.00647015
2015-04-23T15:00+03:00,1382,2683.98,3138,33.93208606
2015-04-23T16:00+03:00,1381,2507.42,3117,31.15625636
2015-04-23T17:00+03:00,1378,2504.04,3105,31.26258399
2015-04-23T18:00+03:00,1380,2722.35,3095,34.53611746
2015-04-23T19:00+03:00,1400,2711.92,3398,41.37049522
2015-04-23T20:00+03:00,1401,2729.91,3966,48.41300364
2015-04-23T21:00+03:00,1407,2773.11,4457,48.63923263
2015-04-23T22:00+03:00,1411,2683.92,4098,31.44582947
2015-04-23T23:00+03:00,1410,2785.61,3635,31.67205846
2015-04-24T00:00+03:00,1410,2657.55,3297,26.92124969
2015-04-24T01:00+03:00,1410,2655.66,3150,26.94319288
2015-04-24T02:00+03:00,1410,2598.17,3082,26.94319288
2015-04-24T03:00+03:00,1412,2652.34,2973,27.89639323
2015-04-24T04:00+03:00,1414,2600.87,2774,26.87526887
2015-04-24T05:00+03:00,1414,2694.31,2656,27.47526434
2015-04-24T06:00+03:00,1413,2821.74,2474,31.47146059
2015-04-24T07:00+03:00,1413,2921.35,2914,40.07064098
2015-04-24T08:00+03:00,1412,2968.1,3383,49.10679919
2015-04-24T09:00+03:00,1412,2926.55,3490,50.18226278
2015-04-24T10:00+03:00,1412,2787.77,3534,48.6788779
2015-04-24T11:00+03:00,1412,2671.09,3602,46.64115743
2015-04-24T12:00+03:00,1412,2673.75,3541,45.73550388
2015-04-24T13:00+03:00,1413,2673.03,3484,44.86381235
2015-04-24T14:00+03:00,1396,2756.43,3389,40.52799602
2015-04-24T15:00+03:00,1374,2752.84,3347,37.77707338
2015-04-24T16:00+03:00,1407,2651.63,3377,38.11216519
2015-04-24T17:00+03:00,1413,2662.62,3240,34.74766228
2015-04-24T18:00+03:00,1413,2696.29,3156,34.19068535
2015-04-24T19:00+03:00,1412,2719.09,3251,38.45857767
2015-04-24T20:00+03:00,1411,2746.88,3776,43.9241968
2015-04-24T21:00+03:00,1412,2900.55,4202,46.11361424
2015-04-24T22:00+03:00,1413,2702.89,3884,40.22913035
2015-04-24T23:00+03:00,1412,2664.46,3312,37.02311681
2015-04-25T00:00+03:00,1411,2471.97,2862,29.38166504
2015-04-25T01:00+03:00,1410,2408.53,2741,27.82620509
2015-04-25T02:00+03:00,1410,2347.04,2446,25.0050943
2015-04-25T03:00+03:00,1410,2384.44,2291,24.06321462
2015-04-25T04:00+03:00,1410,2424.71,2223,23.77566962
2015-04-25T05:00+03:00,1410,2413.01,2168,24.46623044
2015-04-25T06:00+03:00,1410,2350.75,2129,25.3062241
2015-04-25T07:00+03:00,1411,2334.57,2154,26.014898
2015-04-25T08:00+03:00,1411,2495.13,2535,27.31677497
2015-04-25T09:00+03:00,1411,2577,2822,31.97636244
2015-04-25T10:00+03:00,1412,2580.49,3047,31.50768673
2015-04-25T11:00+03:00,1413,2459.53,3079,30.90769126
2015-04-25T12:00+03:00,1415,2349.23,3183,29.34770304
2015-04-25T13:00+03:00,1415,2371.4,3257,29.18694953
2015-04-25T14:00+03:00,1415,2132.25,3159,26.82772205
2015-04-25T15:00+03:00,1415,2061.5,3176,25.0050943
2015-04-25T16:00+03:00,1415,2062.9,3135,26.58093146
2015-04-25T17:00+03:00,1416,2248.62,3076,28.05714674
2015-04-25T18:00+03:00,1416,2242.1,3006,31.00731315
2015-04-25T19:00+03:00,1416,2399.76,2996,32.74843209
2015-04-25T20:00+03:00,1416,2466.83,3344,37.51896212
2015-04-25T21:00+03:00,1416,2664.05,3484,39.40951389
2015-04-25T22:00+03:00,1415,2603.57,3187,36.33934838
2015-04-25T23:00+03:00,1415,2568.5,2859,32.61711232
2015-04-26T00:00+03:00,1414,2462.4,2368,28.09563701
2015-04-26T01:00+03:00,1414,2130.69,2081,24.94622682
2015-04-26T02:00+03:00,1415,2110.36,1974,21.46398895
2015-04-26T03:00+03:00,1415,2141.41,1882,20.48588313
2015-04-26T04:00+03:00,1416,2110.82,1848,17.98627935
2015-04-26T05:00+03:00,1415,2111.73,1811,17.26854892
2015-04-26T06:00+03:00,1414,2115.81,1755,18.28740915
2015-04-26T07:00+03:00,1415,2113.31,1969,18.22854167
2015-04-26T08:00+03:00,1417,2097.62,2216,21.43455521
2015-04-26T09:00+03:00,1416,2098.88,2471,23.98396993
2015-04-26T10:00+03:00,1417,2089.02,2649,25.08207485
2015-04-26T11:00+03:00,1417,2079.35,2676,25.18169674
2015-04-26T12:00+03:00,1417,2091.3,2700,25.11150859
2015-04-26T13:00+03:00,1417,2110.04,2706,23.08284466
2015-04-26T14:00+03:00,1417,2054.25,2642,20.13494238
2015-04-26T15:00+03:00,1416,1946.7,2691,15.86705006
2015-04-26T16:00+03:00,1416,1988.7,2611,16.08214278
2015-04-26T17:00+03:00,1415,2099.94,2516,19.76588856
2015-04-26T18:00+03:00,1415,2132.09,2539,23.64434985
2015-04-26T19:00+03:00,1416,2277.74,2636,28.16582516
2015-04-26T20:00+03:00,1417,2441.16,3053,32.91144972
2015-04-26T21:00+03:00,1417,2489.78,3453,37.90839314
2015-04-26T22:00+03:00,1417,2350.06,3361,31.87674055
2015-04-26T23:00+03:00,1417,2295.28,3080,29.97939638
2015-04-27T00:00+03:00,1416,2157.77,2949,24.48207938
2015-04-27T01:00+03:00,1417,2086.4,2855,20.39660057
2015-04-27T02:00+03:00,1416,2118.57,2674,22.50651558
2015-04-27T03:00+03:00,1416,2107.68,2521,20.39660057
2015-04-27T04:00+03:00,1415,2128.07,2385,20.70481586
2015-04-27T05:00+03:00,1416,2125.59,2355,21.08555241
2015-04-27T06:00+03:00,1415,2059.03,2345,25.09688385
2015-04-27T07:00+03:00,1415,2414.4,2841,36.3082153
2015-04-27T08:00+03:00,1415,2431.03,3156,42.93711048
2015-04-27T09:00+03:00,1357,2469.57,3394,45.66572238
2015-04-27T10:00+03:00,1353,2402.62,3588,45.51161473
2015-04-27T11:00+03:00,1373,2392.29,3559,40.5325779
2015-04-27T12:00+03:00,1377,2422.49,3599,39.80736544
2015-04-27T13:00+03:00,1356,2450.13,3707,38.36147309
2015-04-27T14:00+03:00,1370,2473.33,3744,36.3082153
2015-04-27T15:00+03:00,1362,2503.38,3669,35.06628895
2015-04-27T16:00+03:00,1349,2473.93,3678,33.50934844
2015-04-27T17:00+03:00,1375,2441.4,3626,32.3694051
2015-04-27T18:00+03:00,1392,2465.37,3549,35.5082153
2015-04-27T19:00+03:00,1396,2505.82,3542,37.91048159
2015-04-27T20:00+03:00,1404,2628.04,3959,42.02606232
2015-04-27T21:00+03:00,1404,2575.88,4338,43.00963173
2015-04-27T22:00+03:00,1406,2551.46,4020,39.00963173
2015-04-27T23:00+03:00,1405,2511,3493,34.53824363
2015-04-28T00:00+03:00,1404,2489.08,3082,27.09121813
2015-04-28T01:00+03:00,1412,2486.74,2939,30.03036599
2015-04-28T02:00+03:00,1412,2513.05,2854,27.16957008
2015-04-28T03:00+03:00,1413,2396.78,2832,26.24032512
2015-04-28T04:00+03:00,1414,2528.19,2785,25.38414119
2015-04-28T05:00+03:00,1413,2591.29,2727,26.41612822
2015-04-28T06:00+03:00,1414,2576.68,2988,29.12166944
2015-04-28T07:00+03:00,1414,2591.65,3720,37.14696683
2015-04-28T08:00+03:00,1411,2654.49,4087,44.2932487
2015-04-28T09:00+03:00,1382,2609.92,4257,42.6950387
2015-04-28T10:00+03:00,1385,2575.12,4336,32.91627663
2015-04-28T11:00+03:00,1382,2665.71,4170,27.16957008
2015-04-28T12:00+03:00,1380,2677.37,4163,20.54841435
2015-04-28T13:00+03:00,1396,2691.06,4199,18.2652572
2015-04-28T14:00+03:00,1391,2670.83,4239,11.64410146
2015-04-28T15:00+03:00,1394,2731.69,3984,6.849471449
2015-04-28T16:00+03:00,1405,2711.37,3919,3.424735725
2015-04-28T17:00+03:00,1410,2794.72,3853,4.794630014
2015-04-28T18:00+03:00,1409,2778.93,3960,7.077787164
2015-04-28T19:00+03:00,1410,2836.46,4096,18.2652572
2015-04-28T20:00+03:00,1409,2896.58,4416,31.73588438
2015-04-28T21:00+03:00,1409,2868,4492,31.73588438
2015-04-28T22:00+03:00,1410,2776.52,3922,27.16957008
2015-04-28T23:00+03:00,1410,2760.24,3342,27.16957008
2015-04-29T00:00+03:00,1410,2748.21,3089,29.45272723
2015-04-29T01:00+03:00,1412,2624.19,2862,28.25899737
2015-04-29T02:00+03:00,1419,2575.22,2737,27.25727495
2015-04-29T03:00+03:00,1418,2390.85,2513,26.04704922
2015-04-29T04:00+03:00,1417,2455.6,2276,25.3036896
2015-04-29T05:00+03:00,1418,2408.54,2165,26.1467682
2015-04-29T06:00+03:00,1415,2526.41,2152,28.99102529
2015-04-29T07:00+03:00,1416,2722.86,2391,40.0099719
2015-04-29T08:00+03:00,1390,2868.3,2786,49.17731847
2015-04-29T09:00+03:00,1388,2863.6,2936,49.06173511
2015-04-29T10:00+03:00,1384,2770.33,2966,45.78007434
2015-04-29T11:00+03:00,1384,2681.62,3039,43.51373402
2015-04-29T12:00+03:00,1390,2559.61,3185,36.56513462
2015-04-29T13:00+03:00,1371,2675.68,3318,38.4643278
2015-04-29T14:00+03:00,1355,2603.23,3456,31.50213036
2015-04-29T15:00+03:00,1340,2558.75,3546,28.25446469
2015-04-29T16:00+03:00,1375,2427.79,3626,26.96944973
2015-04-29T17:00+03:00,1397,2648.42,3681,28.05049406
2015-04-29T18:00+03:00,1401,2770.98,3853,32.05738374
2015-04-29T19:00+03:00,1401,2698.33,4152,38.06771825
2015-04-29T20:00+03:00,1402,2662.83,4736,43.97833379
2015-04-29T21:00+03:00,1401,2634.31,5002,45.78007434
2015-04-29T22:00+03:00,1405,2300.06,4738,31.50213036
2015-04-29T23:00+03:00,1410,2106.97,4291,20.39706282
2015-04-30T00:00+03:00,1409.31,1989.63,4064.02,4.645997643
2015-04-30T01:00+03:00,1412.21,1946.72,3860.09,2.714625042
2015-04-30T02:00+03:00,1413.89,1979.25,3726.74,2.262187535
2015-04-30T03:00+03:00,1413.74,2028,3615.72,2.787015044
2015-04-30T04:00+03:00,1412.34,2098.57,3568.56,9.048750141
2015-04-30T05:00+03:00,1412.21,2210.23,3552.32,20.35968782
2015-04-30T06:00+03:00,1412.39,2233.41,3464.65,26.77298948
2015-04-30T07:00+03:00,1411.63,2611.29,3858.71,34.95758398
2015-04-30T08:00+03:00,1406.03,2661.91,4233.3,44.0108585
2015-04-30T09:00+03:00,1379.89,2709.24,4381.42,46.60106323
2015-04-30T10:00+03:00,1394.6,2689.38,4138.34,45.01753195
2015-04-30T11:00+03:00,1400.05,2679.84,3905.29,40.32801719
2015-04-30T12:00+03:00,1398.17,2619.36,3711.08,36.25607963
2015-04-30T13:00+03:00,1390.14,2600.7,3637.16,33.63872865
2015-04-30T14:00+03:00,1375.73,2443.01,3379.83,30.98518267
2015-04-30T15:00+03:00,1382.91,2511.42,3150.38,30.07804547
2015-04-30T16:00+03:00,1407.16,2513.52,3035.81,30.9444633
2015-04-30T17:00+03:00,1410.75,2510.45,2916.46,31.06435924
2015-04-30T18:00+03:00,1410.23,2655.4,2781.86,32.64110395
2015-04-30T19:00+03:00,1410.06,2663.81,2789.53,38.23096935
2015-04-30T20:00+03:00,1410,2853.2,3006.76,41.21705689
2015-04-30T21:00+03:00,1410.74,2930.31,3189.76,44.51080195
2015-04-30T22:00+03:00,1410.94,2819.07,3000.67,39.14036874
2015-04-30T23:00+03:00,1413.43,2752.54,2495.29,33.84006334
2015-05-01T00:00+03:00,1412,2255.86,2317,29.24329827
2015-05-01T01:00+03:00,1411,1953.13,2381,27.25538294
2015-05-01T02:00+03:00,1411,1939.08,2193,26.04933224
2015-05-01T03:00+03:00,1412,1919.81,2127,23.99382211
2015-05-01T04:00+03:00,1414,1917.21,2136,23.34650677
2015-05-01T05:00+03:00,1417,1906.62,2086,22.29944581
2015-05-01T06:00+03:00,1416,1842.21,2059,21.25238485
2015-05-01T07:00+03:00,1417,1670.47,2472,18.10438812
2015-05-01T08:00+03:00,1417,1662.55,2784,20.02362133
2015-05-01T09:00+03:00,1416,1691.03,2993,22.79231398
2015-05-01T10:00+03:00,1416,1679.06,3140,24.56618515
2015-05-01T11:00+03:00,1417,1683.59,3196,22.48569092
2015-05-01T12:00+03:00,1417,1673.94,3204,19.04242755
2015-05-01T13:00+03:00,1417,1639.06,3186,18.17025529
2015-05-01T14:00+03:00,1417,1586.71,3158,11.35640956
2015-05-01T15:00+03:00,1416,1637.18,3048,6.813845735
2015-05-01T16:00+03:00,1416,1676.04,3006,6.132461161
2015-05-01T17:00+03:00,1416,1695.53,3050,10.2207686
2015-05-01T18:00+03:00,1416,1681.44,3051,18.17025529
2015-05-01T19:00+03:00,1416,1682.17,3096,26.13109839
2015-05-01T20:00+03:00,1416,1770.57,3299,28.10257109
2015-05-01T21:00+03:00,1416,1972.69,3447,31.22104116
2015-05-01T22:00+03:00,1417,1994.51,3339,27.25538294
2015-05-01T23:00+03:00,1416,1998.98,2920,22.48569092
2015-05-02T00:00+03:00,1416.6,2009.76,2553.87,18.17025529
2015-05-02T01:00+03:00,1416.5,1842.98,2490.82,25.79949123
2015-05-02T02:00+03:00,1416.24,1656.62,2630.24,22.25856273
2015-05-02T03:00+03:00,1416.53,1662.63,2604.49,23.60997547
2015-05-02T04:00+03:00,1415.82,1667.35,2586.67,23.08985191
2015-05-02T05:00+03:00,1415.61,1766.53,2395.38,23.28972472
2015-05-02T06:00+03:00,1415.29,1751.21,2299.43,23.38966112
2015-05-02T07:00+03:00,1414.56,1751.22,2278.87,24.95684564
2015-05-02T08:00+03:00,1415.44,1844.9,2462.41,27.02825475
2015-05-02T09:00+03:00,1416.54,1871.81,2661.84,29.31316435
2015-05-02T10:00+03:00,1416.17,1928.61,2833.59,29.94458072
2015-05-02T11:00+03:00,1415.95,1929.99,2995.98,29.43354229
2015-05-02T12:00+03:00,1415.59,1944.22,3093.49,29.11102026
2015-05-02T13:00+03:00,1414.9,1930.64,3121,25.79949123
2015-05-02T14:00+03:00,1415.27,1921.32,3122.86,20.4415372
2015-05-02T15:00+03:00,1414.72,1909.85,3147.2,20.4415372
2015-05-02T16:00+03:00,1414.95,1899.83,3210.05,20.4415372
2015-05-02T17:00+03:00,1415.51,1903.99,3273.11,22.38575452
2015-05-02T18:00+03:00,1415.82,1889.86,3282.36,24.09375852
2015-05-02T19:00+03:00,1415.85,1886.4,3484.27,27.40528754
2015-05-02T20:00+03:00,1416.44,1880.57,3661.53,33.9397656
2015-05-02T21:00+03:00,1417.2,1899.18,3713,37.39438539
2015-05-02T22:00+03:00,1416.65,1820.05,3467.95,34.04651585
2015-05-02T23:00+03:00,1416.35,1732.86,3354.03,31.57081857
2015-05-03T00:00+03:00,1416,1599.29,3053,13.62769147
2015-05-03T01:00+03:00,1416,1604.51,2705,21.77932225
2015-05-03T02:00+03:00,1417,1572.72,2559,17.8182066
2015-05-03T03:00+03:00,1416,1601.06,2546,15.04724266
2015-05-03T04:00+03:00,1416,1608.22,2547,13.27110021
2015-05-03T05:00+03:00,1416,1597.65,2644,14.01380939
2015-05-03T06:00+03:00,1416,1546.24,2629,3.86117925
2015-05-03T07:00+03:00,1416,1484.24,2794,2.225856273
2015-05-03T08:00+03:00,1416,1486.18,2949,0.681384573
2015-05-03T09:00+03:00,1417,1409.69,3029,0.227128191
2015-05-03T10:00+03:00,1416,1404.25,3035,0.227128191
2015-05-03T11:00+03:00,1416,1396.53,2997,0.227128191
2015-05-03T12:00+03:00,1416,1397.24,3035,0.227128191
2015-05-03T13:00+03:00,1416,1412.38,2982,0.227128191
2015-05-03T14:00+03:00,1415,1421.73,2881,0.227128191
2015-05-03T15:00+03:00,1415,1430.31,2856,0.227128191
2015-05-03T16:00+03:00,1415,1465.47,2882,0.227128191
2015-05-03T17:00+03:00,1415,1478.45,2943,0.681384573
2015-05-03T18:00+03:00,1414,1508.97,2980,2.271281912
2015-05-03T19:00+03:00,1414,1743.47,2908,18.26110657
2015-05-03T20:00+03:00,1415,1796.56,3039,26.14018352
2015-05-03T21:00+03:00,1415,1820.17,3378,40.42881802
2015-05-03T22:00+03:00,1414,1772.81,2978,34.18960661
2015-05-03T23:00+03:00,1414,1763.25,2501,23.11256473
2015-05-04T00:00+03:00,1413,1550.25,2197,17.06641228
2015-05-04T01:00+03:00,1413,1450.75,2146,12.59164016
2015-05-04T02:00+03:00,1413,1445.94,2132,12.34125104
2015-05-04T03:00+03:00,1412,1461.58,2170,11.26525456
2015-05-04T04:00+03:00,1412,1501.43,2179,11.46601701
2015-05-04T05:00+03:00,1412,1644,2084,12.9209808
2015-05-04T06:00+03:00,1413,1780.07,2333,18.17464077
2015-05-04T07:00+03:00,1414,1843.33,3176,36.94931312
2015-05-04T08:00+03:00,1415,1841.43,3667,43.81809569
2015-05-04T09:00+03:00,1385,1867.55,3717,42.79849315
2015-05-04T10:00+03:00,1381,1920.07,3669,39.87954253
2015-05-04T11:00+03:00,1379,1950.37,3612,38.46067086
2015-05-04T12:00+03:00,1354,1965.39,3888,44.86702308
2015-05-04T13:00+03:00,1370,2041.02,3926,44.88958065
2015-05-04T14:00+03:00,1368,2028.02,3979,43.76170174
2015-05-04T15:00+03:00,1373,1944.84,3868,37.15233133
2015-05-04T16:00+03:00,1370,1965.61,3950,34.81085471
2015-05-04T17:00+03:00,1375,1956.86,4059,34.93040987
2015-05-04T18:00+03:00,1393,1972.62,4018,36.78915432
2015-05-04T19:00+03:00,1393,1979.32,4121,38.63436421
2015-05-04T20:00+03:00,1394,1967.67,4555,41.67512576
2015-05-04T21:00+03:00,1401,1963.59,4839,45.10162189
2015-05-04T22:00+03:00,1402,2071.7,4342,40.78184566
2015-05-04T23:00+03:00,1405,2145.76,3630,36.987661
2015-05-05T00:00+03:00,1405,2027.41,3348,30.51814757
2015-05-05T01:00+03:00,1405,1752.35,3227,26.11286682
2015-05-05T02:00+03:00,1405,1808.95,3042,23.14672686
2015-05-05T03:00+03:00,1405,1966.57,2773,19.85327314
2015-05-05T04:00+03:00,1405,2049.86,2656,18.83747178
2015-05-05T05:00+03:00,1405,2110.95,2547,19.13318284
2015-05-05T06:00+03:00,1404,2147.05,2803,27.81038375
2015-05-05T07:00+03:00,1404,2149.36,3652,39.90744921
2015-05-05T08:00+03:00,1400,2116.88,3897,42.88939052
2015-05-05T09:00+03:00,1396,2103.14,3923,42.43792325
2015-05-05T10:00+03:00,1383,2132.68,3919,40.40632054
2015-05-05T11:00+03:00,1393,2210.22,3842,36.90293454
2015-05-05T12:00+03:00,1388,2268.57,3838,37.91873589
2015-05-05T13:00+03:00,1389,2263.47,3958,37.92325056
2015-05-05T14:00+03:00,1389,2269.26,4024,35.66591422
2015-05-05T15:00+03:00,1394,2285.75,3972,31.37697517
2015-05-05T16:00+03:00,1399,2298.48,3887,30.248307
2015-05-05T17:00+03:00,1358,2302.51,3800,26.86230248
2015-05-05T18:00+03:00,1363,2271.44,3825,27.99097065
2015-05-05T19:00+03:00,1395,2245.76,3708,30.1489842
2015-05-05T20:00+03:00,1396,2299.41,4101,31.41534989
2015-05-05T21:00+03:00,1402,2313.55,4632,41.53498871
2015-05-05T22:00+03:00,1403,2234.82,4213,31.37697517
2015-05-05T23:00+03:00,1406,2228.88,3539,29.34537246
2015-05-06T00:00+03:00,1408,2219.44,3139,26.86230248
2015-05-06T01:00+03:00,1408,1961.2,2779,26.7806909
2015-05-06T02:00+03:00,1410,1800.19,2649,21.26026781
2015-05-06T03:00+03:00,1409,1848.44,2593,20.28356026
2015-05-06T04:00+03:00,1409,1851.04,2533,18.94902667
2015-05-06T05:00+03:00,1409,1873.5,2554,22.45752222
2015-05-06T06:00+03:00,1410,1917.58,2593,26.84820524
2015-05-06T07:00+03:00,1409,2158.77,3285,36.8268257
2015-05-06T08:00+03:00,1408,2150.07,3719,42.55204231
2015-05-06T09:00+03:00,1397,2223.78,3761,43.16642286
2015-05-06T10:00+03:00,1391,2149.47,3841,39.3901204
2015-05-06T11:00+03:00,1354,2203.91,3970,36.79081805
2015-05-06T12:00+03:00,1342,2131.43,4035,36.88308766
2015-05-06T13:00+03:00,1373,2152.86,4116,33.30707775
2015-05-06T14:00+03:00,1356,2091.64,4177,31.28164735
2015-05-06T15:00+03:00,1369,2094.85,4162,29.25621695
2015-05-06T16:00+03:00,1373,2135.27,4002,29.03116912
2015-05-06T17:00+03:00,1389,2031.1,3964,27.59086306
2015-05-06T18:00+03:00,1396,1978.59,3878,26.7806909
2015-05-06T19:00+03:00,1396,2134.86,4004,31.50669517
2015-05-06T20:00+03:00,1396,2109.67,4424,34.96117925
2015-05-06T21:00+03:00,1397,2217.74,4735,36.00765163
2015-05-06T22:00+03:00,1397,2102.72,4341,29.03116912
2015-05-06T23:00+03:00,1402,2111.45,3709,26.7806909
2015-05-07T00:00+03:00,1405,1903.97,3437,20.25430404
2015-05-07T01:00+03:00,1404,1846.19,3302,4.725366216
2015-05-07T02:00+03:00,1405,1838.05,3236,3.82529646
2015-05-07T03:00+03:00,1405,1851.5,3216,2.772214847
2015-05-07T04:00+03:00,1405,1867.84,3261,2.772214847
2015-05-07T05:00+03:00,1405,1904.39,3348,2.772214847
2015-05-07T06:00+03:00,1404,1924.96,3520,16.34076641
2015-05-07T07:00+03:00,1404,2052.37,3951,26.77707522
2015-05-07T08:00+03:00,1401,2193.51,4257,35.94653586
2015-05-07T09:00+03:00,1382,2227.15,4149,36.82860422
2015-05-07T10:00+03:00,1390,2234.5,4115,37.80292973
2015-05-07T11:00+03:00,1381,2321.32,4012,37.34389415
2015-05-07T12:00+03:00,1366,2335.59,3976,40.27812155
2015-05-07T13:00+03:00,1389,2304.51,3964,40.27812155
2015-05-07T14:00+03:00,1392,2252.84,3923,40.05310412
2015-05-07T15:00+03:00,1382,2304.56,3793,37.80292973
2015-05-07T16:00+03:00,1372,2379.02,3655,36.91186067
2015-05-07T17:00+03:00,1395,2305.66,3591,36.90511015
2015-05-07T18:00+03:00,1399,2315.07,3444,34.18689948
2015-05-07T19:00+03:00,1399,2393.23,3649,38.95726919
2015-05-07T20:00+03:00,1399,2361.14,4124,40.27812155
2015-05-07T21:00+03:00,1401,2319.44,4435,42.3032785
2015-05-07T22:00+03:00,1401,2138.71,4196,26.77707522
2015-05-07T23:00+03:00,1402,1949.12,3805,18.00139511
2015-05-08T00:00+03:00,1402,1842.56,3615,9.000697554
2015-05-08T01:00+03:00,1402,1793.25,3389,1.665878751
2015-05-08T02:00+03:00,1405,1792.12,3250,1.665878751
2015-05-08T03:00+03:00,1407,1821.89,3176,2.251187501
2015-05-08T04:00+03:00,1411,1787.08,3294,2.773463002
2015-05-08T05:00+03:00,1412,1776.06,3418,2.773463002
2015-05-08T06:00+03:00,1412,1963.3,3462,9.004750006
2015-05-08T07:00+03:00,1411,2191.53,3804,26.78913127
2015-05-08T08:00+03:00,1411,2196.63,4093,31.29150627
2015-05-08T09:00+03:00,1388,2115.54,4277,31.29150627
2015-05-08T10:00+03:00,1352,2103.25,4242,26.78913127
2015-05-08T11:00+03:00,1361,2070.23,4220,20.26068751
2015-05-08T12:00+03:00,1360,2113.15,4188,18.00950001
2015-05-08T13:00+03:00,1377,2171.11,4076,18.00950001
2015-05-08T14:00+03:00,1370,1961.97,4197,18.00950001
2015-05-08T15:00+03:00,1370,1936.68,4062,18.00950001
2015-05-08T16:00+03:00,1390,1882.27,3994,18.00950001
2015-05-08T17:00+03:00,1398,1922.42,3911,22.06163751
2015-05-08T18:00+03:00,1397,1937.62,3832,30.84126877
2015-05-08T19:00+03:00,1397,1950.67,3821,34.57824002
2015-05-08T20:00+03:00,1284,1969.12,3962,37.02302965
2015-05-08T21:00+03:00,1132,1970.96,4367,46.14934378
2015-05-08T22:00+03:00,1008,1909.04,4135,39.84601877
2015-05-08T23:00+03:00,817,1906.04,3665,36.96674996
2015-05-09T00:00+03:00,712,1767.13,3240,36.96900115
2015-05-09T01:00+03:00,705,1728.29,2963,33.31757502
2015-05-09T02:00+03:00,704,1719.91,2802,26.78913127
2015-05-09T03:00+03:00,703,1724.62,2664,19.22289007
2015-05-09T04:00+03:00,702,1713.04,2649,18.00950001
2015-05-09T05:00+03:00,702,1699.02,2534,18.00950001
2015-05-09T06:00+03:00,702,1680.34,2545,18.00950001
2015-05-09T07:00+03:00,704,1699.95,2932,31.29150627
2015-05-09T08:00+03:00,705,1722.97,3404,41.05940884
2015-05-09T09:00+03:00,705,1715.67,3579,40.07113753
2015-05-09T10:00+03:00,705,1711.01,3737,38.0585759
2015-05-09T11:00+03:00,704,1709.61,3826,38.15087459
2015-05-09T12:00+03:00,703,1733.58,3864,37.15584971
2015-05-09T13:00+03:00,703,1717.52,3865,36.44222327
2015-05-09T14:00+03:00,704,1716.65,3778,33.31757502
2015-05-09T15:00+03:00,704,1711.97,3601,26.78913127
2015-05-09T16:00+03:00,705,1755.69,3591,29.04031877
2015-05-09T17:00+03:00,705,1745.4,3427,29.04031877
2015-05-09T18:00+03:00,706,1737.92,3355,31.29150627
2015-05-09T19:00+03:00,705,1738.03,3337,33.31757502
2015-05-09T20:00+03:00,705,1746.34,3618,41.14495396
2015-05-09T21:00+03:00,703,1802.64,4290,55.82945003
2015-05-09T22:00+03:00,703,1768.44,3981,51.55219378
2015-05-09T23:00+03:00,703,1718.5,3145,31.29150627
2015-05-10T00:00+03:00,703,1505.67,2793,26.78913127
2015-05-10T01:00+03:00,703,1387.09,2526,18.00950001
2015-05-10T02:00+03:00,703,1360.38,2450,12.6089012
2015-05-10T03:00+03:00,704,1355.96,2405,2.773463002
2015-05-10T04:00+03:00,703,1374.79,2428,4.13543144
2015-05-10T05:00+03:00,704,1351.85,2374,2.773463002
2015-05-10T06:00+03:00,707,1328.35,2125,2.773463002
2015-05-10T07:00+03:00,707,1357.25,2190,2.773463002
2015-05-10T08:00+03:00,707,1349.51,2581,11.25593751
2015-05-10T09:00+03:00,710,1387.65,2873,19.58533126
2015-05-10T10:00+03:00,710,1421.18,3161,20.26068751
2015-05-10T11:00+03:00,710,1414.2,3148,19.58533126
2015-05-10T12:00+03:00,710,1439.52,3261,18.00950001
2015-05-10T13:00+03:00,708,1356.08,3204,15.75606132
2015-05-10T14:00+03:00,707,1351.72,3041,11.25593751
2015-05-10T15:00+03:00,706,1350.72,2949,11.25593751
2015-05-10T16:00+03:00,707,1375.95,2986,16.75558857
2015-05-10T17:00+03:00,707,1383.48,2905,18.00950001
2015-05-10T18:00+03:00,708,1446.24,2967,19.58533126
2015-05-10T19:00+03:00,708,1490.5,3180,24.32633214
2015-05-10T20:00+03:00,708,1739.53,3349,37.01627609
2015-05-10T21:00+03:00,709,1747.29,3698,45.92422503
2015-05-10T22:00+03:00,709,1677.84,3284,40.07113753
2015-05-10T23:00+03:00,708,1548.69,2957,30.95382814
2015-05-11T00:00+03:00,708,1457.6,2594,26.78913127
2015-05-11T01:00+03:00,708,1455.38,2432,23.46225588
2015-05-11T02:00+03:00,708,1552.09,2364,20.50025844
2015-05-11T03:00+03:00,708,1612.18,2327,18.54282311
2015-05-11T04:00+03:00,708,1591.44,2332,16.98990943
2015-05-11T05:00+03:00,708,1682.75,2345,17.16520215
2015-05-11T06:00+03:00,708,1752.05,2511,21.9992359
2015-05-11T07:00+03:00,708,2004.34,3155,34.99337034
2015-05-11T08:00+03:00,701,2171.26,3563,40.45216531
2015-05-11T09:00+03:00,660,2245.95,3680,40.94658067
2015-05-11T10:00+03:00,674,2218.69,3673,38.97341394
2015-05-11T11:00+03:00,669,2214.51,3729,37.02946266
2015-05-11T12:00+03:00,674,2244.12,3924,35.95972762
2015-05-11T13:00+03:00,670,2267.36,3992,32.92806257
2015-05-11T14:00+03:00,668,2192.01,3927,29.90763422
2015-05-11T15:00+03:00,683,1953.5,4081,27.75692743
2015-05-11T16:00+03:00,685,1915.33,4081,27.53893521
2015-05-11T17:00+03:00,687,1965.78,3948,27.80636897
2015-05-11T18:00+03:00,687,2188.26,3844,31.70101355
2015-05-11T19:00+03:00,687,2209.51,3913,36.15075174
2015-05-11T20:00+03:00,687,2336,4158,40.40047644
2015-05-11T21:00+03:00,687,2259.14,4531,40.87916039
2015-05-11T22:00+03:00,688,2145.67,4370,39.78695193
2015-05-11T23:00+03:00,689,2068.6,3997,34.84954042
2015-05-12T00:00+03:00,688,2020.04,3699,27.55017192
2015-05-12T01:00+03:00,692,1893.27,3509,24.07702136
2015-05-12T02:00+03:00,692,1888.92,3620,20.74600435
2015-05-12T03:00+03:00,693,1905.12,3689,18.04487682
2015-05-12T04:00+03:00,693,1930.34,3767,17.93279684
2015-05-12T05:00+03:00,693,1939.41,3830,18.41249916
2015-05-12T06:00+03:00,693,1959.34,3881,23.62870144
2015-05-12T07:00+03:00,693,2126.59,4448,31.15823452
2015-05-12T08:00+03:00,691,2287.3,4424,38.94106835
2015-05-12T09:00+03:00,694,2241.26,4499,40.29723611
2015-05-12T10:00+03:00,696,2273.16,4458,38.02201251
2015-05-12T11:00+03:00,695,2228.69,4409,35.47107216
2015-05-12T12:00+03:00,694,2171.88,4361,35.03844343
2015-05-12T13:00+03:00,694,2238.87,4290,32.30593351
2015-05-12T14:00+03:00,698,2286.87,4177,31.15823452
2015-05-12T15:00+03:00,704,2266.06,3990,31.15823452
2015-05-12T16:00+03:00,706,2246.13,3778,27.40579678
2015-05-12T17:00+03:00,706,2200.5,3637,27.51563516
2015-05-12T18:00+03:00,706,2218.32,3466,28.51314698
2015-05-12T19:00+03:00,706,2353.93,3420,32.14453834
2015-05-12T20:00+03:00,706,2365.9,3693,40.3487929
2015-05-12T21:00+03:00,706,2394.71,4385,52.69776513
2015-05-12T22:00+03:00,706,2350.65,3833,44.82975051
2015-05-12T23:00+03:00,707,2284.84,3077,40.12463294
2015-05-13T00:00+03:00,707,2112.66,2878,31.15823452
2015-05-13T01:00+03:00,709,2013.85,2572,27.62331839
2015-05-13T02:00+03:00,708,1869.72,2422,23.46412556
2015-05-13T03:00+03:00,709,1838.68,2405,17.93721973
2015-05-13T04:00+03:00,709,1810.42,2409,17.93721973
2015-05-13T05:00+03:00,709,1884.88,2424,20.97982063
2015-05-13T06:00+03:00,709,1978.68,2516,26.68161435
2015-05-13T07:00+03:00,709,2208.05,3174,32.47309417
2015-05-13T08:00+03:00,708,2359.62,3604,42.39461883
2015-05-13T09:00+03:00,708,2344.51,3717,42.15246637
2015-05-13T10:00+03:00,708,2339.33,3717,41.25560538
2015-05-13T11:00+03:00,691,2309.24,3791,40.13452915
2015-05-13T12:00+03:00,677,2272.09,3926,39.93721973
2015-05-13T13:00+03:00,674,2252.81,4071,39.01345291
2015-05-13T14:00+03:00,669,2258.01,4131,33.40807175
2015-05-13T15:00+03:00,690.73,2234.67,855.45,28.92376682
2015-05-13T16:00+03:00,697,2320.88,3842,26.68161435
2015-05-13T17:00+03:00,697,2310.45,3805,26.68161435
2015-05-13T18:00+03:00,697,2262.22,3846,28.22197309
2015-05-13T19:00+03:00,697,2440.05,3855,31.16591928
2015-05-13T20:00+03:00,697,2395.26,4070,37.60538117
2015-05-13T21:00+03:00,696,2714.12,4210,40.95067265
2015-05-13T22:00+03:00,697,2765.49,4006,38.0044843
2015-05-13T23:00+03:00,701,2729.32,3456,36.91704036
2015-05-14T00:00+03:00,707.76,2733.18,2971.19,29.88565022
2015-05-14T01:00+03:00,708.95,2653.27,2654,26.70496623
2015-05-14T02:00+03:00,708.91,2458.13,2618.75,20.19703328
2015-05-14T03:00+03:00,708.64,2409.37,2680.71,18.76304392
2015-05-14T04:00+03:00,708.7,2243.62,2832.86,17.07546958
2015-05-14T05:00+03:00,709.05,2249.54,2879.42,17.95291847
2015-05-14T06:00+03:00,709.04,2285,2903.54,26.70496623
2015-05-14T07:00+03:00,708.38,2635.7,3452.94,32.98848769
2015-05-14T08:00+03:00,680.84,2753.88,3729.37,44.6578847
2015-05-14T09:00+03:00,643.28,2697.34,3884.36,41.96494693
2015-05-14T10:00+03:00,676.69,2648.13,4004.3,40.16965508
2015-05-14T11:00+03:00,684.78,2701.19,4111.78,37.92554027
2015-05-14T12:00+03:00,690.71,2694.82,4253.09,40.12252867
2015-05-14T13:00+03:00,678.25,2709.13,4401.91,36.80348287
2015-05-14T14:00+03:00,683.45,2754.3,4272.76,31.19319584
2015-05-14T15:00+03:00,692.09,2744.96,4119.22,26.70496623
2015-05-14T16:00+03:00,691.63,2736.43,4030.17,17.95291847
2015-05-14T17:00+03:00,691,2662.01,4114.06,17.95291847
2015-05-14T18:00+03:00,695.3,2531.41,4192.46,20.19703328
2015-05-14T19:00+03:00,696.04,1893.57,4776.08,25.51782949
2015-05-14T20:00+03:00,695.99,2168.75,4961.36,31.19319584
2015-05-14T21:00+03:00,696.26,2332.07,5210.35,44.43347322
2015-05-14T22:00+03:00,696.73,2258.62,4876.66,40.39406656
2015-05-14T23:00+03:00,696.69,2238.06,4062.25,33.66172213
2015-05-15T00:00+03:00,702,2066.34,3604,30.74437288
2015-05-15T01:00+03:00,707,2064.94,3459,22.11675047
2015-05-15T02:00+03:00,708,2009.63,3430,19.86426462
2015-05-15T03:00+03:00,708,1935.17,3404,18.19575658
2015-05-15T04:00+03:00,708,1802.7,3304,17.01652725
2015-05-15T05:00+03:00,709,1858.75,3145,18.09429325
2015-05-15T06:00+03:00,708,1954.77,2990,23.81682487
2015-05-15T07:00+03:00,708,2215.39,3368,31.34089423
2015-05-15T08:00+03:00,708,2281.71,3672,40.3598566
2015-05-15T09:00+03:00,708,2268.92,3712,40.50866948
2015-05-15T10:00+03:00,702,2265.84,3790,40.48837681
2015-05-15T11:00+03:00,699,2276.74,3825,40.41847985
2015-05-15T12:00+03:00,684,2298.49,3929,44.64386372
2015-05-15T13:00+03:00,673,2312.13,4044,45.99670808
2015-05-15T14:00+03:00,672,2277.52,3994,44.64386372
2015-05-15T15:00+03:00,668,2262.88,3949,40.50866948
2015-05-15T16:00+03:00,671,2230.31,3936,40.11634461
2015-05-15T17:00+03:00,693,2150.01,3868,34.8943654
2015-05-15T18:00+03:00,694,2020.2,3836,31.34089423
2015-05-15T19:00+03:00,693,2096.25,3867,33.37016076
2015-05-15T20:00+03:00,694,2180.75,4172,34.4276341
2015-05-15T21:00+03:00,694,2227.3,4461,40.42749882
2015-05-15T22:00+03:00,695,2225.5,4245,35.65872246
2015-05-15T23:00+03:00,695,2277.19,3619,34.85378007
2015-05-16T00:00+03:00,696,1994.42,3139,30.14588172
2015-05-16T01:00+03:00,700,1937.34,2653,31.34089423
2015-05-16T02:00+03:00,700,1768.73,2653,27.15609569
2015-05-16T03:00+03:00,700,1664.64,2619,24.9013551
2015-05-16T04:00+03:00,701,1674.79,2563,22.29262023
2015-05-16T05:00+03:00,701,1640.87,2476,21.44483777
2015-05-16T06:00+03:00,702,1605.9,2542,21.22161845
2015-05-16T07:00+03:00,702,1588.39,2697,22.13929787
2015-05-16T08:00+03:00,702,1734.3,3020,31.34089423
2015-05-16T09:00+03:00,702,1925.71,3310,35.27541656
2015-05-16T10:00+03:00,702,1994.57,3401,34.24725485
2015-05-16T11:00+03:00,702,1985.05,3566,33.14694144
2015-05-16T12:00+03:00,703,2021.62,3524,33.09282767
2015-05-16T13:00+03:00,702,2026.83,3533,32.76814502
2015-05-16T14:00+03:00,702,1982.3,3367,30.07147528
2015-05-16T15:00+03:00,702,1958.44,3342,27.90241483
2015-05-16T16:00+03:00,702,1949.01,3274,25.19221664
2015-05-16T17:00+03:00,702,1961.61,3245,24.57667245
2015-05-16T18:00+03:00,701,1966.18,3164,26.83141305
2015-05-16T19:00+03:00,701,1956.02,3139,29.13124845
2015-05-16T20:00+03:00,701,2008.91,3280,35.28218079
2015-05-16T21:00+03:00,702,2063.97,3803,45.09481184
2015-05-16T22:00+03:00,701,2050.79,3527,40.58533066
2015-05-16T23:00+03:00,701,1932.62,3090,29.13350319
2015-05-17T00:00+03:00,701,1963.78,2672,23.03893937
2015-05-17T01:00+03:00,701,1658.27,2437,14.22064891
2015-05-17T02:00+03:00,700,1583.54,2268,9.109151992
2015-05-17T03:00+03:00,700,1538.96,2253,8.991905481
2015-05-17T04:00+03:00,700,1499.96,2281,9.578138035
2015-05-17T05:00+03:00,700,1475.25,2240,7.391039661
2015-05-17T06:00+03:00,701,1450.71,2124,7.968253252
2015-05-17T07:00+03:00,702,1441.48,2266,7.08439494
2015-05-17T08:00+03:00,701,1471.21,2588,10.92647291
2015-05-17T09:00+03:00,701,1490.91,2874,11.27370296
2015-05-17T10:00+03:00,701,1497.2,3019,12.80692656
2015-05-17T11:00+03:00,701,1508.55,3085,11.27370296
2015-05-17T12:00+03:00,701,1509.33,3170,15.03686501
2015-05-17T13:00+03:00,701,1482.62,3153,6.764221776
2015-05-17T14:00+03:00,701,1451.29,3031,4.004419292
2015-05-17T15:00+03:00,701,1442.1,2863,2.777840409
2015-05-17T16:00+03:00,701,1465.18,2806,2.777840409
2015-05-17T17:00+03:00,701,1458.37,2735,3.833059007
2015-05-17T18:00+03:00,701,1489.66,2974,10.604045
2015-05-17T19:00+03:00,701,1566.7,2993,18.54975085
2015-05-17T20:00+03:00,701,1772.72,3243,31.34089423
2015-05-17T21:00+03:00,701,2020.65,3633,41.05882618
2015-05-17T22:00+03:00,701,1961.67,3449,33.01616649
2015-05-17T23:00+03:00,701,1859.74,3020,26.4345787
2015-05-18T00:00+03:00,700,1807.7,2632,23.43126423
2015-05-18T01:00+03:00,700,1859.14,2435,21.76892144
2015-05-18T02:00+03:00,701,1838.64,2375,19.45499068
2015-05-18T03:00+03:00,700,1761,2397,17.95879855
2015-05-18T04:00+03:00,699,1777.78,2440,16.23121335
2015-05-18T05:00+03:00,700,1953.9,2550,19.95372138
2015-05-18T06:00+03:00,701,2039.57,2867,22.94610563
2015-05-18T07:00+03:00,701,2099.82,3661,34.63931885
2015-05-18T08:00+03:00,700,2146.72,4030,40.43762496
2015-05-18T09:00+03:00,684,2209.97,4085,40.90490419
2015-05-18T10:00+03:00,685,2292.01,3912,37.64742884
2015-05-18T11:00+03:00,678,2340.86,3834,34.00130299
2015-05-18T12:00+03:00,674,2357.02,3775,34.87295846
2015-05-18T13:00+03:00,686,2372.27,3775,32.8825287
2015-05-18T14:00+03:00,672,2379.68,3731,31.45148608
2015-05-18T15:00+03:00,674,2287.48,3633,30.44054546
2015-05-18T16:00+03:00,665,2224.62,3636,28.92638106
2015-05-18T17:00+03:00,675,2187.91,3632,28.87920383
2015-05-18T18:00+03:00,689,2281.42,3492,31.31220093
2015-05-18T19:00+03:00,688,2342.41,3402,35.75584661
2015-05-18T20:00+03:00,688,2416.45,3456,40.21297149
2015-05-18T21:00+03:00,689,2545.08,3835,44.70604093
2015-05-18T22:00+03:00,689,2494.79,3681,43.11100128
2015-05-18T23:00+03:00,689,2380.04,3080,36.54213376
2015-05-19T00:00+03:00,689,2179.89,2788,28.92638106
2015-05-19T01:00+03:00,694,2038.34,2557,22.51390233
2015-05-19T02:00+03:00,697,2033.44,2454,22.51390233
2015-05-19T03:00+03:00,696,1997.03,2429,22.51390233
2015-05-19T04:00+03:00,696,2005.71,2445,26.79154378
2015-05-19T05:00+03:00,696,2051.87,2404,26.79154378
2015-05-19T06:00+03:00,696,2266.45,2542,33.7708535
2015-05-19T07:00+03:00,696,2378.17,2926,40.29988518
2015-05-19T08:00+03:00,696,2454.84,3239,42.37116419
2015-05-19T09:00+03:00,696,2467.57,3531,42.17529324
2015-05-19T10:00+03:00,695,2385.41,3830,38.93329131
2015-05-19T11:00+03:00,695,2301.19,4090,34.34495801
2015-05-19T12:00+03:00,695,2298.33,4316,34.47779004
2015-05-19T13:00+03:00,695,2367.65,4411,31.85041763
2015-05-19T14:00+03:00,695,2279.92,4464,28.85832001
2015-05-19T15:00+03:00,695,2134.89,4514,26.53488529
2015-05-19T16:00+03:00,695,2071.83,4530,26.07560168
2015-05-19T17:00+03:00,695,2063.21,4398,26.06209334
2015-05-19T18:00+03:00,695,2282.1,4180,26.96715222
2015-05-19T19:00+03:00,694,2254.68,4053,30.59639327
2015-05-19T20:00+03:00,695,2416.15,4041,36.61435937
2015-05-19T21:00+03:00,695,2467.75,4437,41.06535786
2015-05-19T22:00+03:00,697,2359.37,4161,35.96370759
2015-05-19T23:00+03:00,697,2376.32,3428,35.04514037
2015-05-20T00:00+03:00,696,2276.64,3075,28.89434226
2015-05-20T01:00+03:00,697,2244.59,2927,29.04735125
2015-05-20T02:00+03:00,698,2099.89,2938,25.29974131
2015-05-20T03:00+03:00,698,2012.71,3192,23.50016871
2015-05-20T04:00+03:00,698,2010.19,3134,21.09998875
2015-05-20T05:00+03:00,698,2024.26,3183,22.40917782
2015-05-20T06:00+03:00,699,2033.36,3563,25.00056237
2015-05-20T07:00+03:00,698,2358.28,4074,31.89067596
2015-05-20T08:00+03:00,687,2509.87,4337,40.26543696
2015-05-20T09:00+03:00,675,2408.57,4619,31.26757395
2015-05-20T10:00+03:00,679,2155.87,4899,26.76864245
2015-05-20T11:00+03:00,679,2106.57,4906,17.99572602
2015-05-20T12:00+03:00,679,2018.85,4991,17.99572602
2015-05-20T13:00+03:00,668,2191.68,4955,20.02024519
2015-05-20T14:00+03:00,665,2427.52,4702,22.49465752
2015-05-20T15:00+03:00,681,2578.53,4441,26.76864245
2015-05-20T16:00+03:00,681,2604.67,4376,31.26757395
2015-05-20T17:00+03:00,682,2563.5,4246,34.69575976
2015-05-20T18:00+03:00,683,2587.34,4006,34.90046114
2015-05-20T19:00+03:00,682,2555.45,3834,38.33989428
2015-05-20T20:00+03:00,683,2591.23,3963,41.3991677
2015-05-20T21:00+03:00,683,2669.1,4140,43.04577663
2015-05-20T22:00+03:00,683,2647.03,3932,41.04825104
2015-05-20T23:00+03:00,684,2594.07,3269,38.95849736
2015-05-21T00:00+03:00,684,2579.51,2998,32.00089979
2015-05-21T01:00+03:00,685,2503.87,2873,28.40686661
2015-05-21T02:00+03:00,692,2311.41,2980,26.00625464
2015-05-21T03:00+03:00,692,2460,2862,23.0139267
2015-05-21T04:00+03:00,693,2643.09,2522,21.70900173
2015-05-21T05:00+03:00,692,2681.5,2513,22.48070736
2015-05-21T06:00+03:00,693,2663.56,2863,25.01631156
2015-05-21T07:00+03:00,692,2808.35,3361,32.51963012
2015-05-21T08:00+03:00,683,2909.69,3615,43.93547371
2015-05-21T09:00+03:00,664,2994.12,3741,44.99741265
2015-05-21T10:00+03:00,668,2935.72,3707,42.31556685
2015-05-21T11:00+03:00,640,2863.64,3693,39.37273607
2015-05-21T12:00+03:00,652,2733.74,3870,38.02281369
2015-05-21T13:00+03:00,655,2798.93,3958,37.44459694
2015-05-21T14:00+03:00,663,2863.09,3916,32.20914797
2015-05-21T15:00+03:00,687,2816.86,3949,29.80853601
2015-05-21T16:00+03:00,687,2772.25,3923,26.77346053
2015-05-21T17:00+03:00,688,2551.44,4039,29.72754067
2015-05-21T18:00+03:00,698,2533.35,3930,32.02915832
2015-05-21T19:00+03:00,698,2318.57,3608,36.17117016
2015-05-21T20:00+03:00,699,2313.08,3611,38.2208023
2015-05-21T21:00+03:00,697,2416.49,3762,44.77242559
2015-05-21T22:00+03:00,694,2392.59,3400,39.147749
2015-05-21T23:00+03:00,694,2405.99,2776,38.81026841
2015-05-22T00:00+03:00,693,2549,2349,32.55562805
2015-05-22T01:00+03:00,694,2406,2228,29.65391785
2015-05-22T02:00+03:00,697,2271,2212,26.06957576
2015-05-22T03:00+03:00,697,2176,2336,24.57609989
2015-05-22T04:00+03:00,697,2044,2563,22.84007456
2015-05-22T05:00+03:00,699,2030,2670,23.5475105
2015-05-22T06:00+03:00,700,2119,2842,25.99546343
2015-05-22T07:00+03:00,699,2330,3332,35.66824623
2015-05-22T08:00+03:00,692,2591,3418,42.6707391
2015-05-22T09:00+03:00,655,2647,3642,46.9445505
2015-05-22T10:00+03:00,665,2614,3957,41.10090507
2015-05-22T11:00+03:00,654,2442,4038,38.46205673
2015-05-22T12:00+03:00,664,2410,4213,38.77198105
2015-05-22T13:00+03:00,690,2507,4146,35.75807937
2015-05-22T14:00+03:00,746,2627,3977,33.16863925
2015-05-22T15:00+03:00,717,2635,3801,30.88912345
2015-05-22T16:00+03:00,694,2641,3747,29.19576886
2015-05-22T17:00+03:00,695,2609,3560,28.02120062
2015-05-22T18:00+03:00,695,2629,3358,30.94077751
2015-05-22T19:00+03:00,695,2658,3243,35.70867114
2015-05-22T20:00+03:00,695,2574,3290,38.15213241
2015-05-22T21:00+03:00,701,2615,3528,40.83589732
2015-05-22T22:00+03:00,703,2553,3302,37.86466638
2015-05-22T23:00+03:00,704,2469,2863,35.9107957
2015-05-23T00:00+03:00,704,2248,2507,30.34563299
2015-05-23T01:00+03:00,703,2178,2386,28.90381117
2015-05-23T02:00+03:00,703,1997,2414,24.96911986
2015-05-23T03:00+03:00,703,1972,2314,22.3684506
2015-05-23T04:00+03:00,704,1979,2304,20.96929953
2015-05-23T05:00+03:00,703,1963,2362,20.98052867
2015-05-23T06:00+03:00,704,1954,2376,21.5689357
2015-05-23T07:00+03:00,704,2006,2393,22.3684506
2015-05-23T08:00+03:00,704,2082,2790,25.08141128
2015-05-23T09:00+03:00,704,2169,3095,28.64778674
2015-05-23T10:00+03:00,704,2177,3295,28.7555865
2015-05-23T11:00+03:00,698,2128,3405,28.97792351
2015-05-23T12:00+03:00,700,2099,3386,29.45403912
2015-05-23T13:00+03:00,697,2131,3460,27.33622297
2015-05-23T14:00+03:00,697,2032,3399,24.3941878
2015-05-23T15:00+03:00,699,1994,3240,22.45828374
2015-05-23T16:00+03:00,698,2030,3066,21.58016484
2015-05-23T17:00+03:00,700,2003,2921,21.02993689
2015-05-23T18:00+03:00,703,2033,2926,22.86927033
2015-05-23T19:00+03:00,703,2130,2867,27.45076021
2015-05-23T20:00+03:00,704,2144,2884,29.47425158
2015-05-23T21:00+03:00,705,2172,3232,33.98387495
2015-05-23T22:00+03:00,704,2181,3188,32.34666607
2015-05-23T23:00+03:00,704,2166,2823,29.56633054
2015-05-24T00:00+03:00,703,2018,2413,26.26720866
2015-05-24T01:00+03:00,704,1838,2175,24.6479664
2015-05-24T02:00+03:00,703,1805,1834,20.99624947
2015-05-24T03:00+03:00,703,1806,1659,19.09178701
2015-05-24T04:00+03:00,703,1807,1600,19.28043659
2015-05-24T05:00+03:00,704,1792,1494,18.51236329
2015-05-24T06:00+03:00,704,1742,1455,17.96662699
2015-05-24T07:00+03:00,704,1711,1614,16.53378849
2015-05-24T08:00+03:00,704,1735,1855,17.65221102
2015-05-24T09:00+03:00,705,1751,2124,18.24286388
2015-05-24T10:00+03:00,705,1745,2361,20.1203764
2015-05-24T11:00+03:00,706,1855,2533,20.54259214
2015-05-24T12:00+03:00,706,1847,2685,21.06362432
2015-05-24T13:00+03:00,706,1815,2707,20.21245536
2015-05-24T14:00+03:00,705,1782,2537,17.96662699
2015-05-24T15:00+03:00,705,1766,2350,14.08583556
2015-05-24T16:00+03:00,705,1770,2295,12.97639634
2015-05-24T17:00+03:00,705,1770,2330,15.93415231
2015-05-24T18:00+03:00,705,1868,2279,19.46010286
2015-05-24T19:00+03:00,705,1862,2565,23.48911896
2015-05-24T20:00+03:00,705,1820,2768,28.32214162
2015-05-24T21:00+03:00,706,1947,3007,37.86691221
2015-05-24T22:00+03:00,705,1894,2886,38.17683653
2015-05-24T23:00+03:00,706,1894,2686,32.85871494
2015-05-25T00:00+03:00,705,1826,2474,27.31376468
2015-05-25T01:00+03:00,705,1711,2226,22.45828374
2015-05-25T02:00+03:00,704,1728,1887,19.29615739
2015-05-25T03:00+03:00,704,1622,1932,16.78307544
2015-05-25T04:00+03:00,705,1666,1896,15.79491095
2015-05-25T05:00+03:00,706,1666,1886,15.67139039
2015-05-25T06:00+03:00,706,1775,2054,18.19120983
2015-05-25T07:00+03:00,706,1862,2709,22.45828374
2015-05-25T08:00+03:00,699,1934,3065,22.45828374
2015-05-25T09:00+03:00,669,2067,3188,22.45828374
2015-05-25T10:00+03:00,682,2159,3389,22.45828374
2015-05-25T11:00+03:00,654,2165,3694,22.67388326
2015-05-25T12:00+03:00,666,2173,3804,24.73555371
2015-05-25T13:00+03:00,666,2266,3742,22.45828374
2015-05-25T14:00+03:00,679,2303,3737,20.25961776
2015-05-25T15:00+03:00,674,2311,3679,18.61342556
2015-05-25T16:00+03:00,675,2307,3468,17.96662699
2015-05-25T17:00+03:00,690,2294,3419,17.96662699
2015-05-25T18:00+03:00,689,2297,3336,19.12996609
2015-05-25T19:00+03:00,689,2295,3356,22.03831383
2015-05-25T20:00+03:00,689,2320,3625,25.11734453
2015-05-25T21:00+03:00,689,2335,4038,31.84360051
2015-05-25T22:00+03:00,690,2312,3737,31.2170144
2015-05-25T23:00+03:00,689,2253,3161,30.03346284
2015-05-26T00:00+03:00,689,2140,2784,26.72535765
2015-05-26T01:00+03:00,689,1827,2346,26.69538103
2015-05-26T02:00+03:00,689,1898,2241,22.4330933
2015-05-26T03:00+03:00,694,1928,2210,22.4330933
2015-05-26T04:00+03:00,697,1878,2298,26.69538103
2015-05-26T05:00+03:00,698,1906,2332,26.69538103
2015-05-26T06:00+03:00,698,2036,2378,31.18199969
2015-05-26T07:00+03:00,698,2164,2948,41.00096462
2015-05-26T08:00+03:00,698,2346,3270,52.78731184
2015-05-26T09:00+03:00,698,2403,3383,50.3017251
2015-05-26T10:00+03:00,698,2361,3597,49.35280526
2015-05-26T11:00+03:00,698,2315,3724,47.10949593
2015-05-26T12:00+03:00,698,2318,3785,47.10949593
2015-05-26T13:00+03:00,699,2350,3869,46.28171479
2015-05-26T14:00+03:00,699,2341,3816,41.00993786
2015-05-26T15:00+03:00,698,2378,3872,42.91675079
2015-05-26T16:00+03:00,698,2329,3822,39.01787918
2015-05-26T17:00+03:00,697,2287,3762,38.01736321
2015-05-26T18:00+03:00,697,2286,3699,36.94281805
2015-05-26T19:00+03:00,698,2307,3628,36.92262826
2015-05-26T20:00+03:00,697,2320,3702,38.1093389
2015-05-26T21:00+03:00,697,2364,4076,49.35280526
2015-05-26T22:00+03:00,699,2274,3792,40.37956794
2015-05-26T23:00+03:00,699,2105,3229,36.93608812
2015-05-27T00:00+03:00,700,1958,2862,30.66828185
2015-05-27T01:00+03:00,700,1969,2766,27.04807346
2015-05-27T02:00+03:00,700,1923,2644,24.13575801
2015-05-27T03:00+03:00,699,2013,2355,22.50630176
2015-05-27T04:00+03:00,699,2031,2464,22.53330933
2015-05-27T05:00+03:00,699,2023,2437,22.882157
2015-05-27T06:00+03:00,700,2054,2489,26.03754051
2015-05-27T07:00+03:00,700,2286,2941,39.10920058
2015-05-27T08:00+03:00,685,2468,3094,42.11604249
2015-05-27T09:00+03:00,657,2481,3318,42.49414836
2015-05-27T10:00+03:00,663,2441,3340,39.1182031
2015-05-27T11:00+03:00,652,2460,3414,39.10244869
2015-05-27T12:00+03:00,668,2433,3371,40.13098668
2015-05-27T13:00+03:00,660,2511,3496,40.51134318
2015-05-27T14:00+03:00,657,2468,3487,39.15196255
2015-05-27T15:00+03:00,681,2429,3461,39.10469932
2015-05-27T16:00+03:00,684,2445,3518,36.65151242
2015-05-27T17:00+03:00,687,2457,3434,31.28375945
2015-05-27T18:00+03:00,688,2488,3358,31.63935902
2015-05-27T19:00+03:00,688,2468,3292,38.10316889
2015-05-27T20:00+03:00,693,2447,3381,39.83615412
2015-05-27T21:00+03:00,696,2457,3618,45.61127116
2015-05-27T22:00+03:00,697,2334,3474,45.23766655
2015-05-27T23:00+03:00,697,2143,3172,37.62153403
2015-05-28T00:00+03:00,700,2010,2949,30.13368743
2015-05-28T01:00+03:00,702,2010,2870,29.00540054
2015-05-28T02:00+03:00,702,1828,3299,25.1080108
2015-05-28T03:00+03:00,702,1798,3487,13.27632763
2015-05-28T04:00+03:00,702,1818,3486,9.225922592
2015-05-28T05:00+03:00,702,1815,3616,9.225922592
2015-05-28T06:00+03:00,701,1846,3861,13.95139514
2015-05-28T07:00+03:00,701,1843,4509,15.75382538
2015-05-28T08:00+03:00,686,1869,4935,22.50225023
2015-05-28T09:00+03:00,657,1832,5089,26.77767777
2015-05-28T10:00+03:00,661,1774,5104,18.00180018
2015-05-28T11:00+03:00,642,1748,5116,15.75382538
2015-05-28T12:00+03:00,655,1820,4977,15.75382538
2015-05-28T13:00+03:00,654,1912,4942,15.75382538
2015-05-28T14:00+03:00,657,1942,4881,15.75382538
2015-05-28T15:00+03:00,675,1963,4721,11.47614761
2015-05-28T16:00+03:00,681,1913,4774,9.225922592
2015-05-28T17:00+03:00,689,1867,4806,9.225922592
2015-05-28T18:00+03:00,687,1794,4840,11.47614761
2015-05-28T19:00+03:00,686,1926,4790,15.75382538
2015-05-28T20:00+03:00,686,2255,4700,26.77767777
2015-05-28T21:00+03:00,686,2504,4785,31.27812781
2015-05-28T22:00+03:00,687,2355,4536,26.77767777
2015-05-28T23:00+03:00,688,2141,4133,20.4770477
2015-05-29T00:00+03:00,687,1918,3908,13.72637264
2015-05-29T01:00+03:00,697,1830,3701,11.28231738
2015-05-29T02:00+03:00,700,1792,3647,9.249650318
2015-05-29T03:00+03:00,700,1804,3621,11.28006136
2015-05-29T04:00+03:00,700,1779,3640,11.28231738
2015-05-29T05:00+03:00,700,1754,3684,11.50566259
2015-05-29T06:00+03:00,700,1806,3831,18.04809818
2015-05-29T07:00+03:00,700,2017,4267,18.04809818
2015-05-29T08:00+03:00,697,2056,4670,20.52971168
2015-05-29T09:00+03:00,685,1792,5082,18.04809818
2015-05-29T10:00+03:00,684,1720,5144,9.249650318
2015-05-29T11:00+03:00,669,1752,5058,4.060822091
2015-05-29T12:00+03:00,683,1821,5008,3.835220864
2015-05-29T13:00+03:00,660,1822,5012,4.624825159
2015-05-29T14:00+03:00,673,1751,4962,4.737625773
2015-05-29T15:00+03:00,688,1792,4750,6.993638045
2015-05-29T16:00+03:00,688,1865,4594,11.50566259
2015-05-29T17:00+03:00,688,2138,4341,26.84654605
2015-05-29T18:00+03:00,695,2393,3906,30.42683752
2015-05-29T19:00+03:00,696,2429,3681,32.22262329
2015-05-29T20:00+03:00,696,2381,3512,34.09511348
2015-05-29T21:00+03:00,696,2394,3706,34.4493074
2015-05-29T22:00+03:00,696,2371,3854,33.271669
2015-05-29T23:00+03:00,697,2343,3433,32.08500654
2015-05-30T00:00+03:00,701,2138,3029,28.17759329
2015-05-30T01:00+03:00,701,2136,2837,31.35857059
2015-05-30T02:00+03:00,702,2000,2757,19.23024861
2015-05-30T03:00+03:00,704,1905,2808,15.33862744
2015-05-30T04:00+03:00,704,1767,2973,14.82876867
2015-05-30T05:00+03:00,705,1735,2951,14.33470198
2015-05-30T06:00+03:00,705,1623,2849,14.51518296
2015-05-30T07:00+03:00,705,1679,2866,16.64034652
2015-05-30T08:00+03:00,705,1849,3046,27.02928304
2015-05-30T09:00+03:00,705,1935,3122,39.45991066
2015-05-30T10:00+03:00,705,1992,3220,38.1063033
2015-05-30T11:00+03:00,705,1970,3311,39.02901232
2015-05-30T12:00+03:00,705,2095,3400,44.35545729
2015-05-30T13:00+03:00,705,2104,3445,43.12367459
2015-05-30T14:00+03:00,704,2044,3329,40.30365925
2015-05-30T15:00+03:00,704,2063,3233,37.17005821
2015-05-30T16:00+03:00,704,2117,3173,40.38261968
2015-05-30T17:00+03:00,704,2114,3086,42.53259938
2015-05-30T18:00+03:00,704,2111,2966,43.1439787
2015-05-30T19:00+03:00,704,2107,2877,45.14054956
2015-05-30T20:00+03:00,704,2077,2934,45.19469386
2015-05-30T21:00+03:00,705,2121,3289,50.98362135
2015-05-30T22:00+03:00,704,2222,3379,52.79068718
2015-05-30T23:00+03:00,704,2190,2981,40.38261968
2015-05-31T00:00+03:00,703,2151,2554,31.35857059
2015-05-31T01:00+03:00,703,2112,2334,31.35857059
2015-05-31T02:00+03:00,702,1884,2181,23.07674954
2015-05-31T03:00+03:00,702,1756,2165,20.30411045
2015-05-31T04:00+03:00,703,1710,2142,20.30411045
2015-05-31T05:00+03:00,703,1662,2009,18.63466137
2015-05-31T06:00+03:00,703,1608,1919,15.79208591
2015-05-31T07:00+03:00,702,1623,1995,18.04809818
2015-05-31T08:00+03:00,703,1676,2265,18.04809818
2015-05-31T09:00+03:00,704,1718,2621,20.30411045
2015-05-31T10:00+03:00,704,1792,2841,26.84654605
2015-05-31T11:00+03:00,704,1861,2934,26.84654605
2015-05-31T12:00+03:00,704,1991,2976,31.35857059
2015-05-31T13:00+03:00,704,1923,2959,30.06587556
2015-05-31T14:00+03:00,704,1770,2974,26.84654605
2015-05-31T15:00+03:00,704,1717,2861,21.79759058
2015-05-31T16:00+03:00,704,1719,2727,26.84654605
2015-05-31T17:00+03:00,704,1846,2737,31.35857059
2015-05-31T18:00+03:00,704,1838,2690,31.35857059
2015-05-31T19:00+03:00,704,1759,2592,26.84654605
2015-05-31T20:00+03:00,704,1968,2618,37.08884176
2015-05-31T21:00+03:00,704,2118,2948,46.24825159
2015-05-31T22:00+03:00,704,2152,3023,46.92505527
2015-05-31T23:00+03:00,704,2036,2735,37.10012182
2015-06-01T00:00+03:00,703,2016,2278,37.09786581
2015-06-01T01:00+03:00,703,1912,2081,31.28587184
2015-06-01T02:00+03:00,698,1866,2032,31.28587184
2015-06-01T03:00+03:00,696,1882,2004,31.28587184
2015-06-01T04:00+03:00,697,1933,2009,31.28587184
2015-06-01T05:00+03:00,701,1962,1917,31.28587184
2015-06-01T06:00+03:00,702,2019,1929,40.28900043
2015-06-01T07:00+03:00,702,1987,2249,40.28900043
2015-06-01T08:00+03:00,702,2052,2559,44.96612573
2015-06-01T09:00+03:00,695,2055,2787,45.87319093
2015-06-01T10:00+03:00,689,2071,3025,44.9953859
2015-06-01T11:00+03:00,692,2062,3089,44.16034572
2015-06-01T12:00+03:00,693,2075,3176,43.67867834
2015-06-01T13:00+03:00,694,2085,3209,44.79056472
2015-06-01T14:00+03:00,696,1999,3231,40.03241126
2015-06-01T15:00+03:00,697,2039,3237,40.28900043
2015-06-01T16:00+03:00,696,2059,3158,40.51407864
2015-06-01T17:00+03:00,696,2083,3145,47.19214927
2015-06-01T18:00+03:00,696,2100,3016,45.88219406
2015-06-01T19:00+03:00,696,2123,2897,47.26642508
2015-06-01T20:00+03:00,696,2184,3042,54.01652074
2015-06-01T21:00+03:00,696,2293,3381,55.81939724
2015-06-01T22:00+03:00,696,2250,3275,54.01652074
2015-06-01T23:00+03:00,695,2239,2788,54.01877152
2015-06-02T00:00+03:00,694,2180,2210,47.26642508
2015-06-02T01:00+03:00,694,1891,2026,31.32959181
2015-06-02T02:00+03:00,695,1840,1887,26.82173688
2015-06-02T03:00+03:00,695,1796,1861,25.55953749
2015-06-02T04:00+03:00,702,1842,1862,23.66623842
2015-06-02T05:00+03:00,744,1855,1820,25.76013704
2015-06-02T06:00+03:00,831,2099,1914,31.32959181
2015-06-02T07:00+03:00,883,2395,2476,44.93204409
2015-06-02T08:00+03:00,924,2540,2800,49.58640431
2015-06-02T09:00+03:00,948,2538,3099,54.09200532
2015-06-02T10:00+03:00,1010,2495,3167,51.84033178
2015-06-02T11:00+03:00,1022,2466,3238,49.58640431
2015-06-02T12:00+03:00,1022,2539,3379,51.84033178
2015-06-02T13:00+03:00,1001,2586,3480,51.84033178
2015-06-02T14:00+03:00,1006,2580,3664,54.09200532
2015-06-02T15:00+03:00,1006,2559,3661,49.58640431
2015-06-02T16:00+03:00,1004,2626,3509,44.965853
2015-06-02T17:00+03:00,999,2775,3161,39.68039308
2015-06-02T18:00+03:00,1018,2820,3098,45.00191584
2015-06-02T19:00+03:00,1022,2851,2930,46.89296098
2015-06-02T20:00+03:00,1022,2841,2925,47.62999527
2015-06-02T21:00+03:00,1024,2934,3211,51.84033178
2015-06-02T22:00+03:00,1036,2910,3333,51.84033178
2015-06-02T23:00+03:00,1143,2744,2494,42.11238082
2015-06-03T00:00+03:00,1214,2439,2056,31.32959181
2015-06-03T01:00+03:00,1252,2413,1951,31.42734405
2015-06-03T02:00+03:00,1354,2161,1729,22.60960004
2015-06-03T03:00+03:00,1379,2064,1613,12.0803093
2015-06-03T04:00+03:00,1380,2030,1708,11.53089602
2015-06-03T05:00+03:00,1380,1996,1739,13.56576002
2015-06-03T06:00+03:00,1380,2154,1883,26.90542404
2015-06-03T07:00+03:00,1380,2560,2436,40.69728007
2015-06-03T08:00+03:00,1379,2609,2744,45.16493703
2015-06-03T09:00+03:00,1341,2802,3027,53.25917385
2015-06-03T10:00+03:00,1340,2872,3147,53.18682313
2015-06-03T11:00+03:00,1339,2837,3218,52.00208008
2015-06-03T12:00+03:00,1339,2873,3321,52.00208008
2015-06-03T13:00+03:00,1373,2912,3483,54.48913609
2015-06-03T14:00+03:00,1361,2849,3490,56.07180809
2015-06-03T15:00+03:00,1361,2812,3377,52.00208008
2015-06-03T16:00+03:00,1381,2797,3367,54.03694409
2015-06-03T17:00+03:00,1389,2683,3225,51.77598408
2015-06-03T18:00+03:00,1388,2806,2934,49.28892808
2015-06-03T19:00+03:00,1390,2678,2656,40.69728007
2015-06-03T20:00+03:00,1391,2697,2712,45.21920007
2015-06-03T21:00+03:00,1392,2711,2923,47.5751204
2015-06-03T22:00+03:00,1393,2666,2788,40.69728007
2015-06-03T23:00+03:00,1393,2471,2327,39.06486694
2015-06-04T00:00+03:00,1390,2433,2124,33.80587397
2015-06-04T01:00+03:00,1391,2228,2004,30.09601265
2015-06-04T02:00+03:00,1392,2153,2055,28.18931436
2015-06-04T03:00+03:00,1395,1985,2000,25.88275161
2015-06-04T04:00+03:00,1395,2007,2012,24.61312549
2015-06-04T05:00+03:00,1396,1991,1904,23.8359878
2015-06-04T06:00+03:00,1396,2000,2011,26.43171806
2015-06-04T07:00+03:00,1397,2242,2431,28.88286457
2015-06-04T08:00+03:00,1397,2456,2712,38.63097255
2015-06-04T09:00+03:00,1373,2518,2835,37.19643059
2015-06-04T10:00+03:00,1360,2517,3079,36.20467638
2015-06-04T11:00+03:00,1385,2526,3240,37.18513498
2015-06-04T12:00+03:00,1385,2551,3477,44.95651192
2015-06-04T13:00+03:00,1385,2498,3579,44.71026771
2015-06-04T14:00+03:00,1361,2500,3526,40.43826951
2015-06-04T15:00+03:00,1357,2522,3383,39.16638428
2015-06-04T16:00+03:00,1366,2466,3303,39.16412516
2015-06-04T17:00+03:00,1370,2390,3108,31.40178471
2015-06-04T18:00+03:00,1391,2176,3160,31.40178471
2015-06-04T19:00+03:00,1391,2267,3215,34.3951203
2015-06-04T20:00+03:00,1395,2313,3399,40.85168869
2015-06-04T21:00+03:00,1400,2393,3601,42.92330284
2015-06-04T22:00+03:00,1401,2364,3685,40.43826951
2015-06-04T23:00+03:00,1403,2221,3419,31.62769683
2015-06-05T00:00+03:00,1404,2015,3232,26.8835423
2015-06-05T01:00+03:00,1404,1881,3412,20.44760022
2015-06-05T02:00+03:00,1404,1793,3490,4.718676973
2015-06-05T03:00+03:00,1405,1762,3431,2.768290491
2015-06-05T04:00+03:00,1405,1796,3436,2.768290491
2015-06-05T05:00+03:00,1405,1762,3444,2.768290491
2015-06-05T06:00+03:00,1404,1843,3681,2.768290491
2015-06-05T07:00+03:00,1403,1906,4244,2.768290491
2015-06-05T08:00+03:00,1396,1862,4685,4.718676973
2015-06-05T09:00+03:00,1386,1871,4871,6.965666008
2015-06-05T10:00+03:00,1395,1898,4840,3.370483552
2015-06-05T11:00+03:00,1371,1816,4929,2.768290491
2015-06-05T12:00+03:00,1337,1867,4831,2.768290491
2015-06-05T13:00+03:00,1359,1891,4859,4.583857631
2015-06-05T14:00+03:00,1353,1797,4832,4.718676973
2015-06-05T15:00+03:00,1362,1737,4805,8.987956139
2015-06-05T16:00+03:00,1385,1833,4696,11.23494517
2015-06-05T17:00+03:00,1397,1830,4686,17.97591228
2015-06-05T18:00+03:00,1397,1947,4481,26.73916951
2015-06-05T19:00+03:00,1396,2276,4183,31.45784649
2015-06-05T20:00+03:00,1397,2171,4011,38.86167536
2015-06-05T21:00+03:00,1396,2177,4205,38.92459105
2015-06-05T22:00+03:00,1397,2234,4368,37.52471688
2015-06-05T23:00+03:00,1399,2084,4117,31.23314758
2015-06-06T00:00+03:00,1403,1744,3913,26.73916951
2015-06-06T01:00+03:00,1404,1669,3779,20.44760022
2015-06-06T02:00+03:00,1404,1646,3651,17.97591228
2015-06-06T03:00+03:00,1404,1631,3587,13.70663311
2015-06-06T04:00+03:00,1404,1633,3534,13.70663311
2015-06-06T05:00+03:00,1404,1600,3391,11.45964408
2015-06-06T06:00+03:00,1403,1584,3436,13.70663311
2015-06-06T07:00+03:00,1404,1711,3571,20.08358799
2015-06-06T08:00+03:00,1404,1846,3872,22.41596261
2015-06-06T09:00+03:00,1404,1846,4072,22.46989035
2015-06-06T10:00+03:00,1404,1805,4109,20.44760022
2015-06-06T11:00+03:00,1403,1802,4175,18.20061118
2015-06-06T12:00+03:00,1403,1792,4178,13.70663311
2015-06-06T13:00+03:00,1403,1776,4150,13.70663311
2015-06-06T14:00+03:00,1403,1801,4070,11.23719216
2015-06-06T15:00+03:00,1403,1787,4026,11.45964408
2015-06-06T16:00+03:00,1403,1782,4057,18.20061118
2015-06-06T17:00+03:00,1403,1851,3948,22.01599856
2015-06-06T18:00+03:00,1403,1817,3741,25.70330757
2015-06-06T19:00+03:00,1399,1880,3461,28.8738091
2015-06-06T20:00+03:00,1400,1884,3370,31.40841273
2015-06-06T21:00+03:00,1403,1898,3432,38.94930793
2015-06-06T22:00+03:00,1402,1912,3615,44.76451555
2015-06-06T23:00+03:00,1401,1891,3342,34.46881179
2015-06-07T00:00+03:00,1405,1818,3034,30.38378573
2015-06-07T01:00+03:00,1405,1834,2601,22.69458925
2015-06-07T02:00+03:00,1405,1738,2389,18.57136437
2015-06-07T03:00+03:00,1405,1668,2428,16.62322488
2015-06-07T04:00+03:00,1405,1712,2365,14.65710947
2015-06-07T05:00+03:00,1405,1744,2236,14.11333813
2015-06-07T06:00+03:00,1405,1592,2307,13.57855474
2015-06-07T07:00+03:00,1406,1579,2361,14.17625382
2015-06-07T08:00+03:00,1406,1642,2515,14.47735035
2015-06-07T09:00+03:00,1406,1718,2657,16.07495955
2015-06-07T10:00+03:00,1406,1811,2936,19.01851519
2015-06-07T11:00+03:00,1407,1769,3155,19.12637066
2015-06-07T12:00+03:00,1406,1682,3416,20.22290131
2015-06-07T13:00+03:00,1407,1455,3715,18.20061118
2015-06-07T14:00+03:00,1407,1370,3727,15.95362215
2015-06-07T15:00+03:00,1408,1369,3690,15.67499551
2015-06-07T16:00+03:00,1408,1385,3680,14.0773863
2015-06-07T17:00+03:00,1408,1390,3586,16.2906705
2015-06-07T18:00+03:00,1407,1442,3286,19.30837678
2015-06-07T19:00+03:00,1406,1571,3265,23.34846306
2015-06-07T20:00+03:00,1405,1821,2968,26.74815747
2015-06-07T21:00+03:00,1406,1818,3287,36.98543951
2015-06-07T22:00+03:00,1406,1851,3289,44.9600036
2015-06-07T23:00+03:00,1406,1810,2891,30.55006292
2015-06-08T00:00+03:00,1405,1892,2519,24.71687938
2015-06-08T01:00+03:00,1405,1960,2212,22.35536082
2015-06-08T02:00+03:00,1405,2083,2151,20.44174193
2015-06-08T03:00+03:00,1406,2115,2189,18.23750335
2015-06-08T04:00+03:00,1406,2004,2388,15.87230618
2015-06-08T05:00+03:00,1406,1859,2504,13.41321649
2015-06-08T06:00+03:00,1407,1930,2795,20.62058482
2015-06-08T07:00+03:00,1405,2096,3429,26.60287937
2015-06-08T08:00+03:00,1396,2407,3711,31.07395153
2015-06-08T09:00+03:00,1368,2297,4008,26.60287937
2015-06-08T10:00+03:00,1368,2131,4317,22.57891442
2015-06-08T11:00+03:00,1348,2232,4241,20.34337834
2015-06-08T12:00+03:00,1341,2239,4263,20.11982473
2015-06-08T13:00+03:00,1347,2258,4368,22.57891442
2015-06-08T14:00+03:00,1345,2197,4334,22.57891442
2015-06-08T15:00+03:00,1356,2197,4322,22.57891442
2015-06-08T16:00+03:00,1356,2274,4187,26.60287937
2015-06-08T17:00+03:00,1372,2493,3903,26.82643298
2015-06-08T18:00+03:00,1390,2686,3596,31.07395153
2015-06-08T19:00+03:00,1390,2720,3255,37.1501386
2015-06-08T20:00+03:00,1392,2760,3027,39.75677367
2015-06-08T21:00+03:00,1393,2805,3062,44.71072163
2015-06-08T22:00+03:00,1395,2921,3001,42.78368953
2015-06-08T23:00+03:00,1395,2879,2533,35.69927569
2015-06-09T00:00+03:00,1395,2678,2311,28.76240723
2015-06-09T01:00+03:00,1398,2278,2377,25.00502468
2015-06-09T02:00+03:00,1399,2243,2318,22.55521561
2015-06-09T03:00+03:00,1399,2194,2182,19.97364836
2015-06-09T04:00+03:00,1399,2227,2176,18.57567163
2015-06-09T05:00+03:00,1399,2178,2085,19.56274146
2015-06-09T06:00+03:00,1399,2209,2219,22.55521561
2015-06-09T07:00+03:00,1400,2437,2546,30.75102168
2015-06-09T08:00+03:00,1399,2732,2753,41.42790147
2015-06-09T09:00+03:00,1377,2717,3051,46.59773555
2015-06-09T10:00+03:00,1379,2712,3195,43.45117131
2015-06-09T11:00+03:00,1385,2743,3303,42.70751915
2015-06-09T12:00+03:00,1387,2791,3337,43.23901829
2015-06-09T13:00+03:00,1396,2824,3403,41.45023337
2015-06-09T14:00+03:00,1396,2848,3383,40.72221354
2015-06-09T15:00+03:00,1397,2797,3278,39.73514371
2015-06-09T16:00+03:00,1399,2873,3125,37.70740749
2015-06-09T17:00+03:00,1398,2885,2916,35.69307041
2015-06-09T18:00+03:00,1398,2875,2725,36.7538355
2015-06-09T19:00+03:00,1397,2836,2506,37.81460059
2015-06-09T20:00+03:00,1399,2787,2474,40.08798767
2015-06-09T21:00+03:00,1399,2790,2735,42.42837044
2015-06-09T22:00+03:00,1400,2733,2608,40.75571138
2015-06-09T23:00+03:00,1400,2701,1992,39.79320664
2015-06-10T00:00+03:00,1400,2545,1798,29.71928806
2015-06-10T01:00+03:00,1238,2455,1776,26.63622527
2015-06-10T02:00+03:00,900,2442,1906,24.98656997
2015-06-10T03:00+03:00,698,2493,1876,26.63622527
2015-06-10T04:00+03:00,697,2339,2062,22.6072164
2015-06-10T05:00+03:00,697,2307,2050,22.6072164
2015-06-10T06:00+03:00,697,2448,2206,26.63622527
2015-06-10T07:00+03:00,697,2678,2593,34.63156952
2015-06-10T08:00+03:00,697,2801,3020,51.2579461
2015-06-10T09:00+03:00,697,2782,3197,51.48177993
2015-06-10T10:00+03:00,697,2741,3411,51.48177993
2015-06-10T11:00+03:00,697,2780,3618,53.49628436
2015-06-10T12:00+03:00,697,2733,3806,52.45321873
2015-06-10T13:00+03:00,697,2822,3862,52.60094906
2015-06-10T14:00+03:00,697,2778,3893,51.70561375
2015-06-10T15:00+03:00,697,2820,3916,52.83373623
2015-06-10T16:00+03:00,697,2840,3671,51.48177993
2015-06-10T17:00+03:00,697,2819,3406,49.01960784
2015-06-10T18:00+03:00,696,2851,3099,49.87465306
2015-06-10T19:00+03:00,696,2912,2960,49.46727549
2015-06-10T20:00+03:00,696,3127,2875,43.94529501
2015-06-10T21:00+03:00,696,3154,3091,47.00734175
2015-06-10T22:00+03:00,697,3003,3194,42.97833289
2015-06-10T23:00+03:00,697,2820,2910,34.99418032
2015-06-11T00:00+03:00,697,2807,2685,30.54884054
2015-06-11T01:00+03:00,697,2576,2516,27.12342885
2015-06-11T02:00+03:00,697,2435,2432,25.52595613
2015-06-11T03:00+03:00,697,2542,2374,23.7223579
2015-06-11T04:00+03:00,697,2574,2184,22.82167903
2015-06-11T05:00+03:00,696,2480,2328,23.02332355
2015-06-11T06:00+03:00,697,2421,2490,24.92550355
2015-06-11T07:00+03:00,696,2989,2788,32.93303161
2015-06-11T08:00+03:00,697,3050,3045,40.49694172
2015-06-11T09:00+03:00,693,3079,3142,42.04064257
2015-06-11T10:00+03:00,687,3039,3197,40.10485515
2015-06-11T11:00+03:00,697,2800,3451,38.9846078
2015-06-11T12:00+03:00,691,2726,3658,41.07274886
2015-06-11T13:00+03:00,694,2801,3820,42.56939932
2015-06-11T14:00+03:00,684,2880,3883,33.68583783
2015-06-11T15:00+03:00,690,2883,3773,33.70600229
2015-06-11T16:00+03:00,690,2753,3655,38.67541953
2015-06-11T17:00+03:00,690,2763,3470,34.38039119
2015-06-11T18:00+03:00,695,2756,3242,40.10485515
2015-06-11T19:00+03:00,696,2825,3100,41.6911254
2015-06-11T20:00+03:00,696,2892,3062,44.1444671
2015-06-11T21:00+03:00,696,2973,3103,45.86964802
2015-06-11T22:00+03:00,696,2982,3000,43.58210293
2015-06-11T23:00+03:00,696,2966,2458,37.23702193
2015-06-12T00:00+03:00,697,2943,2165,31.14287635
2015-06-12T01:00+03:00,696,2624,1894,29.27897725
2015-06-12T02:00+03:00,697,2788,1827,26.8159671
2015-06-12T03:00+03:00,696,2781,1851,25.52635108
2015-06-12T04:00+03:00,696,2832,1794,24.2389701
2015-06-12T05:00+03:00,696,2781,1824,24.72844307
2015-06-12T06:00+03:00,696,2784,1987,26.18568683
2015-06-12T07:00+03:00,695,3072,2661,33.742345
2015-06-12T08:00+03:00,695,3161,2989,40.93022216
2015-06-12T09:00+03:00,690,3187,3071,43.29936078
2015-06-12T10:00+03:00,718,3190,3244,42.86799875
2015-06-12T11:00+03:00,758,3148,3401,44.70072862
2015-06-12T12:00+03:00,904,3199,3397,47.82977963
2015-06-12T13:00+03:00,994,3146,3408,46.26525412
2015-06-12T14:00+03:00,1092,3159,3200,42.46569219
2015-06-12T15:00+03:00,1192,3093,3087,42.46345715
2015-06-12T16:00+03:00,1250,2986,2923,40.97268785
2015-06-12T17:00+03:00,1314,2947,2714,40.93916231
2015-06-12T18:00+03:00,1341,2921,2559,40.23065576
2015-06-12T19:00+03:00,1366,2794,2476,40.00715212
2015-06-12T20:00+03:00,1374,2720,2587,40.97045282
2015-06-12T21:00+03:00,1373,2784,2708,42.46569219
2015-06-12T22:00+03:00,1374,2842,2692,41.0062134
2015-06-12T23:00+03:00,1375,2733,2214,35.57954495
2015-06-13T00:00+03:00,1375,2270,1855,30.94854946
2015-06-13T01:00+03:00,1375,2185,1601,33.52554647
2015-06-13T02:00+03:00,1375,2209,1423,33.52554647
2015-06-13T03:00+03:00,1387,2229,1301,33.52554647
2015-06-13T04:00+03:00,1391,2229,1261,33.52554647
2015-06-13T05:00+03:00,1392,2227,1156,33.52554647
2015-06-13T06:00+03:00,1397,2159,1211,31.06700639
2015-06-13T07:00+03:00,1397,2196,1483,33.52554647
2015-06-13T08:00+03:00,1391,2221,1879,33.52554647
2015-06-13T09:00+03:00,1381,2229,2140,33.52554647
2015-06-13T10:00+03:00,1381,2236,2419,33.52554647
2015-06-13T11:00+03:00,1363,2245,2567,33.52554647
2015-06-13T12:00+03:00,1377,2262,2773,33.52554647
2015-06-13T13:00+03:00,1377,2233,2825,33.52554647
2015-06-13T14:00+03:00,1377,2196,2665,32.7790443
2015-06-13T15:00+03:00,1370,2098,2598,29.27897725
2015-06-13T16:00+03:00,1372,2121,2489,27.04394082
2015-06-13T17:00+03:00,1378,2118,2435,29.27897725
2015-06-13T18:00+03:00,1378,2106,2353,27.21380358
2015-06-13T19:00+03:00,1378,2134,2382,30.34508962
2015-06-13T20:00+03:00,1377,2218,2429,31.06700639
2015-06-13T21:00+03:00,1377,2208,2646,33.52554647
2015-06-13T22:00+03:00,1378,2207,2704,33.52554647
2015-06-13T23:00+03:00,1378,2101,2468,30.34732466
2015-06-14T00:00+03:00,1387,1810,1965,25.6872737
2015-06-14T01:00+03:00,1390,1798,1860,18.7608958
2015-06-14T02:00+03:00,1390,1788,1644,18.10379509
2015-06-14T03:00+03:00,1393,1794,1558,18.10379509
2015-06-14T04:00+03:00,1393,1776,1501,20.11532788
2015-06-14T05:00+03:00,1395,1747,1372,20.11532788
2015-06-14T06:00+03:00,1395,1757,1264,20.11532788
2015-06-14T07:00+03:00,1395,1781,1395,20.33883152
2015-06-14T08:00+03:00,1395,1807,1498,20.11532788
2015-06-14T09:00+03:00,1396,1796,1783,20.11532788
2015-06-14T10:00+03:00,1396,1774,2072,19.65938045
2015-06-14T11:00+03:00,1395,1765,2272,18.10379509
2015-06-14T12:00+03:00,1395,1824,2506,20.11532788
2015-06-14T13:00+03:00,1395,1814,2509,19.25930893
2015-06-14T14:00+03:00,1394,1795,2443,18.10379509
2015-06-14T15:00+03:00,1394,1732,2546,16.95945644
2015-06-14T16:00+03:00,1394,1729,2401,14.98368423
2015-06-14T17:00+03:00,1395,1719,2466,16.9080506
2015-06-14T18:00+03:00,1394,1797,2424,20.11532788
2015-06-14T19:00+03:00,1394,1832,2457,25.47271021
2015-06-14T20:00+03:00,1394,1923,2667,29.67010862
2015-06-14T21:00+03:00,1394,1884,2868,28.97054222
2015-06-14T22:00+03:00,1394,1873,2894,29.88914219
2015-06-14T23:00+03:00,1394,1902,2598,29.9696035
2015-06-15T00:00+03:00,1393,1885,2363,26.59693353
2015-06-15T01:00+03:00,1393,1970,2310,20.80308227
2015-06-15T02:00+03:00,1392,2140,2084,20.04365062
2015-06-15T03:00+03:00,1391,2316,1893,17.81657833
2015-06-15T04:00+03:00,1393,2305,1855,16.420204
2015-06-15T05:00+03:00,1394,2278,1696,16.65404659
2015-06-15T06:00+03:00,1394,2337,1903,19.66504833
2015-06-15T07:00+03:00,1395,2742,2269,31.85381497
2015-06-15T08:00+03:00,1395,3112,2495,45.82646653
2015-06-15T09:00+03:00,1375,3187,2676,48.9955904
2015-06-15T10:00+03:00,1321,3270,2796,49.72161596
2015-06-15T11:00+03:00,1332,3238,2873,49.79288228
2015-06-15T12:00+03:00,1324,3207,3038,48.9955904
2015-06-15T13:00+03:00,1315,3161,3219,51.22266269
2015-06-15T14:00+03:00,1308,3289,3010,46.76851811
2015-06-15T15:00+03:00,1359,3063,3087,46.76851811
2015-06-15T16:00+03:00,1343,3112,2978,46.54581088
2015-06-15T17:00+03:00,1351,3062,2956,44.54144582
2015-06-15T18:00+03:00,1381,3087,2830,44.76415304
2015-06-15T19:00+03:00,1381,3144,2601,42.94686206
2015-06-15T20:00+03:00,1380,3211,2520,45.81533117
2015-06-15T21:00+03:00,1380,3260,2838,53.44750791
2015-06-15T22:00+03:00,1380,3240,2687,55.67680727
2015-06-15T23:00+03:00,1381,3088,1900,42.96467863
2015-06-16T00:00+03:00,1383,2714,1811,33.40385729
2015-06-16T01:00+03:00,1389,2474,1374,28.3106042
2015-06-16T02:00+03:00,1389,2404,1194,25.42910073
2015-06-16T03:00+03:00,1389,2426,1033,24.79075062
2015-06-16T04:00+03:00,1388,2429,960,24.13231257
2015-06-16T05:00+03:00,1387,2392,876,23.98276901
2015-06-16T06:00+03:00,1388,2442,1154,26.56072138
2015-06-16T07:00+03:00,1388,2762,1907,33.92629958
2015-06-16T08:00+03:00,1388,3108,2400,49.10385465
2015-06-16T09:00+03:00,1369,3198,2658,50.21985135
2015-06-16T10:00+03:00,1371,3196,2901,54.81106176
2015-06-16T11:00+03:00,1374,3076,3097,53.3446421
2015-06-16T12:00+03:00,1387,2813,3421,54.68383814
2015-06-16T13:00+03:00,1379,2895,3382,52.9406513
2015-06-16T14:00+03:00,1372,2831,3514,52.79110774
2015-06-16T15:00+03:00,1372,2883,3327,52.2286454
2015-06-16T16:00+03:00,1372,3115,2952,50.21761936
2015-06-16T17:00+03:00,1385,3060,2750,40.92359887
2015-06-16T18:00+03:00,1386,2728,2777,38.99515657
2015-06-16T19:00+03:00,1386,2755,2781,40.17588108
2015-06-16T20:00+03:00,1386,2754,2820,41.0128786
2015-06-16T21:00+03:00,1386,2777,2955,44.41666853
2015-06-16T22:00+03:00,1388,2735,2795,40.91020691
2015-06-16T23:00+03:00,1389,2744,2380,38.00861549
2015-06-17T00:00+03:00,1388,2686,2072,31.63404236
2015-06-17T01:00+03:00,1388,2506,1882,29.20326363
2015-06-17T02:00+03:00,1388,2281,2019,26.88929511
2015-06-17T03:00+03:00,1388,2104,2046,26.30522984
2015-06-17T04:00+03:00,1391,2113,2014,24.96767578
2015-06-17T05:00+03:00,1392,2071,1993,24.96767578
2015-06-17T06:00+03:00,1392,2093,2126,26.44567301
2015-06-17T07:00+03:00,1391,2465,3016,34.23023764
2015-06-17T08:00+03:00,1391,2570,3321,43.9208168
2015-06-17T09:00+03:00,1365,2570,3369,43.7714566
2015-06-17T10:00+03:00,1355,2585,3414,40.94698827
2015-06-17T11:00+03:00,1377,2589,3438,42.4874047
2015-06-17T12:00+03:00,1384,2537,3607,44.36220964
2015-06-17T13:00+03:00,1382,2520,3754,46.59146641
2015-06-17T14:00+03:00,1363,2480,3759,41.03615854
2015-06-17T15:00+03:00,1364,2420,3932,39.90369611
2015-06-17T16:00+03:00,1377,2385,3876,35.06175041
2015-06-17T17:00+03:00,1389,2508,3527,33.43885149
2015-06-17T18:00+03:00,1388,2493,3716,33.43885149
2015-06-17T19:00+03:00,1388,2595,3651,35.66810825
2015-06-17T20:00+03:00,1388,2631,3641,38.63970752
2015-06-17T21:00+03:00,1388,2566,3760,38.04895448
2015-06-17T22:00+03:00,1389,2591,3594,35.15314994
2015-06-17T23:00+03:00,1390,2609,2937,33.43885149
2015-06-18T00:00+03:00,1390,2445,2389,27.23482991
2015-06-18T01:00+03:00,1390,2160,2218,25.51939367
2015-06-18T02:00+03:00,1391,2076,2153,22.85332144
2015-06-18T03:00+03:00,1392,2092,2079,20.92732947
2015-06-18T04:00+03:00,1392,2092,2054,19.01471244
2015-06-18T05:00+03:00,1392,2019,2005,20.0156041
2015-06-18T06:00+03:00,1392,1932,2365,23.63798484
2015-06-18T07:00+03:00,1392,2201,2832,30.3031654
2015-06-18T08:00+03:00,1393,2361,3641,39.42933571
2015-06-18T09:00+03:00,1322,2324,3968,43.67810967
2015-06-18T10:00+03:00,1326,2360,4062,43.46856888
2015-06-18T11:00+03:00,1322,2315,4175,37.89567543
2015-06-18T12:00+03:00,1320,2322,4126,39.90191708
2015-06-18T13:00+03:00,1341,2407,4102,42.03076237
2015-06-18T14:00+03:00,1335,2415,3919,39.95987517
2015-06-18T15:00+03:00,1342,2397,3791,36.79893
2015-06-18T16:00+03:00,1336,2322,3675,35.14935354
2015-06-18T17:00+03:00,1356,2290,3540,35.1203745
2015-06-18T18:00+03:00,1366,2305,3254,33.55327686
2015-06-18T19:00+03:00,1378,2351,2982,35.10254124
2015-06-18T20:00+03:00,1377,2466,2835,36.84797147
2015-06-18T21:00+03:00,1382,2518,2946,42.21578243
2015-06-18T22:00+03:00,1390,2497,3119,44.0481498
2015-06-18T23:00+03:00,1389,2454,2423,39.90191708
2015-06-19T00:00+03:00,1387,2479,1687,30.98528756
2015-06-19T01:00+03:00,1388,2297,1508,28.82320258
2015-06-19T02:00+03:00,1388,1974,1543,26.07178575
2015-06-19T03:00+03:00,1388,1950,1616,23.62040227
2015-06-19T04:00+03:00,1388,1961,1632,22.12468052
2015-06-19T05:00+03:00,1389,1912,1706,22.49583287
2015-06-19T06:00+03:00,1389,1973,1758,26.44738304
2015-06-19T07:00+03:00,1388,2303,2221,32.34137126
2015-06-19T08:00+03:00,1390,2304,2925,38.26869652
2015-06-19T09:00+03:00,1369,2315,3162,40.46449606
2015-06-19T10:00+03:00,1368,2337,3336,40.28225358
2015-06-19T11:00+03:00,1345,2372,3426,37.17079676
2015-06-19T12:00+03:00,1340,2405,3479,36.90187799
2015-06-19T13:00+03:00,1348,2470,3482,40.00444494
2015-06-19T14:00+03:00,1347,2454,3436,35.55950661
2015-06-19T15:00+03:00,1315,2454,3345,34.89054339
2015-06-19T16:00+03:00,1353,2414,3238,33.55928436
2015-06-19T17:00+03:00,1373,2361,3007,33.55928436
2015-06-19T18:00+03:00,1377,2358,2858,33.55928436
2015-06-19T19:00+03:00,1378,2387,2683,34.79719969
2015-06-19T20:00+03:00,1378,2440,2609,37.48638738
2015-06-19T21:00+03:00,1371,2515,2762,40.00444494
2015-06-19T22:00+03:00,1379,2539,2714,39.15768419
2015-06-19T23:00+03:00,1382,2516,2146,35.55950661
2015-06-20T00:00+03:00,1383,2059,1856,35.05945105
2015-06-20T01:00+03:00,1384,2015,1362,31.31903545
2015-06-20T02:00+03:00,1383,1949,1138,26.66740749
2015-06-20T03:00+03:00,1383,1738,1201,24.66940771
2015-06-20T04:00+03:00,1383,1704,1210,24.66940771
2015-06-20T05:00+03:00,1384,1666,1170,22.97144127
2015-06-20T06:00+03:00,1384,1661,1155,22.59362151
2015-06-20T07:00+03:00,1383,1696,1362,26.00288921
2015-06-20T08:00+03:00,1384,1813,1835,29.93443716
2015-06-20T09:00+03:00,1384,1936,2261,33.55928436
2015-06-20T10:00+03:00,1383,2011,2377,35.03055895
2015-06-20T11:00+03:00,1384,1986,2479,34.64829425
2015-06-20T12:00+03:00,1384,1973,2525,35.0772308
2015-06-20T13:00+03:00,1384,1966,2499,33.55928436
2015-06-20T14:00+03:00,1384,1965,2484,34.93277031
2015-06-20T15:00+03:00,1384,1841,2440,33.55928436
2015-06-20T16:00+03:00,1385,1858,2372,31.3368152
2015-06-20T17:00+03:00,1385,1843,2313,30.89232137
2015-06-20T18:00+03:00,1384,1903,2237,31.11456829
2015-06-20T19:00+03:00,1384,1984,2276,31.3368152
2015-06-20T20:00+03:00,1385,1968,2487,33.16590732
2015-06-20T21:00+03:00,1385,1999,2835,33.99933326
2015-06-20T22:00+03:00,1385,2015,2653,33.55928436
2015-06-20T23:00+03:00,1384,2007,2468,33.55928436
2015-06-21T00:00+03:00,1386,1798,1950,29.75441716
2015-06-21T01:00+03:00,1387,1637,1684,26.44738304
2015-06-21T02:00+03:00,1387,1544,1606,26.44738304
2015-06-21T03:00+03:00,1387,1516,1562,24.66940771
2015-06-21T04:00+03:00,1387,1511,1535,24.44493833
2015-06-21T05:00+03:00,1387,1499,1426,20.22446939
2015-06-21T06:00+03:00,1386,1511,1375,20.00222247
2015-06-21T07:00+03:00,1386,1531,1521,22.44693855
2015-06-21T08:00+03:00,1386,1566,1749,24.66940771
2015-06-21T09:00+03:00,1386,1570,1811,24.66940771
2015-06-21T10:00+03:00,1386,1587,1924,24.66940771
2015-06-21T11:00+03:00,1386,1658,1970,24.97388599
2015-06-21T12:00+03:00,1385,1816,1895,26.2273586
2015-06-21T13:00+03:00,1386,1785,1926,22.82475831
2015-06-21T14:00+03:00,1387,1801,1997,26.89187688
2015-06-21T15:00+03:00,1387,1739,1945,24.66940771
2015-06-21T16:00+03:00,1387,1755,1963,22.44693855
2015-06-21T17:00+03:00,1387,1873,1896,20.96899656
2015-06-21T18:00+03:00,1388,1864,1910,23.96044005
2015-06-21T19:00+03:00,1388,1900,2207,29.55883987
2015-06-21T20:00+03:00,1388,1905,2482,32.288032
2015-06-21T21:00+03:00,1389,1885,2742,33.92154684
2015-06-21T22:00+03:00,1389,1778,2686,34.91054562
2015-06-21T23:00+03:00,1389,1706,2438,33.55928436
2015-06-22T00:00+03:00,1389,1611,2163,28.66985221
2015-06-22T01:00+03:00,1390,1584,2140,24.93311335
2015-06-22T02:00+03:00,1389,1617,2001,22.81503612
2015-06-22T03:00+03:00,1390,1730,1823,21.83626148
2015-06-22T04:00+03:00,1390,1787,1820,20.56318559
2015-06-22T05:00+03:00,1389,1873,1665,20.06599483
2015-06-22T06:00+03:00,1389,1940,1822,23.01569607
2015-06-22T07:00+03:00,1389,2295,2506,33.52135914
2015-06-22T08:00+03:00,1388,2404,3070,41.52769107
2015-06-22T09:00+03:00,1376,2440,3270,46.82957282
2015-06-22T10:00+03:00,1329,2605,3267,45.02809239
2015-06-22T11:00+03:00,1346,2601,3343,44.92776242
2015-06-22T12:00+03:00,1370,2611,3345,44.98127174
2015-06-22T13:00+03:00,1362,2586,3280,41.54775707
2015-06-22T14:00+03:00,1361,2535,3186,41.81753322
2015-06-22T15:00+03:00,1348,2448,3225,40.78524926
2015-06-22T16:00+03:00,1352,2407,2989,37.72407028
2015-06-22T17:00+03:00,1352,2421,2899,36.98385802
2015-06-22T18:00+03:00,1359,2385,2765,38.97039151
2015-06-22T19:00+03:00,1379,2466,2549,41.04833675
2015-06-22T20:00+03:00,1380,2512,2579,43.22884152
2015-06-22T21:00+03:00,1379,2499,2677,41.24676715
2015-06-22T22:00+03:00,1379,2507,2608,39.01721216
2015-06-22T23:00+03:00,1380,2411,2156,38.64487648
2015-06-23T00:00+03:00,1380,2395,1581,33.02193882
2015-06-23T01:00+03:00,1391,2182,1399,29.25870502
2015-06-23T02:00+03:00,1395,2166,1350,27.15475845
2015-06-23T03:00+03:00,1396,1996,1311,25.56228084
2015-06-23T04:00+03:00,1397,1986,1304,24.64878387
2015-06-23T05:00+03:00,1397,1979,1209,24.62644898
2015-06-23T06:00+03:00,1397,2070,1265,26.5785183
2015-06-23T07:00+03:00,1397,2384,2136,34.39349608
2015-06-23T08:00+03:00,1397,2444,2560,42.62166931
2015-06-23T09:00+03:00,1387,2455,2792,45.33759185
2015-06-23T10:00+03:00,1384,2494,2972,44.70774797
2015-06-23T11:00+03:00,1373,2532,2982,41.34188015
2015-06-23T12:00+03:00,1383,2589,3046,46.00987202
2015-06-23T13:00+03:00,1388,2598,3092,46.45656981
2015-06-23T14:00+03:00,1388,2619,3050,45.22591741
2015-06-23T15:00+03:00,1393,2603,2975,45.79099011
2015-06-23T16:00+03:00,1393,2545,2984,46.45656981
2015-06-23T17:00+03:00,1393,2438,2890,43.55303419
2015-06-23T18:00+03:00,1393,2415,2731,40.72990418
2015-06-23T19:00+03:00,1393,2407,2638,41.13416568
2015-06-23T20:00+03:00,1393,2409,2646,39.9794519
2015-06-23T21:00+03:00,1391,2391,2837,40.31447524
2015-06-23T22:00+03:00,1390,2350,2796,37.6789583
2015-06-23T23:00+03:00,1395,2350,2370,40.20056731
2015-06-24T00:00+03:00,1396,2312,1885,33.72568289
2015-06-24T01:00+03:00,1396,1932,1576,26.60644815
2015-06-24T02:00+03:00,1396,1861,1513,24.67468587
2015-06-24T03:00+03:00,1396,1862,1431,22.13477619
2015-06-24T04:00+03:00,1396,1874,1374,20.51826678
2015-06-24T05:00+03:00,1395,1875,1294,24.81777937
2015-06-24T06:00+03:00,1395,2061,1367,29.06363189
2015-06-24T07:00+03:00,1394,2250,2154,33.76112328
2015-06-24T08:00+03:00,1393,2219,2500,37.10593391
2015-06-24T09:00+03:00,1392,2246,2629,40.02146403
2015-06-24T10:00+03:00,1361,2243,2887,37.34069669
2015-06-24T11:00+03:00,1367,2254,3013,36.32562715
2015-06-24T12:00+03:00,1385,2228,2994,39.78446541
2015-06-24T13:00+03:00,1385,2275,3079,40.02146403
2015-06-24T14:00+03:00,1384,2281,3023,40.24281179
2015-06-24T15:00+03:00,1354,2278,3016,35.99695926
2015-06-24T16:00+03:00,1352,2371,2859,35.99695926
2015-06-24T17:00+03:00,1371,2250,2753,33.76112328
2015-06-24T18:00+03:00,1379,2191,2703,33.76112328
2015-06-24T19:00+03:00,1378,2211,2739,38.81634843
2015-06-24T20:00+03:00,1380,2248,2898,42.59938291
2015-06-24T21:00+03:00,1383,2233,2972,43.05996512
2015-06-24T22:00+03:00,1386,2240,2846,41.09913697
2015-06-24T23:00+03:00,1389,2203,2404,39.14278049
2015-06-25T00:00+03:00,1389,2168,2102,33.87962259
2015-06-25T01:00+03:00,1389,2033,1872,31.25140519
2015-06-25T02:00+03:00,1393,2026,1812,28.20720356
2015-06-25T03:00+03:00,1393,1931,1939,26.75480013
2015-06-25T04:00+03:00,1393,1829,2171,25.15850533
2015-06-25T05:00+03:00,1394,1883,2327,25.68910473
2015-06-25T06:00+03:00,1394,2227,2287,27.70358379
2015-06-25T07:00+03:00,1394,2338,3089,35.00382211
2015-06-25T08:00+03:00,1387,2320,3438,42.51315257
2015-06-25T09:00+03:00,1347,2226,3619,43.54962004
2015-06-25T10:00+03:00,1346,2185,3737,42.41197896
2015-06-25T11:00+03:00,1338,2233,3693,39.99280543
2015-06-25T12:00+03:00,1347,2319,3656,38.93610324
2015-06-25T13:00+03:00,1354,2307,3628,35.55690454
2015-06-25T14:00+03:00,1366,2191,3725,35.06677459
2015-06-25T15:00+03:00,1356,2229,3760,34.85543415
2015-06-25T16:00+03:00,1351,2303,3766,35.32083277
2015-06-25T17:00+03:00,1361,2399,3889,35.21741085
2015-06-25T18:00+03:00,1375,2386,4019,33.94936823
2015-06-25T19:00+03:00,1375,2423,3942,33.94936823
2015-06-25T20:00+03:00,1375,2399,4118,33.94936823
2015-06-25T21:00+03:00,1375,2358,4367,35.97284051
2015-06-25T22:00+03:00,1377,2271,4032,33.94936823
2015-06-25T23:00+03:00,1378,2328,3439,31.25140519
2015-06-26T00:00+03:00,1381,2298,3061,26.75480013
2015-06-26T01:00+03:00,1382,2266,3103,33.16929807
2015-06-26T02:00+03:00,1383,2084,2839,31.37402319
2015-06-26T03:00+03:00,1383,2143,2649,29.13220787
2015-06-26T04:00+03:00,1383,2185,2628,28.13432666
2015-06-26T05:00+03:00,1383,2200,2555,28.41911011
2015-06-26T06:00+03:00,1383,2249,2627,30.58118607
2015-06-26T07:00+03:00,1381,2542,3276,34.40184084
2015-06-26T08:00+03:00,1370,2797,3444,44.53101861
2015-06-26T09:00+03:00,1349,2762,3526,46.70448591
2015-06-26T10:00+03:00,1361,2704,3429,44.12320871
2015-06-26T11:00+03:00,1328,2678,3421,42.79725697
2015-06-26T12:00+03:00,1329,2582,3407,40.25015378
2015-06-26T13:00+03:00,1345,2462,3498,38.12453011
2015-06-26T14:00+03:00,1344,2370,3487,38.73054929
2015-06-26T15:00+03:00,1352,2375,3424,35.15594742
2015-06-26T16:00+03:00,1369,2457,3344,36.27685508
2015-06-26T17:00+03:00,1372,2496,3363,36.58214294
2015-06-26T18:00+03:00,1372,2484,3423,38.9264803
2015-06-26T19:00+03:00,1373,2623,3378,41.6763493
2015-06-26T20:00+03:00,1373,2726,3367,40.73998132
2015-06-26T21:00+03:00,1373,2628,3430,38.82395826
2015-06-26T22:00+03:00,1375,2470,3460,36.4796209
2015-06-26T23:00+03:00,1379,2337,3108,34.21730116
2015-06-27T00:00+03:00,1384,1819,2837,32.36279133
2015-06-27T01:00+03:00,1384,1750,3041,34.17401408
2015-06-27T02:00+03:00,1384,1620,2985,29.03652063
2015-06-27T03:00+03:00,1384,1482,2941,25.38217939
2015-06-27T04:00+03:00,1384,1463,2906,24.80577769
2015-06-27T05:00+03:00,1384,1439,2811,25.08828287
2015-06-27T06:00+03:00,1385,1452,2793,23.34996469
2015-06-27T07:00+03:00,1385,1504,2921,24.6713599
2015-06-27T08:00+03:00,1384,1739,3250,29.25979086
2015-06-27T09:00+03:00,1384,1905,3631,32.12357323
2015-06-27T10:00+03:00,1383,1803,3894,32.12357323
2015-06-27T11:00+03:00,1383,1732,3985,31.66791971
2015-06-27T12:00+03:00,1382,1704,3953,31.66791971
2015-06-27T13:00+03:00,1382,1656,3932,30.51055977
2015-06-27T14:00+03:00,1382,1519,3738,26.70129633
2015-06-27T15:00+03:00,1382,1492,3630,24.36607204
2015-06-27T16:00+03:00,1382,1483,3575,23.1380858
2015-06-27T17:00+03:00,1382,1496,3474,23.42286925
2015-06-27T18:00+03:00,1382,1500,3212,25.07689153
2015-06-27T19:00+03:00,1382,1558,2947,29.27118219
2015-06-27T20:00+03:00,1382,1744,2744,31.66791971
2015-06-27T21:00+03:00,1382,1759,2871,34.17401408
2015-06-27T22:00+03:00,1382,1718,2905,34.17401408
2015-06-27T23:00+03:00,1382,1652,2838,33.807213
2015-06-28T00:00+03:00,1384,1520,2183,28.9750074
2015-06-28T01:00+03:00,1384,1539,2884,21.41571549
2015-06-28T02:00+03:00,1386,1540,2765,17.26471191
2015-06-28T03:00+03:00,1389,1469,2814,13.71061445
2015-06-28T04:00+03:00,1389,1353,2880,12.18645342
2015-06-28T05:00+03:00,1389,1328,2752,11.69890415
2015-06-28T06:00+03:00,1387,1341,2516,10.66457066
2015-06-28T07:00+03:00,1387,1397,2517,12.53047183
2015-06-28T08:00+03:00,1387,1417,2599,17.66113048
2015-06-28T09:00+03:00,1388,1450,2872,19.59993621
2015-06-28T10:00+03:00,1388,1682,2928,15.9501515
2015-06-28T11:00+03:00,1387,1746,3068,6.834802816
2015-06-28T12:00+03:00,1386,1614,3238,4.784361971
2015-06-28T13:00+03:00,1386,1490,3361,6.834802816
2015-06-28T14:00+03:00,1387,1510,3256,6.834802816
2015-06-28T15:00+03:00,1388,1511,3177,9.113070421
2015-06-28T16:00+03:00,1387,1504,3003,10.66457066
2015-06-28T17:00+03:00,1387,1488,2952,17.46747773
2015-06-28T18:00+03:00,1387,1453,2991,24.17014102
2015-06-28T19:00+03:00,1387,1573,2908,30.08224546
2015-06-28T20:00+03:00,1387,1679,2875,34.22641423
2015-06-28T21:00+03:00,1384,1727,2996,37.06969221
2015-06-28T22:00+03:00,1385,1796,2956,36.62315176
2015-06-28T23:00+03:00,1386,1787,2812,36.45228169
2015-06-29T00:00+03:00,1386,1647,2596,31.66791971
2015-06-29T01:00+03:00,1386,1570,2389,28.67972345
2015-06-29T02:00+03:00,1385,1693,2103,27.01464998
2015-06-29T03:00+03:00,1385,1637,2085,24.77380344
2015-06-29T04:00+03:00,1386,1730,2188,23.78231776
2015-06-29T05:00+03:00,1385,1747,2180,23.78231776
2015-06-29T06:00+03:00,1385,1924,2192,26.16099415
2015-06-29T07:00+03:00,1385,2325,2579,35.56899273
2015-06-29T08:00+03:00,1385,2481,2924,43.60313896
2015-06-29T09:00+03:00,1353,2570,3186,45.72394016
2015-06-29T10:00+03:00,1349,2560,3197,43.95438277
2015-06-29T11:00+03:00,1320,2540,3361,42.6405531
2015-06-29T12:00+03:00,1324,2553,3459,41.62016762
2015-06-29T13:00+03:00,1316,2517,3581,39.83727186
2015-06-29T14:00+03:00,1329,2485,3521,39.03696952
2015-06-29T15:00+03:00,1340,2377,3551,35.37780939
2015-06-29T16:00+03:00,1326,2325,3596,36.02249739
2015-06-29T17:00+03:00,1349,2342,3451,36.8650379
2015-06-29T18:00+03:00,1360,2379,3318,39.95509415
2015-06-29T19:00+03:00,1369,2454,3174,43.20743392
2015-06-29T20:00+03:00,1369,2524,3239,45.13927484
2015-06-29T21:00+03:00,1368,2524,3273,44.4856946
2015-06-29T22:00+03:00,1370,2486,3070,42.39379321
2015-06-29T23:00+03:00,1371,2527,2595,40.69315075
2015-06-30T00:00+03:00,1370,2407,2323,34.96209679
2015-06-30T01:00+03:00,1373,2497,2299,31.06075842
2015-06-30T02:00+03:00,1382,2567,2067,30.34122143
2015-06-30T03:00+03:00,1381,2637,2012,27.39380126
2015-06-30T04:00+03:00,1383,2585,1958,28.70773837
2015-06-30T05:00+03:00,1385,2364,1981,28.88650533
2015-06-30T06:00+03:00,1386,2240,2143,31.06075842
2015-06-30T07:00+03:00,1385,2408,2565,37.84719895
2015-06-30T08:00+03:00,1376,2609,3079,45.29284262
2015-06-30T09:00+03:00,1358,2645,3186,45.98109539
2015-06-30T10:00+03:00,1350,2571,3149,42.56664656
2015-06-30T11:00+03:00,1335,2605,3262,40.87506424
2015-06-30T12:00+03:00,1367,2667,3304,40.85048379
2015-06-30T13:00+03:00,1357,2715,3384,42.45491721
2015-06-30T14:00+03:00,1353,2632,3408,44.24482134
2015-06-30T15:00+03:00,1360,2579,3216,41.84710956
2015-06-30T16:00+03:00,1376,2643,3039,40.22033027
2015-06-30T17:00+03:00,1376,2649,2883,40.88176801
2015-06-30T18:00+03:00,1376,2662,2781,40.79238453
2015-06-30T19:00+03:00,1376,2672,2823,42.58005408
2015-06-30T20:00+03:00,1376,2702,2982,44.34761234
2015-06-30T21:00+03:00,1376,2718,3188,43.82918817
2015-06-30T22:00+03:00,1377,2700,3184,40.22256486
2015-06-30T23:00+03:00,1381,2589,2712,40.22256486
2015-07-01T00:00+03:00,1382,2535,1893,38.93544278
2015-07-01T01:00+03:00,1382,2278,1739,31.0711731
2015-07-01T02:00+03:00,1382,2242,1669,28.82466023
2015-07-01T03:00+03:00,1382,2385,1573,29.02584049
2015-07-01T04:00+03:00,1382,2506,1477,27.92158441
2015-07-01T05:00+03:00,1382,2692,1380,27.82099428
2015-07-01T06:00+03:00,1382,2878,1352,30.04068312
2015-07-01T07:00+03:00,1381,3217,1818,36.55892346
2015-07-01T08:00+03:00,1382,3367,2215,43.1263412
2015-07-01T09:00+03:00,1379,3244,2553,43.36552217
2015-07-01T10:00+03:00,1370,3139,2715,39.78898426
2015-07-01T11:00+03:00,1361,3143,2844,40.01251788
2015-07-01T12:00+03:00,1361,3151,2989,40.2360515
2015-07-01T13:00+03:00,1360,3176,3091,40.2360515
2015-07-01T14:00+03:00,1374,3143,3037,40.01251788
2015-07-01T15:00+03:00,1381,3188,2937,38.9574392
2015-07-01T16:00+03:00,1380,3174,2768,36.95234263
2015-07-01T17:00+03:00,1379,3166,2581,35.09477825
2015-07-01T18:00+03:00,1379,3142,2609,38.19071888
2015-07-01T19:00+03:00,1379,3170,2565,38.89484979
2015-07-01T20:00+03:00,1380,3158,2641,40.01251788
2015-07-01T21:00+03:00,1379,3211,2769,40.56464592
2015-07-01T22:00+03:00,1380,3141,2615,37.92694921
2015-07-01T23:00+03:00,1380,3110,2001,35.59549356
2015-07-02T00:00+03:00,1380,3122,1401,31.0711731
2015-07-02T01:00+03:00,1380,3015,1356,28.37711069
2015-07-02T02:00+03:00,1380,2985,1242,26.67738765
2015-07-02T03:00+03:00,1380,2725,1299,25.56508532
2015-07-02T04:00+03:00,1381,2604,1418,24.7699455
2015-07-02T05:00+03:00,1381,2570,1459,25.77950505
2015-07-02T06:00+03:00,1381,2772,1672,27.9862414
2015-07-02T07:00+03:00,1380,3158,2163,34.14187439
2015-07-02T08:00+03:00,1381,3270,2600,42.87277763
2015-07-02T09:00+03:00,1358,3219,2846,42.57571697
2015-07-02T10:00+03:00,1339,3211,3032,40.93406593
2015-07-02T11:00+03:00,1332,3106,3144,38.86357545
2015-07-02T12:00+03:00,1340,2940,3452,37.97015992
2015-07-02T13:00+03:00,1367,2925,3540,39.98034486
2015-07-02T14:00+03:00,1338,3119,3292,38.86357545
2015-07-02T15:00+03:00,1338,3244,3123,38.86357545
2015-07-02T16:00+03:00,1327,3125,3182,37.97015992
2015-07-02T17:00+03:00,1327,3202,2964,36.63003663
2015-07-02T18:00+03:00,1362,3196,2721,37.97015992
2015-07-02T19:00+03:00,1367,3208,2676,41.09711427
2015-07-02T20:00+03:00,1368,3280,2765,44.22406861
2015-07-02T21:00+03:00,1368,3322,2944,44.67077638
2015-07-02T22:00+03:00,1370,3285,2800,41.09711427
2015-07-02T23:00+03:00,1371,3242,2296,37.97015992
2015-07-03T00:00+03:00,1371,2891,2233,31.04618958
2015-07-03T01:00+03:00,1371,2866,2117,30.22237197
2015-07-03T02:00+03:00,1379,2851,2052,26.9541779
2015-07-03T03:00+03:00,1382,2807,2014,26.72955975
2015-07-03T04:00+03:00,1382,2806,2003,26.72955975
2015-07-03T05:00+03:00,1382,2621,2198,26.72955975
2015-07-03T06:00+03:00,1382,2755,2293,27.17879605
2015-07-03T07:00+03:00,1380,3073,2590,26.9541779
2015-07-03T08:00+03:00,1371,3055,3019,31.22192273
2015-07-03T09:00+03:00,1347,2816,3494,31.22192273
2015-07-03T10:00+03:00,1345,2607,3747,26.72955975
2015-07-03T11:00+03:00,1334,2573,3811,26.72955975
2015-07-03T12:00+03:00,1338,2721,3717,26.72955975
2015-07-03T13:00+03:00,1336,2974,3550,27.17879605
2015-07-03T14:00+03:00,1341,3223,3183,31.22192273
2015-07-03T15:00+03:00,1344,3279,2968,31.22192273
2015-07-03T16:00+03:00,1364,3326,2868,31.22192273
2015-07-03T17:00+03:00,1371,3306,2796,35.26504942
2015-07-03T18:00+03:00,1372,3120,2842,38.18508535
2015-07-03T19:00+03:00,1372,3222,2745,40.2066487
2015-07-03T20:00+03:00,1371,3379,2694,43.57592093
2015-07-03T21:00+03:00,1373,3276,3076,45.37286613
2015-07-03T22:00+03:00,1379,3195,2965,40.2066487
2015-07-03T23:00+03:00,1379,3255,2424,35.26504942
2015-07-04T00:00+03:00,1379,2918,2415,31.22192273
2015-07-04T01:00+03:00,1378,2789,2323,27.17879605
2015-07-04T02:00+03:00,1377,2989,1952,26.72955975
2015-07-04T03:00+03:00,1378,3116,1752,20.2178796
2015-07-04T04:00+03:00,1377,2795,1899,17.97169811
2015-07-04T05:00+03:00,1378,2450,2105,17.96945193
2015-07-04T06:00+03:00,1384,2373,2238,19.54177898
2015-07-04T07:00+03:00,1384,2791,2189,22.4640611
2015-07-04T08:00+03:00,1384,3081,2376,27.17879605
2015-07-04T09:00+03:00,1383,3230,2414,26.9541779
2015-07-04T10:00+03:00,1383,3256,2641,26.72955975
2015-07-04T11:00+03:00,1384,3174,2727,26.72955975
2015-07-04T12:00+03:00,1384,3214,2657,20.2178796
2015-07-04T13:00+03:00,1384,3204,2674,20.21563342
2015-07-04T14:00+03:00,1385,3136,2649,20.21563342
2015-07-04T15:00+03:00,1385,3052,2647,22.01257862
2015-07-04T16:00+03:00,1385,3200,2508,27.17879605
2015-07-04T17:00+03:00,1385,3242,2434,35.48966757
2015-07-04T18:00+03:00,1385,3155,2366,39.98203055
2015-07-04T19:00+03:00,1385,3207,2348,42.00359389
2015-07-04T20:00+03:00,1385,3195,2408,45.37286613
2015-07-04T21:00+03:00,1385,3162,2662,48.39398023
2015-07-04T22:00+03:00,1385,3136,2626,46.94519317
2015-07-04T23:00+03:00,1386,2964,2263,43.57592093
2015-07-05T00:00+03:00,1387,2794,1920,40.2066487
2015-07-05T01:00+03:00,1387,2772,1511,31.5296496
2015-07-05T02:00+03:00,1387,2630,1381,28.19856244
2015-07-05T03:00+03:00,1386,2638,1274,27.15633423
2015-07-05T04:00+03:00,1386,2436,1267,25.58849955
2015-07-05T05:00+03:00,1387,2327,1262,24.93710692
2015-07-05T06:00+03:00,1387,2270,1337,23.29514825
2015-07-05T07:00+03:00,1387,2299,1428,23.82973944
2015-07-05T08:00+03:00,1387,2317,1610,25.16846361
2015-07-05T09:00+03:00,1387,2425,1749,26.72955975
2015-07-05T10:00+03:00,1387,2643,1986,27.83243486
2015-07-05T11:00+03:00,1387,2632,2097,29.47214735
2015-07-05T12:00+03:00,1387,2549,2245,31.22192273
2015-07-05T13:00+03:00,1387,2525,2277,30.16397125
2015-07-05T14:00+03:00,1387,2556,2114,29.15992812
2015-07-05T15:00+03:00,1385,2566,2017,31.22192273
2015-07-05T16:00+03:00,1385,2732,1892,31.22192273
2015-07-05T17:00+03:00,1385,2824,1779,35.28301887
2015-07-05T18:00+03:00,1385,2825,1611,35.48966757
2015-07-05T19:00+03:00,1384,2827,1572,39.08355795
2015-07-05T20:00+03:00,1384,2831,1669,40.17744834
2015-07-05T21:00+03:00,1385,2891,1889,42.00359389
2015-07-05T22:00+03:00,1385,2932,1930,43.36253369
2015-07-05T23:00+03:00,1385,2840,1759,39.77987421
2015-07-06T00:00+03:00,1385,2860,1593,33.01886792
2015-07-06T01:00+03:00,1384,2734,1428,30.93360071
2015-07-06T02:00+03:00,1385,2801,1374,26.96301248
2015-07-06T03:00+03:00,1383,2685,1275,25.59046346
2015-07-06T04:00+03:00,1383,2703,1241,24.85294118
2015-07-06T05:00+03:00,1384,2776,1215,24.87522282
2015-07-06T06:00+03:00,1384,2989,1196,28.91042781
2015-07-06T07:00+03:00,1384,3294,1778,39.9442959
2015-07-06T08:00+03:00,1383,3499,2282,47.84759358
2015-07-06T09:00+03:00,1332,3691,2642,54.59001783
2015-07-06T10:00+03:00,1326,3761,2852,53.90374332
2015-07-06T11:00+03:00,1328,3770,2854,52.80748663
2015-07-06T12:00+03:00,1338,3849,2987,53.25311943
2015-07-06T13:00+03:00,1361,3861,3063,54.59001783
2015-07-06T14:00+03:00,1358,3816,3080,54.59001783
2015-07-06T15:00+03:00,1357,3770,3022,54.59001783
2015-07-06T16:00+03:00,1344,3793,2946,54.59001783
2015-07-06T17:00+03:00,1345,3842,2835,54.59001783
2015-07-06T18:00+03:00,1366,3808,2718,53.25311943
2015-07-06T19:00+03:00,1368,3817,2669,53.25311943
2015-07-06T20:00+03:00,1368,3831,2695,54.59001783
2015-07-06T21:00+03:00,1368,3814,2910,54.73707665
2015-07-06T22:00+03:00,1369,3698,2846,51.02495544
2015-07-06T23:00+03:00,1370,3728,2235,47.90552585
2015-07-07T00:00+03:00,1371,3686,1796,45.00891266
2015-07-07T01:00+03:00,1371,3699,1500,40.80826564
2015-07-07T02:00+03:00,1371,3634,1456,37.02579666
2015-07-07T03:00+03:00,1374,3520,1456,34.00428457
2015-07-07T04:00+03:00,1379,3446,1514,33.67624743
2015-07-07T05:00+03:00,1379,3344,1427,33.95965366
2015-07-07T06:00+03:00,1377,3422,1380,39.95804695
2015-07-07T07:00+03:00,1374,3584,2041,45.96982951
2015-07-07T08:00+03:00,1359,3836,2376,53.33392841
2015-07-07T09:00+03:00,1343,3698,2690,53.33392841
2015-07-07T10:00+03:00,1346,3697,2896,51.10238329
2015-07-07T11:00+03:00,1352,3692,2901,50.20976524
2015-07-07T12:00+03:00,1342,3812,2969,50.20976524
2015-07-07T13:00+03:00,1319,3867,3102,52.21815585
2015-07-07T14:00+03:00,1324,3710,3279,54.67285549
2015-07-07T15:00+03:00,1340,3512,3453,53.78023744
2015-07-07T16:00+03:00,1355,3585,3112,50.20976524
2015-07-07T17:00+03:00,1364,3828,2715,50.2075337
2015-07-07T18:00+03:00,1365,3908,2590,50.2075337
2015-07-07T19:00+03:00,1364,4035,2383,50.20976524
2015-07-07T20:00+03:00,1365,4095,2339,50.20976524
2015-07-07T21:00+03:00,1366,4187,2606,54.67285549
2015-07-07T22:00+03:00,1369,4262,2572,53.78023744
2015-07-07T23:00+03:00,1371,4288,1978,49.09399268
2015-07-08T00:00+03:00,1371,3835,1705,44.17120414
2015-07-08T01:00+03:00,1371,3834,1556,44.1353484
2015-07-08T02:00+03:00,1371,3858,1378,42.352102
2015-07-08T03:00+03:00,1374,3749,1260,37.2252686
2015-07-08T04:00+03:00,1373,3737,1186,35.664928
2015-07-08T05:00+03:00,1373,3729,1162,37.2252686
2015-07-08T06:00+03:00,1373,3767,1246,39.9001382
2015-07-08T07:00+03:00,1373,3970,1926,45.0269716
2015-07-08T08:00+03:00,1372,4041,2123,45.24319023
2015-07-08T09:00+03:00,1372,4230,2476,51.0454282
2015-07-08T10:00+03:00,1372,4319,2709,53.2744862
2015-07-08T11:00+03:00,1372,4377,2794,52.8286746
2015-07-08T12:00+03:00,1371,4301,2850,50.15157594
2015-07-08T13:00+03:00,1371,4327,2905,50.15157594
2015-07-08T14:00+03:00,1370,4214,2972,45.4727832
2015-07-08T15:00+03:00,1369,4063,3150,44.8040658
2015-07-08T16:00+03:00,1369,3891,3217,42.3364986
2015-07-08T17:00+03:00,1368,3762,3213,33.43587
2015-07-08T18:00+03:00,1369,3893,2986,31.4297178
2015-07-08T19:00+03:00,1368,4019,2737,31.206812
2015-07-08T20:00+03:00,1368,4029,2729,30.9839062
2015-07-08T21:00+03:00,1368,4022,2917,33.43587
2015-07-08T22:00+03:00,1369,4099,2814,39.9001382
2015-07-08T23:00+03:00,1370,4012,2244,44.1353484
2015-07-09T00:00+03:00,1370,3838,1949,40.123044
2015-07-09T01:00+03:00,1370,3763,1605,35.77433925
2015-07-09T02:00+03:00,1370,3728,1419,35.09458432
2015-07-09T03:00+03:00,1370,3758,1214,31.95966191
2015-07-09T04:00+03:00,1370,3719,1197,33.54053933
2015-07-09T05:00+03:00,1370,3657,1174,31.30450338
2015-07-09T06:00+03:00,1369,3651,1306,36.132105
2015-07-09T07:00+03:00,1369,3866,1912,38.01037521
2015-07-09T08:00+03:00,1368,4154,2209,47.85116945
2015-07-09T09:00+03:00,1368,4240,2309,49.19279102
2015-07-09T10:00+03:00,1367,4226,2522,50.310809
2015-07-09T11:00+03:00,1360,4230,2733,50.310809
2015-07-09T12:00+03:00,1359,4243,3003,51.65243057
2015-07-09T13:00+03:00,1359,4340,3070,52.32324136
2015-07-09T14:00+03:00,1359,4272,3014,50.310809
2015-07-09T15:00+03:00,1357,4141,2953,45.61513349
2015-07-09T16:00+03:00,1350,4161,2831,44.27351192
2015-07-09T17:00+03:00,1354,4015,2636,38.53584366
2015-07-09T18:00+03:00,1365,3998,2527,35.33160413
2015-07-09T19:00+03:00,1365,4125,2427,42.71946693
2015-07-09T20:00+03:00,1365,4202,2381,35.76315907
2015-07-09T21:00+03:00,1365,4296,2609,42.48468315
2015-07-09T22:00+03:00,1366,4154,2548,41.14306158
2015-07-09T23:00+03:00,1366,4002,2091,44.60444524
2015-07-10T00:00+03:00,1366,3996,1628,38.01261124
2015-07-10T01:00+03:00,1366,3753,1555,44.98191682
2015-07-10T02:00+03:00,1366,3685,1475,38.42676311
2015-07-10T03:00+03:00,1366,3691,1329,31.41952984
2015-07-10T04:00+03:00,1367,3454,1547,31.41952984
2015-07-10T05:00+03:00,1367,3311,1766,31.41952984
2015-07-10T06:00+03:00,1367,3378,1988,31.41952984
2015-07-10T07:00+03:00,1366,3622,2369,31.41952984
2015-07-10T08:00+03:00,1362,3849,2508,31.41952984
2015-07-10T09:00+03:00,1329,3455,3173,38.42676311
2015-07-10T10:00+03:00,1336,3381,3427,39.31057866
2015-07-10T11:00+03:00,1318,3583,3253,41.59132007
2015-07-10T12:00+03:00,1334,3765,2950,40.68716094
2015-07-10T13:00+03:00,1344,3569,3211,45.43399638
2015-07-10T14:00+03:00,1335,3749,2836,48.37251356
2015-07-10T15:00+03:00,1352,3649,2798,46.5641953
2015-07-10T16:00+03:00,1353,3670,2641,45.66003617
2015-07-10T17:00+03:00,1353,3756,2449,45.66003617
2015-07-10T18:00+03:00,1358,3787,2382,50.85669078
2015-07-10T19:00+03:00,1358,3824,2316,50.85895118
2015-07-10T20:00+03:00,1358,3813,2402,51.76311031
2015-07-10T21:00+03:00,1359,3804,2606,55.37974684
2015-07-10T22:00+03:00,1361,3700,2584,50.85895118
2015-07-10T23:00+03:00,1361,3733,1985,49.0574141
2015-07-11T00:00+03:00,1361,3507,1866,43.36121157
2015-07-11T01:00+03:00,1369,2962,1826,36.48960217
2015-07-11T02:00+03:00,1370,2941,1590,32.40958409
2015-07-11T03:00+03:00,1373,2731,1506,30.18987342
2015-07-11T04:00+03:00,1373,2692,1561,29.6835443
2015-07-11T05:00+03:00,1374,2685,1582,29.53661844
2015-07-11T06:00+03:00,1374,2694,1629,28.96473779
2015-07-11T07:00+03:00,1374,2773,1688,30.87929476
2015-07-11T08:00+03:00,1375,2975,1882,37.03209765
2015-07-11T09:00+03:00,1374,3102,2317,54.24954792
2015-07-11T10:00+03:00,1374,3148,2276,52.17676311
2015-07-11T11:00+03:00,1373,3171,2406,54.58860759
2015-07-11T12:00+03:00,1373,3165,2479,52.89330922
2015-07-11T13:00+03:00,1372,3136,2467,46.5641953
2015-07-11T14:00+03:00,1373,3082,2391,42.94755877
2015-07-11T15:00+03:00,1372,3085,2298,38.10352622
2015-07-11T16:00+03:00,1372,3083,2333,38.42676311
2015-07-11T17:00+03:00,1372,3128,2298,42.26943942
2015-07-11T18:00+03:00,1372,3142,2270,46.11211573
2015-07-11T19:00+03:00,1372,3298,2140,54.92766727
2015-07-11T20:00+03:00,1372,3327,2043,55.70072333
2015-07-11T21:00+03:00,1373,3358,2294,56.73598553
2015-07-11T22:00+03:00,1373,3427,2279,56.73598553
2015-07-11T23:00+03:00,1373,3303,1768,45.57866184
2015-07-12T00:00+03:00,1373,3081,1553,34.45524412
2015-07-12T01:00+03:00,1373,2722,1366,32.17224231
2015-07-12T02:00+03:00,1373,2549,1348,28.4425859
2015-07-12T03:00+03:00,1373,2455,1473,27.12477396
2015-07-12T04:00+03:00,1374,2329,1470,25.68942134
2015-07-12T05:00+03:00,1373,2342,1385,25.49954792
2015-07-12T06:00+03:00,1373,2338,1377,22.21292948
2015-07-12T07:00+03:00,1373,2386,1277,22.64014467
2015-07-12T08:00+03:00,1372,2575,1362,29.61121157
2015-07-12T09:00+03:00,1371,2645,1503,31.41952984
2015-07-12T10:00+03:00,1371,2773,1778,40.46112116
2015-07-12T11:00+03:00,1369,2728,1870,40.68490054
2015-07-12T12:00+03:00,1370,2696,1887,40.68490054
2015-07-12T13:00+03:00,1370,2778,1911,40.68716094
2015-07-12T14:00+03:00,1369,2659,1826,37.2965642
2015-07-12T15:00+03:00,1369,2658,1784,37.12929476
2015-07-12T16:00+03:00,1368,2716,1708,37.14963834
2015-07-12T17:00+03:00,1370,2836,1783,45.23960217
2015-07-12T18:00+03:00,1370,2761,1731,45.31871609
2015-07-12T19:00+03:00,1371,2784,1675,45.66003617
2015-07-12T20:00+03:00,1371,2815,1837,50.27350814
2015-07-12T21:00+03:00,1371,2946,2100,55.25768535
2015-07-12T22:00+03:00,1372,2972,2148,55.3074141
2015-07-12T23:00+03:00,1372,2817,1963,45.29837251
2015-07-13T00:00+03:00,1372,2692,1723,33.90596745
2015-07-13T01:00+03:00,1372,2544,1508,31.19486043
2015-07-13T02:00+03:00,1372,2586,1417,30.14070488
2015-07-13T03:00+03:00,1372,2516,1226,26.9194227
2015-07-13T04:00+03:00,1372,2610,1189,26.9194227
2015-07-13T05:00+03:00,1371,2677,1055,24.8540922
2015-07-13T06:00+03:00,1371,2931,1082,26.9194227
2015-07-13T07:00+03:00,1371,3435,1661,36.71221101
2015-07-13T08:00+03:00,1371,3813,2029,52.02913632
2015-07-13T09:00+03:00,1347,3817,2230,52.70551509
2015-07-13T10:00+03:00,1348,3935,2483,55.28661268
2015-07-13T11:00+03:00,1340,4048,2610,55.42234086
2015-07-13T12:00+03:00,1326,4099,2631,55.88834095
2015-07-13T13:00+03:00,1310,4125,2757,56.55340904
2015-07-13T14:00+03:00,1285,4112,2759,55.42234086
2015-07-13T15:00+03:00,1327,4063,2703,54.06505904
2015-07-13T16:00+03:00,1298,4076,2540,49.54078632
2015-07-13T17:00+03:00,1301,4070,2473,47.27864996
2015-07-13T18:00+03:00,1346,3811,2577,43.88544541
2015-07-13T19:00+03:00,1352,3565,2902,38.45631815
2015-07-13T20:00+03:00,1354,3657,2968,36.19418179
2015-07-13T21:00+03:00,1357,3739,3032,36.19418179
2015-07-13T22:00+03:00,1357,3997,2402,36.19418179
2015-07-13T23:00+03:00,1359,4140,1722,36.19418179
2015-07-14T00:00+03:00,1360,4002,1561,36.19418179
2015-07-14T01:00+03:00,1363,3506,1574,40.31369705
2015-07-14T02:00+03:00,1363,3670,1258,40.57208912
2015-07-14T03:00+03:00,1364,3543,1175,36.37208459
2015-07-14T04:00+03:00,1367,3507,969,36.26555452
2015-07-14T05:00+03:00,1369,3471,1002,34.26641583
2015-07-14T06:00+03:00,1369,3344,1215,36.26555452
2015-07-14T07:00+03:00,1368,3549,1931,45.38180829
2015-07-14T08:00+03:00,1364,3788,2482,56.89158866
2015-07-14T09:00+03:00,1344,4142,2271,55.95775063
2015-07-14T10:00+03:00,1356,4128,2458,52.13173463
2015-07-14T11:00+03:00,1363,3856,2668,49.63847775
2015-07-14T12:00+03:00,1366,3843,2747,46.23858202
2015-07-14T13:00+03:00,1368,3987,2734,49.86513747
2015-07-14T14:00+03:00,1365,4050,2566,46.91856116
2015-07-14T15:00+03:00,1369,4147,2324,46.23858202
2015-07-14T16:00+03:00,1370,4179,2199,45.55860287
2015-07-14T17:00+03:00,1369,4165,2132,45.33194315
2015-07-14T18:00+03:00,1369,4059,2038,44.87862372
2015-07-14T19:00+03:00,1369,4011,1937,46.23858202
2015-07-14T20:00+03:00,1370,4008,1963,48.60717605
2015-07-14T21:00+03:00,1372,4012,2160,50.12579614
2015-07-14T22:00+03:00,1374,3872,2306,50.99616945
2015-07-14T23:00+03:00,1375,3549,2058,49.86513747
2015-07-15T00:00+03:00,1375,3299,1721,38.29642558
2015-07-15T01:00+03:00,1376,3249,1614,40.37351137
2015-07-15T02:00+03:00,1376,3273,1464,36.01136774
2015-07-15T03:00+03:00,1376,3365,1327,33.83255143
2015-07-15T04:00+03:00,1376,3396,1179,33.66113316
2015-07-15T05:00+03:00,1376,3387,1120,33.01154818
2015-07-15T06:00+03:00,1376,3365,1182,34.0107362
2015-07-15T07:00+03:00,1376,3525,1801,45.56116925
2015-07-15T08:00+03:00,1375,3693,2229,55.1989354
2015-07-15T09:00+03:00,1374,3791,2508,56.61313605
2015-07-15T10:00+03:00,1361,3883,2687,55.93648502
2015-07-15T11:00+03:00,1333,3947,2719,55.10194875
2015-07-15T12:00+03:00,1347,3911,2812,54.35763262
2015-07-15T13:00+03:00,1354,4004,2817,55.25983399
2015-07-15T14:00+03:00,1355,3947,2796,55.25983399
2015-07-15T15:00+03:00,1336,3891,2684,50.74657163
2015-07-15T16:00+03:00,1332,3788,2596,46.9708589
2015-07-15T17:00+03:00,1351,3678,2521,45.05142548
2015-07-15T18:00+03:00,1362,3616,2620,49.6075424
2015-07-15T19:00+03:00,1359,3767,2449,51.312703
2015-07-15T20:00+03:00,1356,3925,2435,55.93648502
2015-07-15T21:00+03:00,1356,3894,2600,55.23953446
2015-07-15T22:00+03:00,1357,3794,2617,53.90653194
2015-07-15T23:00+03:00,1357,3705,2150,50.74882714
2015-07-16T00:00+03:00,1361,3428,2037,43.17484663
2015-07-16T01:00+03:00,1370,3299,1847,36.23700482
2015-07-16T02:00+03:00,1369,3278,1780,31.48286562
2015-07-16T03:00+03:00,1370,3313,1691,31.48286562
2015-07-16T04:00+03:00,1370,3392,1571,31.48286562
2015-07-16T05:00+03:00,1370,3482,1438,31.48286562
2015-07-16T06:00+03:00,1369,3562,1592,36.23926978
2015-07-16T07:00+03:00,1369,3716,1965,40.7691785
2015-07-16T08:00+03:00,1369,3964,2248,49.60250051
2015-07-16T09:00+03:00,1365,3999,2573,54.5854001
2015-07-16T10:00+03:00,1364,4073,2432,45.29908722
2015-07-16T11:00+03:00,1324,4110,2595,43.03413286
2015-07-16T12:00+03:00,1332,4169,2631,45.29908722
2015-07-16T13:00+03:00,1337,4204,2685,48.69651877
2015-07-16T14:00+03:00,1330,4204,2650,48.69651877
2015-07-16T15:00+03:00,1349,4162,2638,50.95920817
2015-07-16T16:00+03:00,1338,4138,2561,50.95920817
2015-07-16T17:00+03:00,1318,4139,2391,46.20506897
2015-07-16T18:00+03:00,1325,4053,2414,49.60250051
2015-07-16T19:00+03:00,1345,3924,2459,50.95920817
2015-07-16T20:00+03:00,1353,3900,2471,50.95920817
2015-07-16T21:00+03:00,1354,3957,2715,51.86745487
2015-07-16T22:00+03:00,1352,3838,2695,51.86745487
2015-07-16T23:00+03:00,1353,3849,2018,48.69651877
2015-07-17T00:00+03:00,1353,3753,1634,40.54268306
2015-07-17T01:00+03:00,1353,3716,1430,36.23598686
2015-07-17T02:00+03:00,1355,3759,1252,33.97123769
2015-07-17T03:00+03:00,1369,3757,1122,33.97123769
2015-07-17T04:00+03:00,1370,3805,1113,33.97123769
2015-07-17T05:00+03:00,1370,3801,1130,36.23598686
2015-07-17T06:00+03:00,1370,3866,1263,40.76548522
2015-07-17T07:00+03:00,1366,3926,1725,44.22828672
2015-07-17T08:00+03:00,1364,4044,2004,48.34560072
2015-07-17T09:00+03:00,1343,4057,2347,51.8627562
2015-07-17T10:00+03:00,1332,4025,2495,49.82448194
2015-07-17T11:00+03:00,1332,4038,2616,49.59800702
2015-07-17T12:00+03:00,1333,4034,2677,47.55973276
2015-07-17T13:00+03:00,1345,4036,2773,49.82448194
2015-07-17T14:00+03:00,1314,3900,2789,46.65383309
2015-07-17T15:00+03:00,1303,3671,3021,45.29271883
2015-07-17T16:00+03:00,1304,3693,2964,40.76322047
2015-07-17T17:00+03:00,1339,3690,2818,40.5390103
2015-07-17T18:00+03:00,1353,3684,2741,40.5390103
2015-07-17T19:00+03:00,1353,3754,2622,40.5390103
2015-07-17T20:00+03:00,1354,3790,2611,33.97123769
2015-07-17T21:00+03:00,1362,3864,2795,36.23598686
2015-07-17T22:00+03:00,1363,3798,2703,36.23598686
2015-07-17T23:00+03:00,1365,3451,2462,36.23598686
2015-07-18T00:00+03:00,1365,3348,2130,36.23598686
2015-07-18T01:00+03:00,1369,3190,1912,33.97123769
2015-07-18T02:00+03:00,1373,3245,1736,33.97123769
2015-07-18T03:00+03:00,1373,3334,1548,33.97123769
2015-07-18T04:00+03:00,1373,3411,1463,33.97123769
2015-07-18T05:00+03:00,1373,3423,1341,33.97123769
2015-07-18T06:00+03:00,1373,3377,1338,33.97123769
2015-07-18T07:00+03:00,1373,3454,1644,40.76548522
2015-07-18T08:00+03:00,1373,3661,1809,47.55973276
2015-07-18T09:00+03:00,1373,3728,2000,47.33325784
2015-07-18T10:00+03:00,1372,3731,2275,47.33325784
2015-07-18T11:00+03:00,1370,3763,2274,47.33325784
2015-07-18T12:00+03:00,1370,3777,2279,46.20088325
2015-07-18T13:00+03:00,1370,3770,2295,45.74793342
2015-07-18T14:00+03:00,1369,3721,2249,45.06850866
2015-07-18T15:00+03:00,1369,3662,2276,40.76322047
2015-07-18T16:00+03:00,1368,3718,2167,45.06850866
2015-07-18T17:00+03:00,1368,3760,2155,47.33325784
2015-07-18T18:00+03:00,1368,3761,2183,49.59800702
2015-07-18T19:00+03:00,1368,3761,2207,49.82448194
2015-07-18T20:00+03:00,1368,3818,2171,52.08696637
2015-07-18T21:00+03:00,1368,3921,2293,55.48635489
2015-07-18T22:00+03:00,1368,3937,2202,55.48635489
2015-07-18T23:00+03:00,1368,3761,1849,49.59800702
2015-07-19T00:00+03:00,1369,3786,1262,47.33325784
2015-07-19T01:00+03:00,1369,3487,1144,40.76548522
2015-07-19T02:00+03:00,1369,3166,1157,46.20088325
2015-07-19T03:00+03:00,1369,3190,1142,47.33325784
2015-07-19T04:00+03:00,1369,3201,1051,45.29271883
2015-07-19T05:00+03:00,1369,3081,997,41.21843506
2015-07-19T06:00+03:00,1370,3037,883,33.97123769
2015-07-19T07:00+03:00,1370,3224,1170,42.80375948
2015-07-19T08:00+03:00,1369,3099,1384,40.76322047
2015-07-19T09:00+03:00,1369,3261,1699,42.80375948
2015-07-19T10:00+03:00,1368,3177,1899,40.76548522
2015-07-19T11:00+03:00,1367,3163,2014,36.23598686
2015-07-19T12:00+03:00,1367,3183,2091,36.23598686
2015-07-19T13:00+03:00,1366,3210,2121,34.90884385
2015-07-19T14:00+03:00,1366,3175,2096,33.97123769
2015-07-19T15:00+03:00,1365,3135,2097,33.97123769
2015-07-19T16:00+03:00,1364,3118,2116,33.97123769
2015-07-19T17:00+03:00,1364,3058,2252,33.74476277
2015-07-19T18:00+03:00,1364,3114,2272,33.97123769
2015-07-19T19:00+03:00,1364,3126,2319,38.50073604
2015-07-19T20:00+03:00,1364,3174,2323,42.80375948
2015-07-19T21:00+03:00,1365,3337,2485,45.74793342
2015-07-19T22:00+03:00,1365,3358,2442,47.33325784
2015-07-19T23:00+03:00,1366,3205,2004,42.80375948
2015-07-20T00:00+03:00,1366,2949,1832,42.80375948
2015-07-20T01:00+03:00,1366,3083,1606,33.99900263
2015-07-20T02:00+03:00,1366,3164,1489,33.77459425
2015-07-20T03:00+03:00,1366,3252,1341,34.22794451
2015-07-20T04:00+03:00,1366,3327,1169,33.99900263
2015-07-20T05:00+03:00,1366,3417,1058,34.22794451
2015-07-20T06:00+03:00,1366,3470,1287,40.79925651
2015-07-20T07:00+03:00,1366,3953,1654,47.375102
2015-07-20T08:00+03:00,1364,4257,2194,56.89545743
2015-07-20T09:00+03:00,1364,4274,2588,60.06890924
2015-07-20T10:00+03:00,1364,4240,2760,56.89545743
2015-07-20T11:00+03:00,1363,4207,2911,56.89545743
2015-07-20T12:00+03:00,1363,4306,2993,56.21543204
2015-07-20T13:00+03:00,1362,4328,3149,56.21543204
2015-07-20T14:00+03:00,1362,4298,3115,55.53540666
2015-07-20T15:00+03:00,1361,4245,3067,54.17535588
2015-07-20T16:00+03:00,1361,4123,3022,51.90860459
2015-07-20T17:00+03:00,1360,4087,2889,49.6418533
2015-07-20T18:00+03:00,1360,4247,2667,51.00190407
2015-07-20T19:00+03:00,1360,4227,2586,54.17535588
2015-07-20T20:00+03:00,1361,4290,2583,54.17535588
2015-07-20T21:00+03:00,1361,4346,2791,55.14099193
2015-07-20T22:00+03:00,1362,4145,2782,53.94868075
2015-07-20T23:00+03:00,1364,4110,2130,51.00190407
2015-07-21T00:00+03:00,1365,3921,1723,45.97198295
2015-07-21T01:00+03:00,1365,4069,1436,42.78922345
2015-07-21T02:00+03:00,1365,4028,1228,36.45007924
2015-07-21T03:00+03:00,1364,3880,960,35.28639348
2015-07-21T04:00+03:00,1366,3841,1083,34.18609916
2015-07-21T05:00+03:00,1366,3536,1486,33.73330315
2015-07-21T06:00+03:00,1366,3366,2075,33.73330315
2015-07-21T07:00+03:00,1364,3662,2616,33.12202853
2015-07-21T08:00+03:00,1366,3944,3006,36.45007924
2015-07-21T09:00+03:00,1365,4088,3150,34.18609916
2015-07-21T10:00+03:00,1358,4062,3337,36.45007924
2015-07-21T11:00+03:00,1356,4059,3359,36.45007924
2015-07-21T12:00+03:00,1349,4001,3490,38.48766131
2015-07-21T13:00+03:00,1322,4324,3342,42.78922345
2015-07-21T14:00+03:00,1319,4351,3279,44.82680552
2015-07-21T15:00+03:00,1325,4327,3193,45.73239755
2015-07-21T16:00+03:00,1333,4398,3010,46.18519357
2015-07-21T17:00+03:00,1338,4337,2926,45.73239755
2015-07-21T18:00+03:00,1347,4327,2840,46.63798959
2015-07-21T19:00+03:00,1354,4408,2683,47.54358162
2015-07-21T20:00+03:00,1353,4400,2661,52.07154177
2015-07-21T21:00+03:00,1353,4537,2752,54.33325787
2015-07-21T22:00+03:00,1353,4483,2609,55.46751189
2015-07-21T23:00+03:00,1355,4456,1969,51.84514376
2015-07-22T00:00+03:00,1358,4389,1419,50.93728775
2015-07-22T01:00+03:00,1359,4399,1274,49.75349405
2015-07-22T02:00+03:00,1365,4348,1106,42.74277444
2015-07-22T03:00+03:00,1365,4290,1032,42.74277444
2015-07-22T04:00+03:00,1365,4276,971,42.74277444
2015-07-22T05:00+03:00,1365,4057,969,37.24501334
2015-07-22T06:00+03:00,1365,4284,1067,44.77814465
2015-07-22T07:00+03:00,1365,4566,1748,50.88199376
2015-07-22T08:00+03:00,1365,4759,2154,56.53806142
2015-07-22T09:00+03:00,1364,4756,2482,56.76421367
2015-07-22T10:00+03:00,1353,4661,2700,56.76421367
2015-07-22T11:00+03:00,1350,4427,3099,55.87317382
2015-07-22T12:00+03:00,1328,4417,3194,55.40730019
2015-07-22T13:00+03:00,1313,4617,3251,56.76421367
2015-07-22T14:00+03:00,1297,4624,3250,55.40730019
2015-07-22T15:00+03:00,1295,4556,3201,52.01501651
2015-07-22T16:00+03:00,1303,4573,2998,46.58736261
2015-07-22T17:00+03:00,1303,4629,2892,44.77814465
2015-07-22T18:00+03:00,1297,4632,2488,42.74277444
2015-07-22T19:00+03:00,1295,4648,2407,42.74277444
2015-07-22T20:00+03:00,1294,4679,2384,40.13976209
2015-07-22T21:00+03:00,1295,4766,2620,42.74277444
2015-07-22T22:00+03:00,1296,4595,2624,42.74277444
2015-07-22T23:00+03:00,1296,4468,2020,42.74277444
2015-07-23T00:00+03:00,1296,4299,1653,34.1489891
2015-07-23T01:00+03:00,1296,4182,1477,42.74760817
2015-07-23T02:00+03:00,1296,4148,1261,38.52486825
2015-07-23T03:00+03:00,1296.98,4058.16,261.06,37.92323525
2015-07-23T04:00+03:00,1342,3963,1095,39.01115057
2015-07-23T05:00+03:00,1351,3981,1060,40.71200778
2015-07-23T06:00+03:00,1361,4191,1304,49.5329428
2015-07-23T07:00+03:00,1363,4277,1908,51.79472101
2015-07-23T08:00+03:00,1361,4376,2411,56.77063307
2015-07-23T09:00+03:00,1351,4405,2798,59.93712257
2015-07-23T10:00+03:00,1344,4373,3156,60.61565603
2015-07-23T11:00+03:00,1302,4449,3205,59.93712257
2015-07-23T12:00+03:00,1321,4587,3142,56.77063307
2015-07-23T13:00+03:00,1294,4832,3024,58.35387782
2015-07-23T14:00+03:00,1295,4790,2958,56.77063307
2015-07-23T15:00+03:00,1311,4779,2809,55.41356615
2015-07-23T16:00+03:00,1308,4845,2712,54.05649922
2015-07-23T17:00+03:00,1312,4842,2662,52.02089883
2015-07-23T18:00+03:00,1339,4823,2542,54.05649922
2015-07-23T19:00+03:00,1339,4857,2442,55.41356615
2015-07-23T20:00+03:00,1338,4813,2465,56.09209961
2015-07-23T21:00+03:00,1332,4811,2679,56.77063307
2015-07-23T22:00+03:00,1335,4677,2519,56.77063307
2015-07-23T23:00+03:00,1336,4697,1824,53.15178794
2015-07-24T00:00+03:00,1333,4622,1380,50.89000973
2015-07-24T01:00+03:00,1333,4268,1060,44.12064167
2015-07-24T02:00+03:00,1335,4084,977,42.37391678
2015-07-24T03:00+03:00,1341,3974,889,38.21300088
2015-07-24T04:00+03:00,1351,4065,856,38.46188655
2015-07-24T05:00+03:00,1351,4084,862,39.12030228
2015-07-24T06:00+03:00,1352,4275,994,43.25859221
2015-07-24T07:00+03:00,1351,4404,1579,47.01676584
2015-07-24T08:00+03:00,1344,4509,2196,54.98336991
2015-07-24T09:00+03:00,1328,4584,2563,56.79118492
2015-07-24T10:00+03:00,1329,4545,2915,56.79118492
2015-07-24T11:00+03:00,1286,4479,3102,55.43362672
2015-07-24T12:00+03:00,1300,4426,3186,53.84980881
2015-07-24T13:00+03:00,1324,4382,3295,54.30006562
2015-07-24T14:00+03:00,1324,4286,3288,50.9084327
2015-07-24T15:00+03:00,1315,4310,3233,49.55087449
2015-07-24T16:00+03:00,1308,4341,3111,46.60949838
2015-07-24T17:00+03:00,1306,4395,3001,46.60949838
2015-07-24T18:00+03:00,1307,4458,2793,50.9084327
2015-07-24T19:00+03:00,1306,4453,2645,51.8134715
2015-07-24T20:00+03:00,1307,4431,2670,54.30006562
2015-07-24T21:00+03:00,1308,4447,2866,56.79118492
2015-07-24T22:00+03:00,1314,4336,2670,56.79118492
2015-07-24T23:00+03:00,1334,4183,1795,50.9084327
2015-07-25T00:00+03:00,1347,4109,1452,47.51453719
2015-07-25T01:00+03:00,1350,3710,1151,42.76308347
2015-07-25T02:00+03:00,1353,3525,1012,40.72674616
2015-07-25T03:00+03:00,1358,3472,750,36.42781184
2015-07-25T04:00+03:00,1358,3504,646,35.11098038
2015-07-25T05:00+03:00,1359,3377,671,33.71269543
2015-07-25T06:00+03:00,1359,3237,691,29.92737064
2015-07-25T07:00+03:00,1360,3466,1089,36.42781184
2015-07-25T08:00+03:00,1360,3735,1587,40.47786049
2015-07-25T09:00+03:00,1360,3937,1836,42.76308347
2015-07-25T10:00+03:00,1359,4112,2092,45.70445958
2015-07-25T11:00+03:00,1359,4172,2190,44.12064167
2015-07-25T12:00+03:00,1358,4175,2186,42.76308347
2015-07-25T13:00+03:00,1358,4171,2171,42.76308347
2015-07-25T14:00+03:00,1357,4123,2145,42.76308347
2015-07-25T15:00+03:00,1357,4162,2129,42.76308347
2015-07-25T16:00+03:00,1356,4197,2125,42.76308347
2015-07-25T17:00+03:00,1358,4184,2007,42.76308347
2015-07-25T18:00+03:00,1358,4125,2110,48.02362151
2015-07-25T19:00+03:00,1358,4129,1969,49.55087449
2015-07-25T20:00+03:00,1358,4198,1961,50.9061701
2015-07-25T21:00+03:00,1359,4273,2265,54.47881078
2015-07-25T22:00+03:00,1359,4237,2171,54.07606851
2015-07-25T23:00+03:00,1360,4108,1594,46.60949838
2015-07-26T00:00+03:00,1359.68,3647.71,1411.31,42.3626038
2015-07-26T01:00+03:00,1359.86,3115.93,1175.98,37.8962373
2015-07-26T02:00+03:00,1360.69,3048.7,855.82,37.33285065
2015-07-26T03:00+03:00,1359.64,3074.18,671.59,34.16521483
2015-07-26T04:00+03:00,1359.99,3037.66,636.3,33.71269543
2015-07-26T05:00+03:00,1359.12,2858.14,432.1,26.92490441
2015-07-26T06:00+03:00,1358.58,2775.93,481.47,13.95343575
2015-07-26T07:00+03:00,1358.07,2846.68,840.36,21.2548363
2015-07-26T08:00+03:00,1358.71,2860.79,1238.42,20.36337308
2015-07-26T09:00+03:00,1358.73,3203.74,1571.86,33.71269543
2015-07-26T10:00+03:00,1358.77,3313.71,1810.18,37.33285065
2015-07-26T11:00+03:00,1358.16,3407.35,1920.15,42.76308347
2015-07-26T12:00+03:00,1357.98,3537.48,2068.28,44.12064167
2015-07-26T13:00+03:00,1356.94,3566.94,2065.41,44.12064167
2015-07-26T14:00+03:00,1355.67,3505.95,1946.56,42.76308347
2015-07-26T15:00+03:00,1355.77,3570.39,2011.75,44.12064167
2015-07-26T16:00+03:00,1355.35,3550.15,1966.14,45.24967758
2015-07-26T17:00+03:00,1355.25,3512.1,2054.56,45.70445958
2015-07-26T18:00+03:00,1355.82,3380.65,2206.31,50.9061701
2015-07-26T19:00+03:00,1355.61,3414.14,2205.74,50.9061701
2015-07-26T20:00+03:00,1355.73,3493.13,2481.26,51.8134715
2015-07-26T21:00+03:00,1356.13,3598.8,2429.33,54.07606851
2015-07-26T22:00+03:00,1356.49,3546.98,2010.67,49.77713419
2015-07-26T23:00+03:00,1357.07,3179.76,1800.96,39.39181392
2015-07-27T00:00+03:00,1357,2845,1608,30.78036971
2015-07-27T01:00+03:00,1357,2942,1743,26.96028456
2015-07-27T02:00+03:00,1358,2801,1682,24.07847935
2015-07-27T03:00+03:00,1358,2798,1664,22.04399737
2015-07-27T04:00+03:00,1358,2838,1666,18.97641541
2015-07-27T05:00+03:00,1359,2918,1676,19.24375269
2015-07-27T06:00+03:00,1359,2979,1626,23.24474954
2015-07-27T07:00+03:00,1359,3494,2065,30.96581255
2015-07-27T08:00+03:00,1357,3809,2263,38.02079793
2015-07-27T09:00+03:00,1320,4115,2527,46.44418768
2015-07-27T10:00+03:00,1281,4204,2690,50.97306237
2015-07-27T11:00+03:00,1322,4073,2692,49.61598586
2015-07-27T12:00+03:00,1298,4193,2804,51.18602596
2015-07-27T13:00+03:00,1307,4303,2862,55.10999343
2015-07-27T14:00+03:00,1286,4365,2762,55.16436711
2015-07-27T15:00+03:00,1301,4330,2674,55.01937062
2015-07-27T16:00+03:00,1320,4226,2640,54.37141757
2015-07-27T17:00+03:00,1330,4105,2493,50.97532794
2015-07-27T18:00+03:00,1340,4062,2433,49.84254288
2015-07-27T19:00+03:00,1341,4068,2299,49.61598586
2015-07-27T20:00+03:00,1342,4238,2430,54.37141757
2015-07-27T21:00+03:00,1342,4423,2536,54.37141757
2015-07-27T22:00+03:00,1344,4171,2406,55.13038356
2015-07-27T23:00+03:00,1345,3868,1778,50.97532794
2015-07-28T00:00+03:00,1344,3628,1371,49.84254288
2015-07-28T01:00+03:00,1272,3469,1315,42.62573629
2015-07-28T02:00+03:00,1323,3511,1158,36.47485274
2015-07-28T03:00+03:00,1325,3552,808,33.75623018
2015-07-28T04:00+03:00,1325,3656,730,33.75623018
2015-07-28T05:00+03:00,1335,3840,649,34.20933394
2015-07-28T06:00+03:00,1338,3795,1159,36.75804259
2015-07-28T07:00+03:00,1338,3633,2116,40.63661078
2015-07-28T08:00+03:00,1336,3966,2427,50.97190757
2015-07-28T09:00+03:00,1329,4179,2713,55.50521069
2015-07-28T10:00+03:00,1336,4136,2970,56.18486633
2015-07-28T11:00+03:00,1336,4079,3022,54.59900317
2015-07-28T12:00+03:00,1336,4070,3150,55.50521069
2015-07-28T13:00+03:00,1331,4232,3150,56.18486633
2015-07-28T14:00+03:00,1334,4217,3079,56.86452198
2015-07-28T15:00+03:00,1341,4206,3026,56.86452198
2015-07-28T16:00+03:00,1340,4202,2940,56.86452198
2015-07-28T17:00+03:00,1344,4203,2810,56.86452198
2015-07-28T18:00+03:00,1344,4253,2581,56.86452198
2015-07-28T19:00+03:00,1345,4189,2371,56.18486633
2015-07-28T20:00+03:00,1345,4143,2376,56.18486633
2015-07-28T21:00+03:00,1346,4221,2606,56.86452198
2015-07-28T22:00+03:00,1346,4083,2309,55.17444495
2015-07-28T23:00+03:00,1347,4185,1621,53.23969189
2015-07-29T00:00+03:00,1345,4015,1192,48.70865428
2015-07-29T01:00+03:00,1339,3743,1069,42.80569837
2015-07-29T02:00+03:00,1339,3579,967,37.03259122
2015-07-29T03:00+03:00,1339,3616,637,33.74629131
2015-07-29T04:00+03:00,1349,3583,633,33.74629131
2015-07-29T05:00+03:00,1352,3624,691,33.74629131
2015-07-29T06:00+03:00,1353,3585,1018,36.46411342
2015-07-29T07:00+03:00,1353,3756,1671,42.80569837
2015-07-29T08:00+03:00,1353,3893,2186,50.95916472
2015-07-29T09:00+03:00,1325,3914,2546,52.09159061
2015-07-29T10:00+03:00,1314,3856,2875,53.90347202
2015-07-29T11:00+03:00,1327,3807,2937,49.47568682
2015-07-29T12:00+03:00,1321,3851,2982,45.97649084
2015-07-29T13:00+03:00,1330,3978,3108,46.65594637
2015-07-29T14:00+03:00,1336,3933,3100,45.75000566
2015-07-29T15:00+03:00,1336,3765,3115,42.80569837
2015-07-29T16:00+03:00,1336,3580,3185,40.61558671
2015-07-29T17:00+03:00,1343,3547,3235,40.38230698
2015-07-29T18:00+03:00,1348,3629,3072,42.80569837
2015-07-29T19:00+03:00,1348,3700,2841,42.80569837
2015-07-29T20:00+03:00,1348,3891,2859,44.16460943
2015-07-29T21:00+03:00,1349,3852,3122,46.38869386
2015-07-29T22:00+03:00,1350,3809,2923,42.80569837
2015-07-29T23:00+03:00,1354,3737,2339,45.75000566
2015-07-30T00:00+03:00,1357,3595,1887,38.30090821
2015-07-30T01:00+03:00,1357,3166,1265,16.02985887
2015-07-30T02:00+03:00,1357,3013,1117,14.82733584
2015-07-30T03:00+03:00,1357,3005,1030,13.32758542
2015-07-30T04:00+03:00,1357,3012,942,11.40127967
2015-07-30T05:00+03:00,1357,3061,814,12.22262558
2015-07-30T06:00+03:00,1357,3130,850,24.731134
2015-07-30T07:00+03:00,1356,3317,1367,27.45382765
2015-07-30T08:00+03:00,1356,3566,1908,37.23964242
2015-07-30T09:00+03:00,1322,3791,2188,42.88242501
2015-07-30T10:00+03:00,1307,3830,2527,44.24377184
2015-07-30T11:00+03:00,1312,3764,2798,44.24377184
2015-07-30T12:00+03:00,1321,3787,3001,45.16268095
2015-07-30T13:00+03:00,1336,3748,3374,46.73957435
2015-07-30T14:00+03:00,1322,3693,3357,44.24377184
2015-07-30T15:00+03:00,1318,3599,3283,43.78998956
2015-07-30T16:00+03:00,1305,3556,3216,42.88242501
2015-07-30T17:00+03:00,1304,3455,3058,40.6452784
2015-07-30T18:00+03:00,1334,3451,2870,39.97594954
2015-07-30T19:00+03:00,1340,3492,2669,41.06729591
2015-07-30T20:00+03:00,1339,3457,2627,40.5862867
2015-07-30T21:00+03:00,1340,3425,2773,39.06611608
2015-07-30T22:00+03:00,1341,3372,2546,38.42628307
2015-07-30T23:00+03:00,1341,3352,1876,39.20451967
2015-07-31T00:00+03:00,1343,3325,1227,33.80677951
2015-07-31T01:00+03:00,1350,3259,876,28.03276085
2015-07-31T02:00+03:00,1354,3237,626,27.45195907
2015-07-31T03:00+03:00,1354,3101,653,27.45195907
2015-07-31T04:00+03:00,1354,3098,674,27.45195907
2015-07-31T05:00+03:00,1354,3047,674,27.45195907
2015-07-31T06:00+03:00,1354,3050,814,27.45195907
2015-07-31T07:00+03:00,1354,3250,1264,33.80447853
2015-07-31T08:00+03:00,1347,3566,1726,40.69696213
2015-07-31T09:00+03:00,1296,3863,1919,44.33604828
2015-07-31T10:00+03:00,1306,3933,2129,47.21963836
2015-07-31T11:00+03:00,1307,3929,2227,47.41702021
2015-07-31T12:00+03:00,1311,3920,2380,49.68577716
2015-07-31T13:00+03:00,1327,3806,2719,54.447898
2015-07-31T14:00+03:00,1321,3662,2603,49.68577716
2015-07-31T15:00+03:00,1324,3760,2309,46.28264174
2015-07-31T16:00+03:00,1339,3702,2141,42.98386914
2015-07-31T17:00+03:00,1339,3486,2067,42.87950632
2015-07-31T18:00+03:00,1338,3534,2009,42.87950632
2015-07-31T19:00+03:00,1339,3467,2064,42.87950632
2015-07-31T20:00+03:00,1339,3657,2419,44.44494861
2015-07-31T21:00+03:00,1340,3675,2705,42.87950632
2015-07-31T22:00+03:00,1342,3388,2803,40.51999909
2015-07-31T23:00+03:00,1349,3434,2398,40.49731152
2015-08-01T00:00+03:00,1356,3152,2525,34.25822992
2015-08-01T01:00+03:00,1356,2728,2173,33.24409556
2015-08-01T02:00+03:00,1357,2745,2038,25.44637793
2015-08-01T03:00+03:00,1359,2766,2059,23.86959185
2015-08-01T04:00+03:00,1362,2914,1928,21.60990993
2015-08-01T05:00+03:00,1363,2976,1955,21.59856615
2015-08-01T06:00+03:00,1363,2862,1988,20.49821903
2015-08-01T07:00+03:00,1363,2664,2390,22.94167026
2015-08-01T08:00+03:00,1362,2713,2580,25.71862876
2015-08-01T09:00+03:00,1362,2831,2785,28.9311886
2015-08-01T10:00+03:00,1362,3021,2740,33.80447853
2015-08-01T11:00+03:00,1361,3106,2817,42.87950632
2015-08-01T12:00+03:00,1362,3294,2767,42.87950632
2015-08-01T13:00+03:00,1361,3287,2690,45.01667536
2015-08-01T14:00+03:00,1360,3264,2420,42.87950632
2015-08-01T15:00+03:00,1360,3200,2222,42.87950632
2015-08-01T16:00+03:00,1360,3286,2062,42.87950632
2015-08-01T17:00+03:00,1360,3488,2083,45.82889035
2015-08-01T18:00+03:00,1360,3448,1988,45.82889035
2015-08-01T19:00+03:00,1360,3436,1880,46.28264174
2015-08-01T20:00+03:00,1360,3486,1961,49.68577716
2015-08-01T21:00+03:00,1361,3630,2315,56.7189237
2015-08-01T22:00+03:00,1362,3607,2280,56.9457994
2015-08-01T23:00+03:00,1363,3495,1856,46.50951744
2015-08-02T00:00+03:00,1363,3351,1215,42.15577285
2015-08-02T01:00+03:00,1364,2922,1031,27.6720285
2015-08-02T02:00+03:00,1363,2684,1036,20.41881253
2015-08-02T03:00+03:00,1364,2642,1129,16.49840053
2015-08-02T04:00+03:00,1364,2505,1411,14.99875218
2015-08-02T05:00+03:00,1364,2530,1535,14.21829979
2015-08-02T06:00+03:00,1364,2488,1601,13.49683508
2015-08-02T07:00+03:00,1364,2413,1694,15.49787871
2015-08-02T08:00+03:00,1364,2427,1678,17.71672301
2015-08-02T09:00+03:00,1364,2395,1845,19.21183384
2015-08-02T10:00+03:00,1363,2420,1981,22.05685505
2015-08-02T11:00+03:00,1363,2514,2140,27.45195907
2015-08-02T12:00+03:00,1362,2608,2293,33.80447853
2015-08-02T13:00+03:00,1362,2558,2375,33.80447853
2015-08-02T14:00+03:00,1362,2488,2183,27.22508338
2015-08-02T15:00+03:00,1361,2492,2128,26.99820768
2015-08-02T16:00+03:00,1361,2546,2168,28.68162534
2015-08-02T17:00+03:00,1360,2680,2039,33.80447853
2015-08-02T18:00+03:00,1355,2720,1956,33.80447853
2015-08-02T19:00+03:00,1341,2923,1758,33.80447853
2015-08-02T20:00+03:00,1345,3048,1829,42.87950632
2015-08-02T21:00+03:00,1350,3259,2308,47.41702021
2015-08-02T22:00+03:00,1354,3262,2144,47.41702021
2015-08-02T23:00+03:00,1362,3187,1649,43.7870091
2015-08-03T00:00+03:00,1363,2669,1467,33.80447853
2015-08-03T01:00+03:00,1361,2463,1227,26.99330838
2015-08-03T02:00+03:00,1359,2447,1135,20.4060338
2015-08-03T03:00+03:00,1359,2536,1166,18.52330725
2015-08-03T04:00+03:00,1361,2613,1259,16.09390949
2015-08-03T05:00+03:00,1362,2684,1479,15.0413973
2015-08-03T06:00+03:00,1363,2685,1576,19.34444823
2015-08-03T07:00+03:00,1362,3106,1949,31.54134059
2015-08-03T08:00+03:00,1363,3525,2289,42.87172508
2015-08-03T09:00+03:00,1301,3684,2594,43.77906317
2015-08-03T10:00+03:00,1278,3708,2949,46.27424294
2015-08-03T11:00+03:00,1322,3683,3057,44.23273222
2015-08-03T12:00+03:00,1334,4009,2838,44.23273222
2015-08-03T13:00+03:00,1341,3993,3023,46.72791199
2015-08-03T14:00+03:00,1341,3962,3036,46.95474651
2015-08-03T15:00+03:00,1340,4015,2813,43.77906317
2015-08-03T16:00+03:00,1329,4108,2620,43.77906317
2015-08-03T17:00+03:00,1305,4134,2641,45.82057389
2015-08-03T18:00+03:00,1317,4148,2473,45.82057389
2015-08-03T19:00+03:00,1323,4169,2232,45.36690484
2015-08-03T20:00+03:00,1338,4288,2286,47.61029829
2015-08-03T21:00+03:00,1351,4405,2434,48.127481
2015-08-03T22:00+03:00,1351,4329,2168,46.72791199
2015-08-03T23:00+03:00,1351,4259,1645,47.40841556
2015-08-04T00:00+03:00,1352,4002,1169,42.87172508
2015-08-04T01:00+03:00,1353,3524,1105,34.25123622
2015-08-04T02:00+03:00,1354,3272,1285,22.73737695
2015-08-04T03:00+03:00,1354,3200,1517,19.3939119
2015-08-04T04:00+03:00,1354,3103,1701,17.40461825
2015-08-04T05:00+03:00,1354,3067,1701,17.59288663
2015-08-04T06:00+03:00,1354,3108,1682,22.9006941
2015-08-04T07:00+03:00,1351,3342,2324,28.98879463
2015-08-04T08:00+03:00,1351,4049,2524,37.69677449
2015-08-04T09:00+03:00,1339,4128,2634,42.87075262
2015-08-04T10:00+03:00,1339,4127,2921,42.87075262
2015-08-04T11:00+03:00,1349,4101,3087,42.87075262
2015-08-04T12:00+03:00,1345,4081,3250,42.87075262
2015-08-04T13:00+03:00,1329,4078,3337,42.87075262
2015-08-04T14:00+03:00,1295,4068,3366,42.87075262
2015-08-04T15:00+03:00,1296,3865,3460,42.87075262
2015-08-04T16:00+03:00,1312,3864,3419,42.87075262
2015-08-04T17:00+03:00,1307,3968,3278,42.87075262
2015-08-04T18:00+03:00,1308,4139,2875,45.36587579
2015-08-04T19:00+03:00,1308,4204,2668,46.72685206
2015-08-04T20:00+03:00,1309,4238,2710,47.63416958
2015-08-04T21:00+03:00,1309,4262,3000,48.03565758
2015-08-04T22:00+03:00,1315,4167,2726,46.39341287
2015-08-04T23:00+03:00,1325,4070,2188,47.4073402
2015-08-05T00:00+03:00,1333,3805,1789,42.87075262
2015-08-05T01:00+03:00,1340,3326,1828,28.15976077
2015-08-05T02:00+03:00,1342,3245,1660,26.09591989
2015-08-05T03:00+03:00,1348,3219,1760,23.77834666
2015-08-05T04:00+03:00,1351,3207,1891,21.32257991
2015-08-05T05:00+03:00,1351,3203,1949,22.41906617
2015-08-05T06:00+03:00,1351,3219,2019,26.35418319
2015-08-05T07:00+03:00,1349,3522,2512,32.24439863
2015-08-05T08:00+03:00,1348,3895,2600,41.90435196
2015-08-05T09:00+03:00,1348,4144,2612,44.2423144
2015-08-05T10:00+03:00,1347,4343,2927,47.34827032
2015-08-05T11:00+03:00,1342,4236,3090,46.21553658
2015-08-05T12:00+03:00,1329,4174,3279,45.76244308
2015-08-05T13:00+03:00,1320,4182,3413,46.21553658
2015-08-05T14:00+03:00,1304,4170,3415,45.76244308
2015-08-05T15:00+03:00,1298,3998,3495,44.17661584
2015-08-05T16:00+03:00,1299,3827,3614,45.76244308
2015-08-05T17:00+03:00,1297,4102,3275,47.34827032
2015-08-05T18:00+03:00,1291,4330,2882,49.61373779
2015-08-05T19:00+03:00,1291,4335,2724,49.97168166
2015-08-05T20:00+03:00,1291,4323,2716,50.97301828
2015-08-05T21:00+03:00,1292,4301,3010,52.10575202
2015-08-05T22:00+03:00,1294,4263,2747,48.10267099
2015-08-05T23:00+03:00,1294,4245,2055,46.21553658
2015-08-06T00:00+03:00,1295,3900,1703,35.6743164
2015-08-06T01:00+03:00,1287,3413,1596,33.77000136
2015-08-06T02:00+03:00,1287,3207,1548,26.979738
2015-08-06T03:00+03:00,1260,3179,1652,24.97846879
2015-08-06T04:00+03:00,1265,3187,1692,21.96636599
2015-08-06T05:00+03:00,1266,3222,1881,21.90743847
2015-08-06T06:00+03:00,1266,3200,1904,25.3841621
2015-08-06T07:00+03:00,1265,3451,2162,33.77000136
2015-08-06T08:00+03:00,1266,3908,2401,42.83577354
2015-08-06T09:00+03:00,1273,4149,2686,49.63510267
2015-08-06T10:00+03:00,1273,4240,3035,53.26141154
2015-08-06T11:00+03:00,1273,4057,3366,50.4895517
2015-08-06T12:00+03:00,1265,3872,3704,50.99270205
2015-08-06T13:00+03:00,1266,3890,3752,50.9949685
2015-08-06T14:00+03:00,1251,3901,3678,50.99270205
2015-08-06T15:00+03:00,1246,3983,3599,47.36865963
2015-08-06T16:00+03:00,1239,4095,3413,47.36865963
2015-08-06T17:00+03:00,1239,4152,3226,47.59530393
2015-08-06T18:00+03:00,1242,4165,3103,50.99270205
2015-08-06T19:00+03:00,1246,4267,2948,50.99270205
2015-08-06T20:00+03:00,1247,4339,2931,54.94311228
2015-08-06T21:00+03:00,1253,4320,3051,54.39236662
2015-08-06T22:00+03:00,1256,4334,2802,49.63510267
2015-08-06T23:00+03:00,1262,4235,2547,46.68872671
2015-08-07T00:00+03:00,1269,3758,2153,40.43334391
2015-08-07T01:00+03:00,1275,3574,2119,33.72719453
2015-08-07T02:00+03:00,1285,3435,2114,29.27701571
2015-08-07T03:00+03:00,1318,3458,2091,26.76898004
2015-08-07T04:00+03:00,1320,3516,1975,25.17089954
2015-08-07T05:00+03:00,1326,3543,1873,25.37009371
2015-08-07T06:00+03:00,1335,3596,1757,28.43496763
2015-08-07T07:00+03:00,1335,3970,2235,37.96007062
2015-08-07T08:00+03:00,1333,4300,2471,46.62954412
2015-08-07T09:00+03:00,1311,4341,2846,47.07094029
2015-08-07T10:00+03:00,1323,4353,3028,46.1768301
2015-08-07T11:00+03:00,1319,4315,3123,42.78147494
2015-08-07T12:00+03:00,1329,4248,3235,42.78147494
2015-08-07T13:00+03:00,1328,4309,3271,42.78147494
2015-08-07T14:00+03:00,1328,4320,3217,42.78147494
2015-08-07T15:00+03:00,1341,4241,3202,42.78147494
2015-08-07T16:00+03:00,1342,4206,3159,42.78147494
2015-08-07T17:00+03:00,1341,4222,3041,42.78147494
2015-08-07T18:00+03:00,1345,4264,2949,46.1768301
2015-08-07T19:00+03:00,1346,4356,2809,47.53497216
2015-08-07T20:00+03:00,1349,4373,2814,51.15668432
2015-08-07T21:00+03:00,1351,4352,3031,55.02059849
2015-08-07T22:00+03:00,1354,4337,2776,51.83575535
2015-08-07T23:00+03:00,1355,4287,2076,47.30861515
2015-08-08T00:00+03:00,1355,4014,1727,42.78147494
2015-08-08T01:00+03:00,1355,3432,1353,29.65276835
2015-08-08T02:00+03:00,1355,3145,1235,29.65276835
2015-08-08T03:00+03:00,1356,3073,1247,26.50866947
2015-08-08T04:00+03:00,1355,3075,1322,23.00919009
2015-08-08T05:00+03:00,1356,3047,1494,21.70990086
2015-08-08T06:00+03:00,1356,2971,1596,22.14450632
2015-08-08T07:00+03:00,1356,2929,1686,25.18221739
2015-08-08T08:00+03:00,1355,3182,1931,37.00937118
2015-08-08T09:00+03:00,1355,3183,2352,42.78147494
2015-08-08T10:00+03:00,1354,3345,2823,44.81868803
2015-08-08T11:00+03:00,1354,3302,3041,42.78147494
2015-08-08T12:00+03:00,1354,3284,3225,42.78147494
2015-08-08T13:00+03:00,1354,3216,3294,42.78147494
2015-08-08T14:00+03:00,1353,3230,3153,42.78147494
2015-08-08T15:00+03:00,1353,3322,3092,42.78147494
2015-08-08T16:00+03:00,1352,3389,3043,42.78147494
2015-08-08T17:00+03:00,1352,3485,2906,44.81868803
2015-08-08T18:00+03:00,1351,3581,2575,44.139617
2015-08-08T19:00+03:00,1352,3609,2637,49.93435647
2015-08-08T20:00+03:00,1352,3675,2590,51.83575535
2015-08-08T21:00+03:00,1353,3686,2855,56.13653855
2015-08-08T22:00+03:00,1353,3620,2606,54.32568247
2015-08-08T23:00+03:00,1354,3368,2019,42.78147494
2015-08-09T00:00+03:00,1356,3122,1955,36.21712164
2015-08-09T01:00+03:00,1357,3015,1681,33.72719453
2015-08-09T02:00+03:00,1361,2772,1589,26.91837566
2015-08-09T03:00+03:00,1359,2668,1700,20.82937209
2015-08-09T04:00+03:00,1359,2481,1784,18.09724297
2015-08-09T05:00+03:00,1360,2473,1876,16.00117706
2015-08-09T06:00+03:00,1360,2401,1896,14.84222916
2015-08-09T07:00+03:00,1360,2430,1876,15.63900584
2015-08-09T08:00+03:00,1360,2428,1961,19.07736883
2015-08-09T09:00+03:00,1360,2454,2361,20.37213092
2015-08-09T10:00+03:00,1359,2489,2630,21.6533116
2015-08-09T11:00+03:00,1359,2492,2823,22.61306533
2015-08-09T12:00+03:00,1359,2613,3033,31.91633845
2015-08-09T13:00+03:00,1358,2690,2978,33.72719453
2015-08-09T14:00+03:00,1357,2651,2843,33.72719453
2015-08-09T15:00+03:00,1356,2797,2658,34.17990855
2015-08-09T16:00+03:00,1355,2899,2616,42.78147494
2015-08-09T17:00+03:00,1355,2954,2601,46.40318711
2015-08-09T18:00+03:00,1355,3038,2495,47.98994975
2015-08-09T19:00+03:00,1355,3179,2276,50.92806374
2015-08-09T20:00+03:00,1356,3218,2411,56.13653855
2015-08-09T21:00+03:00,1356,3222,2884,60.00724342
2015-08-09T22:00+03:00,1357,3195,2581,60.66367875
2015-08-09T23:00+03:00,1357,3178,2000,47.30861515
2015-08-10T00:00+03:00,1357,2777,1790,42.78147494
2015-08-10T01:00+03:00,1358,2543,1788,25.48628429
2015-08-10T02:00+03:00,1358,2581,1785,24.01042847
2015-08-10T03:00+03:00,1359,2613,1738,22.60938563
2015-08-10T04:00+03:00,1358,2635,1680,20.31285423
2015-08-10T05:00+03:00,1358,2763,1673,21.00884153
2015-08-10T06:00+03:00,1358,2922,1570,25.10088415
2015-08-10T07:00+03:00,1358,3253,1973,33.77918839
2015-08-10T08:00+03:00,1358,3588,2341,42.84742689
2015-08-10T09:00+03:00,1288,3718,2778,52.95851281
2015-08-10T10:00+03:00,1280,3637,3102,51.00657447
2015-08-10T11:00+03:00,1304,3718,3157,47.38154613
2015-08-10T12:00+03:00,1301,3672,3272,46.24801632
2015-08-10T13:00+03:00,1322,3675,3352,47.38154613
2015-08-10T14:00+03:00,1306,3692,3309,47.38154613
2015-08-10T15:00+03:00,1334,3658,3304,42.84742689
2015-08-10T16:00+03:00,1327,3621,3250,42.84742689
2015-08-10T17:00+03:00,1340,3720,3067,47.38154613
2015-08-10T18:00+03:00,1346,3805,2814,51.00657447
2015-08-10T19:00+03:00,1347,3853,2709,55.08954886
2015-08-10T20:00+03:00,1347,3808,2634,55.11221945
2015-08-10T21:00+03:00,1347,3880,3115,60.22670596
2015-08-10T22:00+03:00,1348,3761,2740,56.67649059
2015-08-10T23:00+03:00,1351,3751,2251,49.87531172
2015-08-11T00:00+03:00,1351,3550,2069,44.20766266
2015-08-11T01:00+03:00,1352,3279,2136,35.65621107
2015-08-11T02:00+03:00,1350,3151,1976,29.21526441
2015-08-11T03:00+03:00,1296,3174,2003,27.78394293
2015-08-11T04:00+03:00,1286,3185,1984,25.7841694
2015-08-11T05:00+03:00,1290,3265,1912,25.48522251
2015-08-11T06:00+03:00,1290,3220,1959,27.68202922
2015-08-11T07:00+03:00,1290,3401,2456,36.32657683
2015-08-11T08:00+03:00,1289,3754,2689,43.43109501
2015-08-11T09:00+03:00,1283,3865,2828,49.01823123
2015-08-11T10:00+03:00,1275,3953,3103,50.95459178
2015-08-11T11:00+03:00,1284,3669,3520,42.80375948
2015-08-11T12:00+03:00,1285,3699,3541,42.80375948
2015-08-11T13:00+03:00,1287,3979,3278,42.80375948
2015-08-11T14:00+03:00,1271,4173,3166,42.80375948
2015-08-11T15:00+03:00,1263,4140,3170,42.80375948
2015-08-11T16:00+03:00,1268,4064,3197,42.80375948
2015-08-11T17:00+03:00,1284,4096,3042,45.74793342
2015-08-11T18:00+03:00,1286,4181,2825,50.95459178
2015-08-11T19:00+03:00,1286,4233,2565,53.90103046
2015-08-11T20:00+03:00,1286,4235,2629,54.98131582
2015-08-11T21:00+03:00,1286,4187,3100,56.84520439
2015-08-11T22:00+03:00,1287,4141,2516,56.61872948
2015-08-11T23:00+03:00,1289,4144,1980,55.00849281
2015-08-12T00:00+03:00,1289,4088,1697,50.95459178
2015-08-12T01:00+03:00,1290,3611,1553,42.13474228
2015-08-12T02:00+03:00,1290,3495,1374,34.01437674
2015-08-12T03:00+03:00,1290,3336,1403,28.93489648
2015-08-12T04:00+03:00,1290,3303,1509,27.81015443
2015-08-12T05:00+03:00,1291,3267,1600,28.00970544
2015-08-12T06:00+03:00,1291,3338,1765,30.46781106
2015-08-12T07:00+03:00,1289,3756,2138,36.85571101
2015-08-12T08:00+03:00,1288,4176,2391,51.01929749
2015-08-12T09:00+03:00,1288,4124,2752,54.03977414
2015-08-12T10:00+03:00,1288,3941,3105,55.0375292
2015-08-12T11:00+03:00,1288,3940,3318,55.87655049
2015-08-12T12:00+03:00,1287,4113,3181,55.10555795
2015-08-12T13:00+03:00,1287,4183,3333,56.69062791
2015-08-12T14:00+03:00,1288,4189,3316,56.01034037
2015-08-12T15:00+03:00,1293,4155,3255,52.15537767
2015-08-12T16:00+03:00,1335,4163,3133,51.92861516
2015-08-12T17:00+03:00,1357,4305,2850,54.19624028
2015-08-12T18:00+03:00,1357,4518,2589,55.10555795
2015-08-12T19:00+03:00,1358,4467,2346,55.08741695
2015-08-12T20:00+03:00,1359,4464,2389,56.0398195
2015-08-12T21:00+03:00,1359,4538,2996,60.77235311
2015-08-12T22:00+03:00,1360,4372,2441,56.91739042
2015-08-12T23:00+03:00,1362,3996,1943,49.66099005
2015-08-13T00:00+03:00,1362,3913,1666,46.48631488
2015-08-13T01:00+03:00,1362,3689,1574,42.88145207
2015-08-13T02:00+03:00,1366,3585,1303,34.12819058
2015-08-13T03:00+03:00,1367,3435,1186,28.26772547
2015-08-13T04:00+03:00,1367,3343,1339,27.21043676
2015-08-13T05:00+03:00,1367,3276,1518,27.0493477
2015-08-13T06:00+03:00,1367,3307,1651,29.03233125
2015-08-13T07:00+03:00,1366,3696,2108,36.52864436
2015-08-13T08:00+03:00,1366,4141,2266,46.17129892
2015-08-13T09:00+03:00,1306,4364,2358,48.68519569
2015-08-13T10:00+03:00,1291,4357,2567,49.77878616
2015-08-13T11:00+03:00,1322,4405,2683,51.04707884
2015-08-13T12:00+03:00,1330,4444,2832,54.22575156
2015-08-13T13:00+03:00,1328,4436,2996,56.26772547
2015-08-13T14:00+03:00,1324,4376,3012,56.26772547
2015-08-13T15:00+03:00,1341,4350,2942,55.16052184
2015-08-13T16:00+03:00,1348,4360,2853,55.1287578
2015-08-13T17:00+03:00,1353,4377,2651,55.10153148
2015-08-13T18:00+03:00,1357,4369,2386,51.04707884
2015-08-13T19:00+03:00,1361,4419,2427,56.94838344
2015-08-13T20:00+03:00,1361,4377,2540,56.94838344
2015-08-13T21:00+03:00,1362,4405,2752,59.17867272
2015-08-13T22:00+03:00,1364,4183,2200,56.26772547
2015-08-13T23:00+03:00,1367,4105,1870,55.12195122
2015-08-14T00:00+03:00,1368,3960,1546,48.7804878
2015-08-14T01:00+03:00,1367,3713,1372,42.68967542
2015-08-14T02:00+03:00,1368,3549,1061,33.65482348
2015-08-14T03:00+03:00,1368,3417,1099,29.96182775
2015-08-14T04:00+03:00,1368,3400,1079,25.5008696
2015-08-14T05:00+03:00,1368,3337,1072,20.73272649
2015-08-14T06:00+03:00,1368,3476,1170,26.87868453
2015-08-14T07:00+03:00,1364,3729,1855,39.41002417
2015-08-14T08:00+03:00,1361,4183,2153,51.81035846
2015-08-14T09:00+03:00,1348,4400,2396,56.01608204
2015-08-14T10:00+03:00,1346,4400,2667,56.69369593
2015-08-14T11:00+03:00,1340,4327,2738,56.69369593
2015-08-14T12:00+03:00,1329,4298,2932,56.69369593
2015-08-14T13:00+03:00,1327,4277,3027,56.69369593
2015-08-14T14:00+03:00,1359,4228,2910,56.01608204
2015-08-14T15:00+03:00,1366,4318,2987,56.69369593
2015-08-14T16:00+03:00,1366,4329,2764,54.93641723
2015-08-14T17:00+03:00,1365,4300,2710,54.34689314
2015-08-14T18:00+03:00,1365,4293,2415,54.88898426
2015-08-14T19:00+03:00,1366,4309,2295,54.85962099
2015-08-14T20:00+03:00,1366,4320,2256,53.07975516
2015-08-14T21:00+03:00,1366,4328,2759,56.69369593
2015-08-14T22:00+03:00,1367,4212,2166,49.69168568
2015-08-14T23:00+03:00,1367,4274,1618,51.72452736
2015-08-15T00:00+03:00,1367,3994,1370,48.56232918
2015-08-15T01:00+03:00,1367,3606,1303,36.36527906
2015-08-15T02:00+03:00,1368,3281,1505,39.85950805
2015-08-15T03:00+03:00,1369,3219,1400,35.01005127
2015-08-15T04:00+03:00,1369,3234,1310,33.65482348
2015-08-15T05:00+03:00,1370,3152,1251,33.33634495
2015-08-15T06:00+03:00,1369,3025,1034,26.87868453
2015-08-15T07:00+03:00,1369,3103,1109,33.65482348
2015-08-15T08:00+03:00,1370,3278,1329,37.52174011
2015-08-15T09:00+03:00,1369,3515,1565,45.17200099
2015-08-15T10:00+03:00,1368,3573,1800,48.78820048
2015-08-15T11:00+03:00,1368,3585,1954,49.23994308
2015-08-15T12:00+03:00,1368,3657,2113,50.23829422
2015-08-15T13:00+03:00,1367,3752,2131,50.81878346
2015-08-15T14:00+03:00,1363,3648,2069,47.20710139
2015-08-15T15:00+03:00,1366,3541,2114,45.87446073
2015-08-15T16:00+03:00,1366,3586,2026,46.5294875
2015-08-15T17:00+03:00,1365,3733,1973,49.80462133
2015-08-15T18:00+03:00,1365,3784,1839,50.81878346
2015-08-15T19:00+03:00,1365,3781,1752,53.07975516
2015-08-15T20:00+03:00,1365,3785,1867,54.36496284
2015-08-15T21:00+03:00,1365,3791,2269,58.72653762
2015-08-15T22:00+03:00,1366,3699,1820,56.69369593
2015-08-15T23:00+03:00,1366,3589,1429,45.12682673
2015-08-16T00:00+03:00,1365,3378,1323,36.36527906
2015-08-16T01:00+03:00,1366,3130,1389,42.68967542
2015-08-16T02:00+03:00,1366,2921,1126,34.62155264
2015-08-16T03:00+03:00,1366,2804,1019,33.65482348
2015-08-16T04:00+03:00,1365,2767,935,31.84785309
2015-08-16T05:00+03:00,1366,2767,835,26.87868453
2015-08-16T06:00+03:00,1366,2578,768,24.56576243
2015-08-16T07:00+03:00,1365,2592,892,26.54213629
2015-08-16T08:00+03:00,1365,2869,1177,33.65482348
2015-08-16T09:00+03:00,1366,2990,1484,36.14844262
2015-08-16T10:00+03:00,1367,3072,1807,42.68967542
2015-08-16T11:00+03:00,1367,3325,1913,42.68967542
2015-08-16T12:00+03:00,1366,3388,2061,44.95742326
2015-08-16T13:00+03:00,1366,3336,2090,42.68967542
2015-08-16T14:00+03:00,1362,3028,2232,36.36527906
2015-08-16T15:00+03:00,1366,2915,2234,36.36527906
2015-08-16T16:00+03:00,1366,2961,2170,36.36527906
2015-08-16T17:00+03:00,1365,2965,2182,36.36527906
2015-08-16T18:00+03:00,1365,3050,2050,36.36527906
2015-08-16T19:00+03:00,1365,3161,2008,37.28909267
2015-08-16T20:00+03:00,1366,3319,2092,38.50653897
2015-08-16T21:00+03:00,1366,3371,2621,50.81878346
2015-08-16T22:00+03:00,1366,3357,2140,45.9557744
2015-08-16T23:00+03:00,1367,3223,1741,36.36527906
2015-08-17T00:00+03:00,1367,3049,1378,33.65482348
2015-08-17T01:00+03:00,1368,3140,1441,36.78734257
2015-08-17T02:00+03:00,1367,2879,1197,33.62975669
2015-08-17T03:00+03:00,1368,2854,1142,26.85866474
2015-08-17T04:00+03:00,1367,2752,1091,24.95373087
2015-08-17T05:00+03:00,1367,2738,1156,25.46833386
2015-08-17T06:00+03:00,1367,2941,1421,27.45000677
2015-08-17T07:00+03:00,1365,3407,1912,36.33819347
2015-08-17T08:00+03:00,1363,3878,2494,49.84877895
2015-08-17T09:00+03:00,1313,4058,2695,52.87545705
2015-08-17T10:00+03:00,1309,4106,3238,56.42576626
2015-08-17T11:00+03:00,1324,4086,3404,55.1843994
2015-08-17T12:00+03:00,1322,4157,3394,49.88037738
2015-08-17T13:00+03:00,1304,4172,3434,49.42897125
2015-08-17T14:00+03:00,1314,4182,3370,47.84904979
2015-08-17T15:00+03:00,1349,4122,3287,49.42897125
2015-08-17T16:00+03:00,1349,4130,3074,50.78093261
2015-08-17T17:00+03:00,1351,4185,2782,50.66808107
2015-08-17T18:00+03:00,1356,4261,2376,44.73660452
2015-08-17T19:00+03:00,1357,4260,2187,44.55152801
2015-08-17T20:00+03:00,1357,4270,2578,53.94303255
2015-08-17T21:00+03:00,1358,4221,2749,57.9673182
2015-08-17T22:00+03:00,1359,4038,2167,51.82819483
2015-08-17T23:00+03:00,1361,3790,1934,49.42897125
2015-08-18T00:00+03:00,1361,3671,1467,42.65787929
2015-08-18T01:00+03:00,1360,3589,1231,36.13306834
2015-08-18T02:00+03:00,1364,3361,1039,27.81742626
2015-08-18T03:00+03:00,1364,3281,965,26.87564931
2015-08-18T04:00+03:00,1364,3311,924,26.87564931
2015-08-18T05:00+03:00,1364,3412,892,27.32734089
2015-08-18T06:00+03:00,1365,3532,919,28.72080943
2015-08-18T07:00+03:00,1365,3775,1286,35.68815213
2015-08-18T08:00+03:00,1364,4253,1638,50.78820182
2015-08-18T09:00+03:00,1352,4461,1728,50.81304485
2015-08-18T10:00+03:00,1355,4487,1869,52.98342292
2015-08-18T11:00+03:00,1358,4488,2064,55.0295858
2015-08-18T12:00+03:00,1364,4305,2460,56.68729392
2015-08-18T13:00+03:00,1364,4312,2580,56.68729392
2015-08-18T14:00+03:00,1357,4135,2531,54.99119201
2015-08-18T15:00+03:00,1361,4174,2321,49.68607435
2015-08-18T16:00+03:00,1365,4146,2158,47.42761642
2015-08-18T17:00+03:00,1364,4079,2115,45.49437644
2015-08-18T18:00+03:00,1364,4105,1980,47.20177063
2015-08-18T19:00+03:00,1365,4180,1981,49.68607435
2015-08-18T20:00+03:00,1366,4339,2138,50.51718686
2015-08-18T21:00+03:00,1367,4387,2453,56.68729392
2015-08-18T22:00+03:00,1368,4153,1905,49.68607435
2015-08-18T23:00+03:00,1368,4006,1636,49.46022856
2015-08-19T00:00+03:00,1368,3710,1405,42.68485478
2015-08-19T01:00+03:00,1369,3452,1558,36.33163334
2015-08-19T02:00+03:00,1373,3128,1386,30.87963172
2015-08-19T03:00+03:00,1373,3128,1386,29.57079027
2015-08-19T04:00+03:00,1373,3069,1504,28.9705285
2015-08-19T05:00+03:00,1374,3158,1547,29.06079343
2015-08-19T06:00+03:00,1372,3221,1654,30.96764002
2015-08-19T07:00+03:00,1371,3450,2149,38.96059936
2015-08-19T08:00+03:00,1358,4008,2200,49.29142032
2015-08-19T09:00+03:00,1312,4210,2300,50.95455161
2015-08-19T10:00+03:00,1325,4242,2287,50.77176513
2015-08-19T11:00+03:00,1317,4163,2344,50.22114907
2015-08-19T12:00+03:00,1328,4209,2496,50.84849032
2015-08-19T13:00+03:00,1341,4212,2560,51.54804351
2015-08-19T14:00+03:00,1341,4194,2580,51.22760301
2015-08-19T15:00+03:00,1358,3939,2801,48.05027756
2015-08-19T16:00+03:00,1362,3731,2968,45.45290427
2015-08-19T17:00+03:00,1361,3468,3170,42.65017827
2015-08-19T18:00+03:00,1361,3492,3176,42.87584059
2015-08-19T19:00+03:00,1361,3749,2854,44.95419055
2015-08-19T20:00+03:00,1361,4076,2644,46.52931354
2015-08-19T21:00+03:00,1361,4115,2698,48.90328113
2015-08-19T22:00+03:00,1364,4072,2351,45.3581261
2015-08-19T23:00+03:00,1369,3551,2258,44.23207113
2015-08-20T00:00+03:00,1369,3362,1917,36.33163334
2015-08-20T01:00+03:00,1372,3055,1804,33.67536048
2015-08-20T02:00+03:00,1374,2971,1581,28.37318628
2015-08-20T03:00+03:00,1374,2768,1639,26.79338245
2015-08-20T04:00+03:00,1374,2776,1786,26.09049406
2015-08-20T05:00+03:00,1375,2820,1823,26.17863762
2015-08-20T06:00+03:00,1376,3024,1880,28.73254079
2015-08-20T07:00+03:00,1376,3195,2600,35.00203408
2015-08-20T08:00+03:00,1370,3610,2409,41.732586
2015-08-20T09:00+03:00,1363,3820,2474,43.78926909
2015-08-20T10:00+03:00,1349,3840,2615,43.98815712
2015-08-20T11:00+03:00,1309,3914,2713,43.2400669
2015-08-20T12:00+03:00,1347,3902,2819,43.08864078
2015-08-20T13:00+03:00,1330,3683,2908,41.87949193
2015-08-20T14:00+03:00,1339,3612,2976,40.49631605
2015-08-20T15:00+03:00,1325,3421,3206,39.68946345
2015-08-20T16:00+03:00,1315,3363,3276,39.59001944
2015-08-20T17:00+03:00,1350,3233,3333,39.41599241
2015-08-20T18:00+03:00,1371,3246,3300,41.40035257
2015-08-20T19:00+03:00,1372,3350,3387,42.71572572
2015-08-20T20:00+03:00,1372,3662,3378,42.71572572
2015-08-20T21:00+03:00,1372,3707,3485,42.71572572
2015-08-20T22:00+03:00,1374,3209,3252,33.67536048
2015-08-20T23:00+03:00,1374,3140,2801,29.381187
2015-08-21T00:00+03:00,1375,3076,2464,26.89508656
2015-08-21T01:00+03:00,1378,2895,2511,11.25239113
2015-08-21T02:00+03:00,1379,3045,2250,4.613480365
2015-08-21T03:00+03:00,1379,3058,2192,4.500956453
2015-08-21T04:00+03:00,1380,2969,2279,2.700573872
2015-08-21T05:00+03:00,1380,2811,2549,4.500956453
2015-08-21T06:00+03:00,1381,2867,2649,11.25464161
2015-08-21T07:00+03:00,1380,2924,3083,11.25239113
2015-08-21T08:00+03:00,1377,3310,3174,26.7806909
2015-08-21T09:00+03:00,1372,3601,3106,33.53212558
2015-08-21T10:00+03:00,1372,3624,3110,33.53212558
2015-08-21T11:00+03:00,1353,3528,3238,30.15640824
2015-08-21T12:00+03:00,1350,3385,3409,32.07381569
2015-08-21T13:00+03:00,1356,3384,3424,33.53212558
2015-08-21T14:00+03:00,1354,3435,3289,31.50669517
2015-08-21T15:00+03:00,1354,3491,3135,27.23078654
2015-08-21T16:00+03:00,1371,3567,2982,29.25621695
2015-08-21T17:00+03:00,1376,3787,2709,33.53212558
2015-08-21T18:00+03:00,1376,3927,2553,33.53212558
2015-08-21T19:00+03:00,1376,3910,2655,33.53212558
2015-08-21T20:00+03:00,1377,3917,2921,38.92427141
2015-08-21T21:00+03:00,1377,3943,2854,41.53932711
2015-08-21T22:00+03:00,1379,3958,2391,33.53212558
2015-08-21T23:00+03:00,1381,3913,1925,33.92145831
2015-08-22T00:00+03:00,1385,3664,1726,26.91121863
2015-08-22T01:00+03:00,1385,3361,1484,28.55406774
2015-08-22T02:00+03:00,1385,3350,1499,24.55496793
2015-08-22T03:00+03:00,1386,3289,1620,22.04568471
2015-08-22T04:00+03:00,1386,3239,1713,20.25430404
2015-08-22T05:00+03:00,1386,3116,1902,19.6174187
2015-08-22T06:00+03:00,1387,3008,1928,19.34961179
2015-08-22T07:00+03:00,1387,3012,1954,24.72825475
2015-08-22T08:00+03:00,1387,3237,1935,27.11376167
2015-08-22T09:00+03:00,1387,3300,2105,33.53212558
2015-08-22T10:00+03:00,1386,3118,2551,34.98818499
2015-08-22T11:00+03:00,1385,2997,2783,34.95442782
2015-08-22T12:00+03:00,1387,2976,2804,33.7571734
2015-08-22T13:00+03:00,1388,3087,2488,33.53212558
2015-08-22T14:00+03:00,1388,3045,2256,33.53212558
2015-08-22T15:00+03:00,1389,2915,2306,33.53212558
2015-08-22T16:00+03:00,1388,2892,2289,33.95521548
2015-08-22T17:00+03:00,1388,2931,2248,38.41341285
2015-08-22T18:00+03:00,1389,2897,2134,41.94441319
2015-08-22T19:00+03:00,1389,2928,2127,42.53403848
2015-08-22T20:00+03:00,1389,3144,2333,44.45594689
2015-08-22T21:00+03:00,1389,3212,2600,50.93732418
2015-08-22T22:00+03:00,1390,2953,2219,42.53403848
2015-08-22T23:00+03:00,1390,2618,2135,30.94857657
2015-08-23T00:00+03:00,1392,2337,2198,25.97501969
2015-08-23T01:00+03:00,1392,2264,1848,20.43884325
2015-08-23T02:00+03:00,1392,2296,1628,15.95138967
2015-08-23T03:00+03:00,1392,2316,1587,13.49386745
2015-08-23T04:00+03:00,1393,2334,1580,12.41813885
2015-08-23T05:00+03:00,1393,2363,1584,12.49690559
2015-08-23T06:00+03:00,1393,2293,1553,12.06256329
2015-08-23T07:00+03:00,1393,2334,1520,12.59142568
2015-08-23T08:00+03:00,1393,2279,1545,13.35883875
2015-08-23T09:00+03:00,1393,2305,1921,24.75526049
2015-08-23T10:00+03:00,1393,2457,2137,33.53212558
2015-08-23T11:00+03:00,1393,2496,2136,33.53212558
2015-08-23T12:00+03:00,1393,2630,2100,34.46607404
2015-08-23T13:00+03:00,1393,2600,2098,33.53212558
2015-08-23T14:00+03:00,1392,2405,2007,30.90131653
2015-08-23T15:00+03:00,1392,2371,1939,30.38595702
2015-08-23T16:00+03:00,1392,2412,1835,33.53212558
2015-08-23T17:00+03:00,1393,2562,1714,35.54630359
2015-08-23T18:00+03:00,1393,2611,1626,38.01732868
2015-08-23T19:00+03:00,1393,2764,1554,42.53403848
2015-08-23T20:00+03:00,1393,2975,1871,47.26004276
2015-08-23T21:00+03:00,1393,3064,2199,54.10374705
2015-08-23T22:00+03:00,1394,2936,1935,47.81591088
2015-08-23T23:00+03:00,1394,2564,1639,33.53212558
2015-08-24T00:00+03:00,1394,2277,1639,21.30527737
2015-08-24T01:00+03:00,1394,2404,1599,19.51367918
2015-08-24T02:00+03:00,1395,2397,1593,15.93275341
2015-08-24T03:00+03:00,1395,2388,1586,14.97498535
2015-08-24T04:00+03:00,1395,2474,1592,13.77608509
2015-08-24T05:00+03:00,1396,2531,1572,15.06512823
2015-08-24T06:00+03:00,1395,2628,1606,20.82075089
2015-08-24T07:00+03:00,1395,2858,2151,31.45761031
2015-08-24T08:00+03:00,1395,3525,2382,44.79424888
2015-08-24T09:00+03:00,1325,3725,2519,47.09965295
2015-08-24T10:00+03:00,1326,3679,2560,46.03596701
2015-08-24T11:00+03:00,1338,3674,2586,45.52215261
2015-08-24T12:00+03:00,1340,3703,2637,46.71429215
2015-08-24T13:00+03:00,1344,3721,2685,47.57966377
2015-08-24T14:00+03:00,1353,3591,2714,47.09965295
2015-08-24T15:00+03:00,1356,3397,2780,45.97286699
2015-08-24T16:00+03:00,1342,3477,2737,47.09965295
2015-08-24T17:00+03:00,1344,3534,2590,47.32501014
2015-08-24T18:00+03:00,1370,3569,2397,48.73349259
2015-08-24T19:00+03:00,1376,3667,2185,47.37233515
2015-08-24T20:00+03:00,1376,3793,2395,50.99833236
2015-08-24T21:00+03:00,1377,3829,2935,56.56465498
2015-08-24T22:00+03:00,1377,3751,2268,51.33636814
2015-08-24T23:00+03:00,1377,3772,1887,51.00960022
2015-08-25T00:00+03:00,1377,3469,1824,48.4517961
2015-08-25T01:00+03:00,1377,3396,1584,49.04613719
2015-08-25T02:00+03:00,1378,3526,1419,45.09989627
2015-08-25T03:00+03:00,1382,3487,1203,40.58990664
2015-08-25T04:00+03:00,1382,3427,1237,38.33491183
2015-08-25T05:00+03:00,1382,3344,1529,37.65841339
2015-08-25T06:00+03:00,1382,3458,1832,44.64889731
2015-08-25T07:00+03:00,1382,3416,2217,50.96739277
2015-08-25T08:00+03:00,1383,3515,2705,56.37487034
2015-08-25T09:00+03:00,1382,3566,2878,51.85811573
2015-08-25T10:00+03:00,1378,3635,2848,51.92802057
2015-08-25T11:00+03:00,1350,3664,2903,51.88743066
2015-08-25T12:00+03:00,1349,3465,3233,51.63938123
2015-08-25T13:00+03:00,1376,3473,3301,51.86037072
2015-08-25T14:00+03:00,1377,3423,3240,49.97294006
2015-08-25T15:00+03:00,1376,3485,3118,48.0449195
2015-08-25T16:00+03:00,1380,3617,2965,50.73512831
2015-08-25T17:00+03:00,1379,3639,2723,49.6098859
2015-08-25T18:00+03:00,1379,3748,2464,49.6098859
2015-08-25T19:00+03:00,1379,3810,2228,50.73512831
2015-08-25T20:00+03:00,1379,3962,2637,56.60036982
2015-08-25T21:00+03:00,1379,4035,3057,60.433861
2015-08-25T22:00+03:00,1380,3970,2179,53.66887656
2015-08-25T23:00+03:00,1381,3963,1710,51.92576557
2015-08-26T00:00+03:00,1381,3934,1476,51.36652686
2015-08-26T01:00+03:00,1381,3520,1194,47.46151769
2015-08-26T02:00+03:00,1381,3378,1028,42.75587362
2015-08-26T03:00+03:00,1381,3216,982,42.53308129
2015-08-26T04:00+03:00,1380,3167,994,41.63291025
2015-08-26T05:00+03:00,1381,3235,995,42.53308129
2015-08-26T06:00+03:00,1381,3454,994,44.04311819
2015-08-26T07:00+03:00,1380,3470,1616,49.28436403
2015-08-26T08:00+03:00,1381,3513,2021,55.81060401
2015-08-26T09:00+03:00,1355,3653,2452,58.96120263
2015-08-26T10:00+03:00,1268,3729,2595,60.31145918
2015-08-26T11:00+03:00,1346,3712,2652,56.48573229
2015-08-26T12:00+03:00,1348,3718,2653,56.48573229
2015-08-26T13:00+03:00,1361,3778,2816,58.96120263
2015-08-26T14:00+03:00,1349,3790,2865,60.31145918
2015-08-26T15:00+03:00,1346,3709,2748,56.48573229
2015-08-26T16:00+03:00,1350,3599,2837,56.26068953
2015-08-26T17:00+03:00,1365,3470,2529,54.00801152
2015-08-26T18:00+03:00,1369,3488,2536,56.04914934
2015-08-26T19:00+03:00,1370,3596,2546,57.12485372
2015-08-26T20:00+03:00,1371,3735,2736,58.51111711
2015-08-26T21:00+03:00,1370,3778,3022,61.88675848
2015-08-26T22:00+03:00,1371,3685,2289,56.48573229
2015-08-26T23:00+03:00,1372,3554,1746,54.94869025
2015-08-27T00:00+03:00,1379,3506,1477,51.75983437
2015-08-27T01:00+03:00,1379,3487,1059,42.81754259
2015-08-27T02:00+03:00,1379,3224,967,36.08807356
2015-08-27T03:00+03:00,1380,3112,850,34.03046967
2015-08-27T04:00+03:00,1380,2983,848,33.57973497
2015-08-27T05:00+03:00,1380,3049,898,33.57973497
2015-08-27T06:00+03:00,1380,3312,1020,33.57973497
2015-08-27T07:00+03:00,1379,3522,1417,40.56386911
2015-08-27T08:00+03:00,1360,3990,1674,44.92247363
2015-08-27T09:00+03:00,1306,4058,2061,51.91336879
2015-08-27T10:00+03:00,1312,4006,2088,49.11205265
2015-08-27T11:00+03:00,1346,4037,2253,49.07148652
2015-08-27T12:00+03:00,1319,4068,2399,49.67997836
2015-08-27T13:00+03:00,1296,4127,2472,49.94591184
2015-08-27T14:00+03:00,1327,4107,2411,49.10078428
2015-08-27T15:00+03:00,1356,4088,2438,49.04218877
2015-08-27T16:00+03:00,1359,4069,2400,49.0737402
2015-08-27T17:00+03:00,1338,4099,2361,49.04894979
2015-08-27T18:00+03:00,1337,4139,2236,48.019021
2015-08-27T19:00+03:00,1364,4107,1966,48.0956459
2015-08-27T20:00+03:00,1365,4179,2278,53.29712431
2015-08-27T21:00+03:00,1365,4246,2429,55.8911025
2015-08-27T22:00+03:00,1369,4122,2014,48.67934734
2015-08-27T23:00+03:00,1370,4164,1567,48.67934734
2015-08-28T00:00+03:00,1370,3841,1505,47.10177589
2015-08-28T01:00+03:00,1381,3525,1371,41.59080127
2015-08-28T02:00+03:00,1382,3512,1286,35.24295751
2015-08-28T03:00+03:00,1382,3478,1249,35.21584928
2015-08-28T04:00+03:00,1383,3496,1230,34.11118892
2015-08-28T05:00+03:00,1382,3591,1291,34.11118892
2015-08-28T06:00+03:00,1382,3710,1299,36.28436533
2015-08-28T07:00+03:00,1383,3877,1664,47.17961461
2015-08-28T08:00+03:00,1384,4008,1961,52.04102379
2015-08-28T09:00+03:00,1343,4007,2192,54.21420019
2015-08-28T10:00+03:00,1341,3982,2464,56.02367452
2015-08-28T11:00+03:00,1352,3993,2605,52.12008946
2015-08-28T12:00+03:00,1337,3979,2663,50.82567149
2015-08-28T13:00+03:00,1342,3980,2793,52.10427632
2015-08-28T14:00+03:00,1335,3957,2765,50.82567149
2015-08-28T15:00+03:00,1341,3943,2737,49.66001762
2015-08-28T16:00+03:00,1373,3944,2773,51.74509228
2015-08-28T17:00+03:00,1374,3932,2610,48.20295028
2015-08-28T18:00+03:00,1373,3955,2460,50.14796575
2015-08-28T19:00+03:00,1374,3955,2290,49.69842095
2015-08-28T20:00+03:00,1374,3963,2614,51.13515711
2015-08-28T21:00+03:00,1374,3981,2878,56.02367452
2015-08-28T22:00+03:00,1377,3843,2419,48.39722592
2015-08-28T23:00+03:00,1381,3691,2123,48.1464748
2015-08-29T00:00+03:00,1382,3597,1752,46.42058418
2015-08-29T01:00+03:00,1383,3458,1687,36.15560124
2015-08-29T02:00+03:00,1385,3519,1618,36.1036438
2015-08-29T03:00+03:00,1385,3533,1325,33.65938509
2015-08-29T04:00+03:00,1385,3467,1300,33.65938509
2015-08-29T05:00+03:00,1385,3432,1312,33.65938509
2015-08-29T06:00+03:00,1385,3410,1307,33.65938509
2015-08-29T07:00+03:00,1385,3371,1502,34.11118892
2015-08-29T08:00+03:00,1385,3435,1833,47.13895227
2015-08-29T09:00+03:00,1384,3582,2068,49.69842095
2015-08-29T10:00+03:00,1384,3653,2223,50.82567149
2015-08-29T11:00+03:00,1384,3687,2272,49.69842095
2015-08-29T12:00+03:00,1383,3752,2255,47.43940181
2015-08-29T13:00+03:00,1384,3810,2174,47.43940181
2015-08-29T14:00+03:00,1383,3778,2131,47.1547654
2015-08-29T15:00+03:00,1383,3779,2098,46.08399033
2015-08-29T16:00+03:00,1383,3813,2043,47.32645086
2015-08-29T17:00+03:00,1383,3849,2037,48.17584205
2015-08-29T18:00+03:00,1383,3877,1926,49.16529243
2015-08-29T19:00+03:00,1383,3906,1832,51.16226534
2015-08-29T20:00+03:00,1383,3911,2004,50.17959202
2015-08-29T21:00+03:00,1383,3993,2258,53.23604491
2015-08-29T22:00+03:00,1383,3928,2023,47.43940181
2015-08-29T23:00+03:00,1384,3635,1828,33.88528701
2015-08-30T00:00+03:00,1384,3001,1857,32.7625545
2015-08-30T01:00+03:00,1384,2672,1823,34.11118892
2015-08-30T02:00+03:00,1384,2586,1562,33.65938509
2015-08-30T03:00+03:00,1384,2531,1616,24.72044638
2015-08-30T04:00+03:00,1385,2531,1698,21.8176068
2015-08-30T05:00+03:00,1385,2582,1879,21.015655
2015-08-30T06:00+03:00,1385,2585,1944,20.48704453
2015-08-30T07:00+03:00,1385,2547,1967,21.2280028
2015-08-30T08:00+03:00,1384,2564,2155,23.4825039
2015-08-30T09:00+03:00,1384,2611,2356,24.56005602
2015-08-30T10:00+03:00,1383,2866,2300,26.88232769
2015-08-30T11:00+03:00,1383,3199,2370,34.11118892
2015-08-30T12:00+03:00,1383,3258,2387,36.18496849
2015-08-30T13:00+03:00,1382,3286,2257,42.10359862
2015-08-30T14:00+03:00,1382,3259,2105,42.69546163
2015-08-30T15:00+03:00,1381,3287,2092,42.69546163
2015-08-30T16:00+03:00,1382,3247,2042,45.18038268
2015-08-30T17:00+03:00,1381,3274,1930,47.43940181
2015-08-30T18:00+03:00,1382,3267,1865,47.97930738
2015-08-30T19:00+03:00,1382,3302,1763,48.94842659
2015-08-30T20:00+03:00,1382,3383,2093,55.11328981
2015-08-30T21:00+03:00,1382,3390,2732,63.25253575
2015-08-30T22:00+03:00,1382,3324,1895,52.01617458
2015-08-30T23:00+03:00,1382,3228,1603,46.30989224
2015-08-31T00:00+03:00,1383,2963,1305,42.69546163
2015-08-31T01:00+03:00,1383,3014,1404,36.10127039
2015-08-31T02:00+03:00,1383,2963,1128,33.62140939
2015-08-31T03:00+03:00,1383,2964,1080,33.62140939
2015-08-31T04:00+03:00,1383,3035,1034,33.62140939
2015-08-31T05:00+03:00,1383,3187,1099,34.07270348
2015-08-31T06:00+03:00,1382,3369,1220,38.35774082
2015-08-31T07:00+03:00,1380,3746,1570,44.7841686
2015-08-31T08:00+03:00,1380,4179,1984,51.67317282
2015-08-31T09:00+03:00,1328,4290,2334,56.63740777
2015-08-31T10:00+03:00,1332,4313,2440,52.80140804
2015-08-31T11:00+03:00,1347,4294,2523,47.38587901
2015-08-31T12:00+03:00,1347,4263,2678,46.48329084
2015-08-31T13:00+03:00,1347,4143,2963,46.90299434
2015-08-31T14:00+03:00,1339,4177,2902,42.64729111
2015-08-31T15:00+03:00,1331,4241,2748,42.64729111
2015-08-31T16:00+03:00,1314,4186,2753,42.64729111
2015-08-31T17:00+03:00,1334,4157,2703,42.64729111
2015-08-31T18:00+03:00,1356,4181,2501,42.64729111
2015-08-31T19:00+03:00,1356,4186,2402,34.07270348
2015-08-31T20:00+03:00,1359,4254,2715,41.36787237
2015-08-31T21:00+03:00,1365,4263,2789,40.61646772
2015-08-31T22:00+03:00,1368,3807,2343,33.62140939
2015-08-31T23:00+03:00,1369,3694,1871,26.8519981
2015-09-01T00:00+03:00,1369,3549,1667,26.8519981
2015-09-01T01:00+03:00,1369,3555,1552,27.26146221
2015-09-01T02:00+03:00,1369,3450,1542,29.28692126
2015-09-01T03:00+03:00,1369,3398,1543,29.51447561
2015-09-01T04:00+03:00,1369,3454,1506,33.56989974
2015-09-01T05:00+03:00,1373,3597,1473,33.56989974
2015-09-01T06:00+03:00,1372,3717,1592,36.27351583
2015-09-01T07:00+03:00,1370,3866,1894,42.58195336
2015-09-01T08:00+03:00,1370,4119,2236,58.57834854
2015-09-01T09:00+03:00,1356,4102,2537,58.03987834
2015-09-01T10:00+03:00,1338,4150,2562,56.55063648
2015-09-01T11:00+03:00,1344,4147,2731,52.49521235
2015-09-01T12:00+03:00,1359,4185,2804,47.31328151
2015-09-01T13:00+03:00,1365,4136,2966,47.08798017
2015-09-01T14:00+03:00,1368,4105,2954,42.58195336
2015-09-01T15:00+03:00,1356,3882,3115,42.58195336
2015-09-01T16:00+03:00,1352,3836,3073,36.27351583
2015-09-01T17:00+03:00,1362,3961,2889,36.27351583
2015-09-01T18:00+03:00,1367,4191,2592,42.58195336
2015-09-01T19:00+03:00,1367,4222,2476,42.58195336
2015-09-01T20:00+03:00,1367,4188,2880,47.31328151
2015-09-01T21:00+03:00,1365,4225,2876,49.34099358
2015-09-01T22:00+03:00,1365,3959,2414,42.58195336
2015-09-01T23:00+03:00,1370,3722,2053,38.29897488
2015-09-02T00:00+03:00,1371,3518,1793,36.27351583
2015-09-02T01:00+03:00,1376,3540,1566,33.56989974
2015-09-02T02:00+03:00,1376,3622,1359,33.56989974
2015-09-02T03:00+03:00,1375,3706,1234,34.02050242
2015-09-02T04:00+03:00,1375,3759,1129,36.01441929
2015-09-02T05:00+03:00,1372,3865,1167,40.5542413
2015-09-02T06:00+03:00,1370,4173,1188,42.58195336
2015-09-02T07:00+03:00,1369,4269,1504,49.56629492
2015-09-02T08:00+03:00,1370,4261,1839,55.14926214
2015-09-02T09:00+03:00,1360,4477,2076,56.55063648
2015-09-02T10:00+03:00,1326,4481,2225,54.07232173
2015-09-02T11:00+03:00,1325,4419,2408,50.69054861
2015-09-02T12:00+03:00,1326,4313,2642,50.69054861
2015-09-02T13:00+03:00,1325,4321,2779,50.69054861
2015-09-02T14:00+03:00,1324,4304,2796,50.69054861
2015-09-02T15:00+03:00,1324,4021,3107,47.08798017
2015-09-02T16:00+03:00,1325,3982,3084,47.08798017
2015-09-02T17:00+03:00,1321,4229,2778,50.58015095
2015-09-02T18:00+03:00,1340,4272,2588,50.69054861
2015-09-02T19:00+03:00,1351,4256,2569,50.69054861
2015-09-02T20:00+03:00,1356,4296,2955,52.96609215
2015-09-02T21:00+03:00,1359,4291,2955,52.49521235
2015-09-02T22:00+03:00,1360,4153,2308,49.10217416
2015-09-02T23:00+03:00,1361,4159,1727,46.18677481
2015-09-03T00:00+03:00,1364,3993,1520,42.8072547
2015-09-03T01:00+03:00,1369,3912,1345,42.75824623
2015-09-03T02:00+03:00,1368,3741,1090,38.4597982
2015-09-03T03:00+03:00,1368,3712,899,35.14094385
2015-09-03T04:00+03:00,1367,3737,851,36.15447265
2015-09-03T05:00+03:00,1367,3801,928,38.45753586
2015-09-03T06:00+03:00,1368,4131,1048,47.28292837
2015-09-03T07:00+03:00,1367,4202,1583,54.2690376
2015-09-03T08:00+03:00,1359,4135,1816,56.78476087
2015-09-03T09:00+03:00,1344,4246,2386,60.63074069
2015-09-03T10:00+03:00,1345,4255,2564,58.82086783
2015-09-03T11:00+03:00,1323,4268,2681,58.36839962
2015-09-03T12:00+03:00,1327,4286,2742,56.78476087
2015-09-03T13:00+03:00,1311,4282,2887,57.28926293
2015-09-03T14:00+03:00,1308,4227,2855,56.78476087
2015-09-03T15:00+03:00,1307,4239,2826,56.78476087
2015-09-03T16:00+03:00,1302,4259,2814,56.78476087
2015-09-03T17:00+03:00,1331,4201,2684,56.78476087
2015-09-03T18:00+03:00,1349,4154,2380,56.78476087
2015-09-03T19:00+03:00,1350,4169,2203,56.55852676
2015-09-03T20:00+03:00,1350,4316,2731,58.36839962
2015-09-03T21:00+03:00,1349,4308,2804,62.21437944
2015-09-03T22:00+03:00,1350,4073,1925,50.90041175
2015-09-03T23:00+03:00,1352,4174,1271,48.27383376
2015-09-04T00:00+03:00,1356,4206,1241,50.90041175
2015-09-04T01:00+03:00,1356,4165,1057,47.19111272
2015-09-04T02:00+03:00,1356,4123,924,43.82225434
2015-09-04T03:00+03:00,1355,3909,907,42.67521676
2015-09-04T04:00+03:00,1354,3755,974,42.67521676
2015-09-04T05:00+03:00,1353,3920,1002,42.67521676
2015-09-04T06:00+03:00,1352,4009,995,42.81295159
2015-09-04T07:00+03:00,1351,4114,1369,52.09763367
2015-09-04T08:00+03:00,1341,4289,1797,58.7066474
2015-09-04T09:00+03:00,1271,4339,2279,60.96459538
2015-09-04T10:00+03:00,1285,4288,2497,60.51300578
2015-09-04T11:00+03:00,1271,4154,2506,58.7066474
2015-09-04T12:00+03:00,1276,4141,2717,58.85115607
2015-09-04T13:00+03:00,1279,4276,2765,60.64848266
2015-09-04T14:00+03:00,1273,4288,2729,60.19915101
2015-09-04T15:00+03:00,1274,4252,2742,58.7066474
2015-09-04T16:00+03:00,1300,4243,2655,58.7066474
2015-09-04T17:00+03:00,1304,4148,2565,57.12608382
2015-09-04T18:00+03:00,1281,4163,2503,58.7066474
2015-09-04T19:00+03:00,1254,4178,2357,56.90028902
2015-09-04T20:00+03:00,1217,4322,2976,58.7066474
2015-09-04T21:00+03:00,1183,4205,3067,60.51300578
2015-09-04T22:00+03:00,1227,4096,2402,55.99710983
2015-09-04T23:00+03:00,1229,4192,1898,48.5458815
2015-09-05T00:00+03:00,1255,4093,1568,47.19111272
2015-09-05T01:00+03:00,1331,4055,1304,45.15895954
2015-09-05T02:00+03:00,1348,3741,1068,44.11578757
2015-09-05T03:00+03:00,1349,3517,903,42.03621749
2015-09-05T04:00+03:00,1354,3472,828,41.06078396
2015-09-05T05:00+03:00,1355,3472,799,41.11723266
2015-09-05T06:00+03:00,1354,3605,802,42.67521676
2015-09-05T07:00+03:00,1354,3737,1039,50.99123916
2015-09-05T08:00+03:00,1354,3770,1371,52.0140896
2015-09-05T09:00+03:00,1354,3997,1541,56.67449422
2015-09-05T10:00+03:00,1353,4021,1903,60.64848266
2015-09-05T11:00+03:00,1352,3732,2335,58.7066474
2015-09-05T12:00+03:00,1352,3702,2451,58.2550578
2015-09-05T13:00+03:00,1351,3697,2549,54.19075145
2015-09-05T14:00+03:00,1350,3597,2522,42.67521676
2015-09-05T15:00+03:00,1350,3428,2665,42.67521676
2015-09-05T16:00+03:00,1351,3371,2725,36.35296243
2015-09-05T17:00+03:00,1351,3474,2686,36.35296243
2015-09-05T18:00+03:00,1351,3494,2664,37.70773121
2015-09-05T19:00+03:00,1351,3572,2672,36.35296243
2015-09-05T20:00+03:00,1351,3941,2790,42.67521676
2015-09-05T21:00+03:00,1353,3935,2721,42.67521676
2015-09-05T22:00+03:00,1357,3573,2488,33.64342486
2015-09-05T23:00+03:00,1358,3347,2149,26.86958092
2015-09-06T00:00+03:00,1358,3152,1969,2.257947977
2015-09-06T01:00+03:00,1357,3062,1888,18.06584176
2015-09-06T02:00+03:00,1357,2869,1956,7.631864162
2015-09-06T03:00+03:00,1356,2938,1716,2.257947977
2015-09-06T04:00+03:00,1355,3089,1444,2.709537572
2015-09-06T05:00+03:00,1355,3022,1467,4.493316474
2015-09-06T06:00+03:00,1355,2827,1563,4.741690751
2015-09-06T07:00+03:00,1355,2833,1413,11.29199783
2015-09-06T08:00+03:00,1357,3021,1580,26.86958092
2015-09-06T09:00+03:00,1358,3251,1919,33.64342486
2015-09-06T10:00+03:00,1357,3103,2198,27.32117052
2015-09-06T11:00+03:00,1357,2860,2479,15.80563584
2015-09-06T12:00+03:00,1356,2644,2805,2.709537572
2015-09-06T13:00+03:00,1356,2451,2988,0.785765896
2015-09-06T14:00+03:00,1357,2336,2999,0.785765896
2015-09-06T15:00+03:00,1356,2328,3026,0.785765896
2015-09-06T16:00+03:00,1355,2361,2962,0.785765896
2015-09-06T17:00+03:00,1354,2380,3029,4.515895954
2015-09-06T18:00+03:00,1354,2465,2930,22.80527457
2015-09-06T19:00+03:00,1354,2700,2807,33.64342486
2015-09-06T20:00+03:00,1349,3070,2999,45.15895954
2015-09-06T21:00+03:00,1350,3079,3040,53.96495665
2015-09-06T22:00+03:00,1352,3063,2509,47.9859104
2015-09-06T23:00+03:00,1352,3089,2009,42.67521676
2015-09-07T00:00+03:00,1352,2991,1746,40.0650289
2015-09-07T01:00+03:00,1352,2872,1438,26.87322163
2015-09-07T02:00+03:00,1352,2865,1189,26.87322163
2015-09-07T03:00+03:00,1353,2696,1030,24.8407931
2015-09-07T04:00+03:00,1353,2800,1001,26.87322163
2015-09-07T05:00+03:00,1353,2999,1038,31.84138024
2015-09-07T06:00+03:00,1353,3424,1211,42.68099905
2015-09-07T07:00+03:00,1352,3734,1737,49.6815862
2015-09-07T08:00+03:00,1350,3820,2095,56.45634795
2015-09-07T09:00+03:00,1313,3803,2644,56.68217334
2015-09-07T10:00+03:00,1295,3868,2728,57.8113003
2015-09-07T11:00+03:00,1309,3862,2793,56.68217334
2015-09-07T12:00+03:00,1303,3888,2833,56.68217334
2015-09-07T13:00+03:00,1309,4157,2653,56.68217334
2015-09-07T14:00+03:00,1313,4236,2531,56.68217334
2015-09-07T15:00+03:00,1310,4230,2480,56.68217334
2015-09-07T16:00+03:00,1309,4275,2375,56.68217334
2015-09-07T17:00+03:00,1295,4229,2185,56.00469717
2015-09-07T18:00+03:00,1334,4209,2089,56.46989748
2015-09-07T19:00+03:00,1344,4234,2182,56.68217334
2015-09-07T20:00+03:00,1346,4333,2857,62.10198275
2015-09-07T21:00+03:00,1346,4294,2699,62.10198275
2015-09-07T22:00+03:00,1348,4088,1903,54.19809403
2015-09-07T23:00+03:00,1349,4149,1706,49.6815862
2015-09-08T00:00+03:00,1349,4005,1487,49.6815862
2015-09-08T01:00+03:00,1255,3817,1215,42.68678291
2015-09-08T02:00+03:00,1192,3642,1143,36.36281507
2015-09-08T03:00+03:00,1262,3408,962,31.84569518
2015-09-08T04:00+03:00,1254,3466,1039,26.94010299
2015-09-08T05:00+03:00,1237,3624,1103,27.84352697
2015-09-08T06:00+03:00,1246,3671,1398,33.85581353
2015-09-08T07:00+03:00,1256,3795,1801,42.98717138
2015-09-08T08:00+03:00,1253,3833,1913,56.01228657
2015-09-08T09:00+03:00,1232,4096,2078,57.92980396
2015-09-08T10:00+03:00,1236,4144,2132,57.01057006
2015-09-08T11:00+03:00,1240,4164,2128,56.68985455
2015-09-08T12:00+03:00,1295,4209,2113,56.68985455
2015-09-08T13:00+03:00,1322,4184,1958,56.46399855
2015-09-08T14:00+03:00,1350,4139,1837,56.01228657
2015-09-08T15:00+03:00,1352,4220,1907,57.00605294
2015-09-08T16:00+03:00,1352,4190,1871,58.27084651
2015-09-08T17:00+03:00,1351,4207,1737,56.68985455
2015-09-08T18:00+03:00,1351,4162,1576,56.14780016
2015-09-08T19:00+03:00,1352,4165,1685,56.01228657
2015-09-08T20:00+03:00,1353,4329,2259,61.88454242
2015-09-08T21:00+03:00,1353,4312,2184,60.52940645
2015-09-08T22:00+03:00,1354,4158,1663,49.74704129
2015-09-08T23:00+03:00,1361,4250,1513,50.8175987
2015-09-09T00:00+03:00,1364,4034,1269,49.68831873
2015-09-09T01:00+03:00,1364,4026,964,42.997543
2015-09-09T02:00+03:00,1365,3989,912,42.997543
2015-09-09T03:00+03:00,1365,3668,1068,42.997543
2015-09-09T04:00+03:00,1365,3709,1098,42.997543
2015-09-09T05:00+03:00,1366,3826,1164,42.997543
2015-09-09T06:00+03:00,1366,3908,1263,44.86531987
2015-09-09T07:00+03:00,1366,4117,1357,52.0975521
2015-09-09T08:00+03:00,1365,3998,1788,57.1025571
2015-09-09T09:00+03:00,1336,4181,1879,57.3004823
2015-09-09T10:00+03:00,1321,4237,1914,57.31185731
2015-09-09T11:00+03:00,1347,4257,1974,57.1025571
2015-09-09T12:00+03:00,1319,4228,1979,56.87505688
2015-09-09T13:00+03:00,1326,4227,2060,56.87505688
2015-09-09T14:00+03:00,1325,4211,2063,56.45418145
2015-09-09T15:00+03:00,1329,4215,2063,57.1025571
2015-09-09T16:00+03:00,1349,4221,1985,56.87505688
2015-09-09T17:00+03:00,1348,4211,1747,54.13822914
2015-09-09T18:00+03:00,1349,4011,1873,53.27145327
2015-09-09T19:00+03:00,1351,4152,1777,52.23632724
2015-09-09T20:00+03:00,1353,4246,2450,56.87505688
2015-09-09T21:00+03:00,1352,4209,2438,55.57830558
2015-09-09T22:00+03:00,1352,3961,2226,47.54754755
2015-09-09T23:00+03:00,1358,3732,2039,45.75029575
2015-09-10T00:00+03:00,1366,3799,1603,47.54754755
2015-09-10T01:00+03:00,1366,3734,1479,42.75534442
2015-09-10T02:00+03:00,1366,3516,1528,42.06085284
2015-09-10T03:00+03:00,1366,3392,1689,37.5319534
2015-09-10T04:00+03:00,1367,3253,1853,33.70659428
2015-09-10T05:00+03:00,1367,3196,2172,33.70659428
2015-09-10T06:00+03:00,1365,3331,2403,34.15903178
2015-09-10T07:00+03:00,1363,3467,2718,42.75534442
2015-09-10T08:00+03:00,1363,3758,2948,51.17068205
2015-09-10T09:00+03:00,1346,3813,3120,54.06628209
2015-09-10T10:00+03:00,1338,3886,3054,42.75534442
2015-09-10T11:00+03:00,1324,3622,3350,40.71937564
2015-09-10T12:00+03:00,1329,3511,3411,34.15903178
2015-09-10T13:00+03:00,1336,3440,3521,37.77853184
2015-09-10T14:00+03:00,1328,3412,3460,40.71937564
2015-09-10T15:00+03:00,1332,3407,3368,36.19500057
2015-09-10T16:00+03:00,1327,3411,3327,34.15903178
2015-09-10T17:00+03:00,1331,3435,3308,34.15903178
2015-09-10T18:00+03:00,1344,3436,3232,34.15903178
2015-09-10T19:00+03:00,1347,3520,3370,42.75534442
2015-09-10T20:00+03:00,1349,3814,3550,51.80409456
2015-09-10T21:00+03:00,1363,3774,3257,49.54190702
2015-09-10T22:00+03:00,1363,3531,2820,42.75534442
2015-09-10T23:00+03:00,1362,3372,2439,33.93281303
2015-09-11T00:00+03:00,1360,3195,2261,33.70659428
2015-09-11T01:00+03:00,1358,2963,2373,29.40976857
2015-09-11T02:00+03:00,1360,2813,2406,26.92124969
2015-09-11T03:00+03:00,1358,2757,2455,25.33764677
2015-09-11T04:00+03:00,1354,2749,2525,25.33764677
2015-09-11T05:00+03:00,1353,2896,2447,27.14974097
2015-09-11T06:00+03:00,1351,2979,2664,27.37370767
2015-09-11T07:00+03:00,1347,3313,2903,33.70811936
2015-09-11T08:00+03:00,1327,3796,2981,47.2818587
2015-09-11T09:00+03:00,1288,3908,3100,51.80643848
2015-09-11T10:00+03:00,1332,3964,3073,49.54414859
2015-09-11T11:00+03:00,1331,3845,3152,47.2818587
2015-09-11T12:00+03:00,1300,3836,3182,47.2818587
2015-09-11T13:00+03:00,1284,3782,3282,47.2818587
2015-09-11T14:00+03:00,1249,3694,3224,45.69825577
2015-09-11T15:00+03:00,1284,3594,3181,42.75727892
2015-09-11T16:00+03:00,1361,3459,3136,42.75727892
2015-09-11T17:00+03:00,1371,3446,3113,42.75727892
2015-09-11T18:00+03:00,1370,3506,3025,42.75727892
2015-09-11T19:00+03:00,1371,3684,3078,46.60317173
2015-09-11T20:00+03:00,1371,3928,3267,54.29495736
2015-09-11T21:00+03:00,1372,3742,3095,52.48512544
2015-09-11T22:00+03:00,1375,3373,2834,42.75727892
2015-09-11T23:00+03:00,1386,3280,2433,42.75727892
2015-09-12T00:00+03:00,1389,2841,2493,33.70811936
2015-09-12T01:00+03:00,1389,2752,2484,27.37370767
2015-09-12T02:00+03:00,1389,2650,2498,28.10895188
2015-09-12T03:00+03:00,1390,2607,2510,26.92124969
2015-09-12T04:00+03:00,1390,2639,2476,26.92124969
2015-09-12T05:00+03:00,1389,2789,2361,26.36246409
2015-09-12T06:00+03:00,1389,2873,2369,26.92124969
2015-09-12T07:00+03:00,1389,3039,2472,26.92124969
2015-09-12T08:00+03:00,1390,3301,2631,33.70811936
2015-09-12T09:00+03:00,1389,3243,2996,40.72121802
2015-09-12T10:00+03:00,1387,3238,3082,42.75727892
2015-09-12T11:00+03:00,1389,3258,3068,42.75727892
2015-09-12T12:00+03:00,1390,3109,3117,42.75727892
2015-09-12T13:00+03:00,1390,3128,3017,36.19663824
2015-09-12T14:00+03:00,1391,2959,3031,33.70811936
2015-09-12T15:00+03:00,1390,2816,3094,27.14974097
2015-09-12T16:00+03:00,1391,2704,3237,29.63599756
2015-09-12T17:00+03:00,1391,2760,3216,33.70811936
2015-09-12T18:00+03:00,1391,2922,3117,40.72121802
2015-09-12T19:00+03:00,1391,3184,3180,44.79333982
2015-09-12T20:00+03:00,1393,3495,3361,51.80643848
2015-09-12T21:00+03:00,1395,3418,3213,49.54414859
2015-09-12T22:00+03:00,1396,3168,2891,42.75727892
2015-09-12T23:00+03:00,1396,3038,2470,33.70811936
2015-09-13T00:00+03:00,1396,2859,2333,26.92124969
2015-09-13T01:00+03:00,1397,2767,2286,31.89828745
2015-09-13T02:00+03:00,1397,2691,2143,29.40976857
2015-09-13T03:00+03:00,1397,2466,2037,25.11141778
2015-09-13T04:00+03:00,1397,2530,1902,25.11141778
2015-09-13T05:00+03:00,1397,2584,1843,25.93941588
2015-09-13T06:00+03:00,1397,2629,1738,26.92124969
2015-09-13T07:00+03:00,1397,2592,1679,27.40764202
2015-09-13T08:00+03:00,1397,2792,1822,38.45892813
2015-09-13T09:00+03:00,1397,3001,1870,44.17347239
2015-09-13T10:00+03:00,1396,2987,1973,45.04897858
2015-09-13T11:00+03:00,1395,2994,2144,46.60317173
2015-09-13T12:00+03:00,1395,2992,2167,45.47202679
2015-09-13T13:00+03:00,1393,2982,2221,44.79333982
2015-09-13T14:00+03:00,1394,2966,2160,43.0739995
2015-09-13T15:00+03:00,1394,2972,2082,42.88170486
2015-09-13T16:00+03:00,1394,3017,2042,43.63957197
2015-09-13T17:00+03:00,1394,3034,1959,45.69825577
2015-09-13T18:00+03:00,1394,3065,1936,46.60317173
2015-09-13T19:00+03:00,1394,3069,1908,44.96527385
2015-09-13T20:00+03:00,1394,3174,2624,56.10478927
2015-09-13T21:00+03:00,1394,3121,2770,56.78347623
2015-09-13T22:00+03:00,1393,3014,2029,46.60317173
2015-09-13T23:00+03:00,1394,3011,1547,42.75727892
2015-09-14T00:00+03:00,1394,2971,1074,33.70811936
2015-09-14T01:00+03:00,1394,2826,1049,34.19616369
2015-09-14T02:00+03:00,1395,2732,941,33.74323437
2015-09-14T03:00+03:00,1394,2560,873,26.4895713
2015-09-14T04:00+03:00,1394,2552,919,26.48730666
2015-09-14T05:00+03:00,1394,2804,1044,27.17349458
2015-09-14T06:00+03:00,1394,3077,1356,37.32364065
2015-09-14T07:00+03:00,1394,3262,1989,42.80182078
2015-09-14T08:00+03:00,1395,3347,2210,52.76626582
2015-09-14T09:00+03:00,1391,3544,2061,48.09656453
2015-09-14T10:00+03:00,1386,3653,2070,49.82222524
2015-09-14T11:00+03:00,1353,3665,2269,50.03736667
2015-09-14T12:00+03:00,1327,3674,2377,48.17809181
2015-09-14T13:00+03:00,1336,3676,2598,54.35151845
2015-09-14T14:00+03:00,1335,3657,2514,52.784383
2015-09-14T15:00+03:00,1340,3632,2405,49.82222524
2015-09-14T16:00+03:00,1322,3653,2408,52.61679915
2015-09-14T17:00+03:00,1322,3621,2220,47.33111398
2015-09-14T18:00+03:00,1366,3498,2105,45.74586136
2015-09-14T19:00+03:00,1373,3621,2292,47.55757864
2015-09-14T20:00+03:00,1375,3730,3084,56.84262971
2015-09-14T21:00+03:00,1378,3714,3052,60.01313495
2015-09-14T22:00+03:00,1378,3592,2149,47.33111398
2015-09-14T23:00+03:00,1378,3645,1525,47.33111398
2015-09-15T00:00+03:00,1378,3520,1231,46.53848767
2015-09-15T01:00+03:00,1378,3373,1067,42.78534885
2015-09-15T02:00+03:00,1389,3331,1030,41.10789152
2015-09-15T03:00+03:00,1389,3279,959,36.21813737
2015-09-15T04:00+03:00,1389,3281,942,36.5146919
2015-09-15T05:00+03:00,1389,3334,996,40.74568751
2015-09-15T06:00+03:00,1389,3520,1109,41.49046951
2015-09-15T07:00+03:00,1389,3610,1832,53.19871418
2015-09-15T08:00+03:00,1385,3687,2364,61.12192693
2015-09-15T09:00+03:00,1377,3766,2507,59.99003939
2015-09-15T10:00+03:00,1375,3852,2543,57.57911894
2015-09-15T11:00+03:00,1364,3853,2577,56.82075429
2015-09-15T12:00+03:00,1377,3847,2629,56.82075429
2015-09-15T13:00+03:00,1376,3883,2653,56.82075429
2015-09-15T14:00+03:00,1319,3818,2638,54.32381039
2015-09-15T15:00+03:00,1373,3804,2573,54.1042242
2015-09-15T16:00+03:00,1380,3852,2530,54.1042242
2015-09-15T17:00+03:00,1390,3913,2400,53.49753249
2015-09-15T18:00+03:00,1390,3883,2285,49.07864355
2015-09-15T19:00+03:00,1390,3917,2428,49.03336804
2015-09-15T20:00+03:00,1391,4000,3297,56.82075429
2015-09-15T21:00+03:00,1390,3912,3041,53.71711867
2015-09-15T22:00+03:00,1391,3763,2406,45.02874994
2015-09-15T23:00+03:00,1391,3797,1934,46.63376647
2015-09-16T00:00+03:00,1391,3611,1595,49.57667406
2015-09-16T01:00+03:00,1391,3544,1264,42.76501867
2015-09-16T02:00+03:00,1390,3471,1110,34.16676095
2015-09-16T03:00+03:00,1390,3269,948,31.67552891
2015-09-16T04:00+03:00,1390,3312,890,29.29064374
2015-09-16T05:00+03:00,1390,3390,958,31.94931553
2015-09-16T06:00+03:00,1390,3573,1235,34.16676095
2015-09-16T07:00+03:00,1389,3795,1731,44.9032696
2015-09-16T08:00+03:00,1385,3904,2098,57.49971716
2015-09-16T09:00+03:00,1346,4012,2285,56.95440661
2015-09-16T10:00+03:00,1364,3948,2364,56.79375495
2015-09-16T11:00+03:00,1353,3892,2416,56.79375495
2015-09-16T12:00+03:00,1366,3912,2380,55.66240525
2015-09-16T13:00+03:00,1377,3949,2469,54.30704831
2015-09-16T14:00+03:00,1376,3958,2499,54.74601199
2015-09-16T15:00+03:00,1386,3984,2474,55.72349813
2015-09-16T16:00+03:00,1387,3967,2480,56.11494513
2015-09-16T17:00+03:00,1386,3967,2457,56.56748501
2015-09-16T18:00+03:00,1386,4025,2301,53.31598597
2015-09-16T19:00+03:00,1386,4100,2624,56.79375495
2015-09-16T20:00+03:00,1387,4137,3108,58.83018441
2015-09-16T21:00+03:00,1387,4111,2987,56.79375495
2015-09-16T22:00+03:00,1387,3921,2252,47.29041747
2015-09-16T23:00+03:00,1387,3725,1750,46.61160765
2015-09-17T00:00+03:00,1387,3609,1544,44.60911868
2015-09-17T01:00+03:00,1387,3344,1294,42.21297574
2015-09-17T02:00+03:00,1388,3247,1012,33.69439859
2015-09-17T03:00+03:00,1388,2988,954,20.3523213
2015-09-17T04:00+03:00,1387,2962,1080,26.91029149
2015-09-17T05:00+03:00,1387,3144,1123,31.88530336
2015-09-17T06:00+03:00,1387,3458,1295,34.1466724
2015-09-17T07:00+03:00,1387,3372,1965,37.60656702
2015-09-17T08:00+03:00,1387,3574,2274,56.08195201
2015-09-17T09:00+03:00,1351,3809,2602,56.76036272
2015-09-17T10:00+03:00,1367,3786,2500,54.27285679
2015-09-17T11:00+03:00,1360,3651,2466,47.26261279
2015-09-17T12:00+03:00,1353,3725,2580,47.9410235
2015-09-17T13:00+03:00,1352,3764,2815,52.04314692
2015-09-17T14:00+03:00,1313,3767,2934,52.68989846
2015-09-17T15:00+03:00,1321,3742,3018,52.23762466
2015-09-17T16:00+03:00,1320,3708,3000,47.9410235
2015-09-17T17:00+03:00,1359,3702,2860,47.26261279
2015-09-17T18:00+03:00,1376,3668,2913,50.6207458
2015-09-17T19:00+03:00,1376,3695,3183,54.04671988
2015-09-17T20:00+03:00,1376,3783,3704,56.53422582
2015-09-17T21:00+03:00,1376,3671,3333,49.52398182
2015-09-17T22:00+03:00,1376,3451,2872,42.73987472
2015-09-17T23:00+03:00,1375,3414,2278,47.26261279
2015-09-18T00:00+03:00,1379,3458,1908,42.96375025
2015-09-18T01:00+03:00,1387,3292,1871,34.98447709
2015-09-18T02:00+03:00,1381,3154,1599,34.52110653
2015-09-18T03:00+03:00,1383,2970,1430,27.57054817
2015-09-18T04:00+03:00,1388,3105,1412,34.52110653
2015-09-18T05:00+03:00,1388,3266,1477,34.98447709
2015-09-18T06:00+03:00,1387,3438,1656,43.45489088
2015-09-18T07:00+03:00,1386,3778,2001,48.65390853
2015-09-18T08:00+03:00,1363,3838,2357,59.77480191
2015-09-18T09:00+03:00,1327,3887,2818,62.53185673
2015-09-18T10:00+03:00,1328,3823,2602,58.05569714
2015-09-18T11:00+03:00,1316,3876,2701,57.93290394
2015-09-18T12:00+03:00,1322,3852,2899,58.15300496
2015-09-18T13:00+03:00,1372,3821,3155,60.23817247
2015-09-18T14:00+03:00,1378,3824,3082,58.15300496
2015-09-18T15:00+03:00,1376,3841,3036,58.15300496
2015-09-18T16:00+03:00,1376,3857,3045,59.96478384
2015-09-18T17:00+03:00,1377,3837,2956,60.23817247
2015-09-18T18:00+03:00,1381,3819,2905,60.46985775
2015-09-18T19:00+03:00,1381,3802,2976,61.27612252
2015-09-18T20:00+03:00,1381,3799,3572,63.71345165
2015-09-18T21:00+03:00,1381,3810,3235,63.48176637
2015-09-18T22:00+03:00,1381,3720,2741,57.53672212
2015-09-18T23:00+03:00,1382,3731,1954,50.97076132
2015-09-19T00:00+03:00,1386,3737,1456,48.65390853
2015-09-19T01:00+03:00,1386,3352,1195,43.78851768
2015-09-19T02:00+03:00,1385,3228,1093,41.70335017
2015-09-19T03:00+03:00,1384,3020,870,34.52110653
2015-09-19T04:00+03:00,1384,3050,887,32.6676243
2015-09-19T05:00+03:00,1385,3109,950,32.6676243
2015-09-19T06:00+03:00,1382,3231,993,31.85209212
2015-09-19T07:00+03:00,1381,3348,1249,34.98447709
2015-09-19T08:00+03:00,1385,3365,1757,49.13813076
2015-09-19T09:00+03:00,1386,3443,2155,51.13989157
2015-09-19T10:00+03:00,1385,3430,2338,51.17464436
2015-09-19T11:00+03:00,1384,3428,2411,50.97076132
2015-09-19T12:00+03:00,1384,3425,2498,49.20068579
2015-09-19T13:00+03:00,1383,3431,2479,47.97275381
2015-09-19T14:00+03:00,1383,3451,2405,44.27969047
2015-09-19T15:00+03:00,1382,3380,2462,44.24030397
2015-09-19T16:00+03:00,1382,3352,2384,46.19341087
2015-09-19T17:00+03:00,1381,3366,2243,48.02835828
2015-09-19T18:00+03:00,1380,3461,2139,48.65390853
2015-09-19T19:00+03:00,1380,3492,2213,51.34840832
2015-09-19T20:00+03:00,1380,3439,3047,58.77160465
2015-09-19T21:00+03:00,1380,3448,2752,57.92131968
2015-09-19T22:00+03:00,1380,3300,2123,48.65390853
2015-09-19T23:00+03:00,1379,3308,1567,43.78851768
2015-09-20T00:00+03:00,1380,3150,1215,34.98447709
2015-09-20T01:00+03:00,1380,2814,942,30.35077151
2015-09-20T02:00+03:00,1379,2498,1037,34.98447709
2015-09-20T03:00+03:00,1378,2468,776,34.98447709
2015-09-20T04:00+03:00,1378,2445,769,34.52110653
2015-09-20T05:00+03:00,1378,2426,853,34.52110653
2015-09-20T06:00+03:00,1378,2333,859,30.35077151
2015-09-20T07:00+03:00,1378,2339,977,34.52110653
2015-09-20T08:00+03:00,1379,2418,1119,34.52110653
2015-09-20T09:00+03:00,1379,2537,1341,43.78851768
2015-09-20T10:00+03:00,1335,2656,1555,43.98776702
2015-09-20T11:00+03:00,1350,2651,1688,46.56874102
2015-09-20T12:00+03:00,1384,2576,1808,45.84819981
2015-09-20T13:00+03:00,1385,2533,1720,43.78851768
2015-09-20T14:00+03:00,1383,2515,1705,39.84755109
2015-09-20T15:00+03:00,1382,2496,1674,38.17941708
2015-09-20T16:00+03:00,1384,2555,1549,38.96483017
2015-09-20T17:00+03:00,1383,2610,1465,43.78851768
2015-09-20T18:00+03:00,1383,2760,1336,45.07668783
2015-09-20T19:00+03:00,1383,2924,1601,50.20156619
2015-09-20T20:00+03:00,1383,2974,2197,58.15300496
2015-09-20T21:00+03:00,1382,2959,1923,56.34585978
2015-09-20T22:00+03:00,1382,2870,1493,48.42222325
2015-09-20T23:00+03:00,1382,2654,1188,36.95380196
2015-09-21T00:00+03:00,1382,2563,901,34.52110653
2015-09-21T01:00+03:00,1382,2590,866,
2015-09-21T02:00+03:00,1382,2539,703,
2015-09-21T03:00+03:00,1382,2514,643,
2015-09-21T04:00+03:00,1383,2491,695,
2015-09-21T05:00+03:00,1383,2484,887,
2015-09-21T06:00+03:00,1384,2729,1143,
2015-09-21T07:00+03:00,1383,3061,1884,
2015-09-21T08:00+03:00,1383,3334,2181,
2015-09-21T09:00+03:00,1348,3384,2433,
2015-09-21T10:00+03:00,1302,3479,2347,
2015-09-21T11:00+03:00,1339,3651,2105,
2015-09-21T12:00+03:00,1355,3751,2102,
2015-09-21T13:00+03:00,1366,3731,2200,
2015-09-21T14:00+03:00,1324,3700,2235,
2015-09-21T15:00+03:00,1330,3721,2257,
2015-09-21T16:00+03:00,1354,3729,2280,
2015-09-21T17:00+03:00,1355,3715,2282,
2015-09-21T18:00+03:00,1373,3643,2273,
2015-09-21T19:00+03:00,1378,3630,2762,
2015-09-21T20:00+03:00,1379,3695,3363,
2015-09-21T21:00+03:00,1380,3646,3047,
2015-09-21T22:00+03:00,1381,3124,2936,
2015-09-21T23:00+03:00,1381,2861,2706,
2015-09-22T00:00+03:00,1382,3032,2194,
2015-09-22T01:00+03:00,1382,2915,2276,28.29296972
2015-09-22T02:00+03:00,1382,2773,2343,25.27417859
2015-09-22T03:00+03:00,1382,2789,2259,23.10562377
2015-09-22T04:00+03:00,1382,2730,2151,20.29486919
2015-09-22T05:00+03:00,1383,2721,2112,20.99360062
2015-09-22T06:00+03:00,1387,2774,2186,26.02944169
2015-09-22T07:00+03:00,1386,3051,2824,37.3900459
2015-09-22T08:00+03:00,1385,3456,2754,45.22533523
2015-09-22T09:00+03:00,1379,3615,2659,46.45320308
2015-09-22T10:00+03:00,1381,3671,2609,46.58209529
2015-09-22T11:00+03:00,1381,3645,2551,45.95798566
2015-09-22T12:00+03:00,1386,3592,2575,47.26047532
2015-09-22T13:00+03:00,1386,3703,2621,47.61775547
2015-09-22T14:00+03:00,1384,3725,2551,48.02252222
2015-09-22T15:00+03:00,1386,3802,2503,47.83709834
2015-09-22T16:00+03:00,1387,3761,2426,47.26047532
2015-09-22T17:00+03:00,1387,3826,2370,49.99434683
2015-09-22T18:00+03:00,1387,3783,2210,49.74786876
2015-09-22T19:00+03:00,1387,3845,2404,52.04983832
2015-09-22T20:00+03:00,1386,3952,2885,56.75779572
2015-09-22T21:00+03:00,1387,3878,2527,55.42138706
2015-09-22T22:00+03:00,1390,3690,1879,46.58209529
2015-09-22T23:00+03:00,1390,3692,1625,49.70942722
2015-09-23T00:00+03:00,1391,3381,1354,45.36101124
2015-09-23T01:00+03:00,1390,3151,1356,40.71200778
2015-09-23T02:00+03:00,1391,2973,1311,33.70049533
2015-09-23T03:00+03:00,1391,2884,1149,26.87218691
2015-09-23T04:00+03:00,1390,3002,1074,24.72802117
2015-09-23T05:00+03:00,1390,3103,1051,26.14389433
2015-09-23T06:00+03:00,1391,3414,1484,33.70049533
2015-09-23T07:00+03:00,1391,3704,2059,47.49734241
2015-09-23T08:00+03:00,1382,3738,2524,59.86700744
2015-09-23T09:00+03:00,1338,3800,2568,57.48987854
2015-09-23T10:00+03:00,1347,3772,2418,56.05364938
2015-09-23T11:00+03:00,1340,3755,2516,55.05168163
2015-09-23T12:00+03:00,1351,3795,2430,53.82127429
2015-09-23T13:00+03:00,1367,3886,2502,55.30952435
2015-09-23T14:00+03:00,1367,3943,2541,54.96573406
2015-09-23T15:00+03:00,1368,3936,2482,54.28267704
2015-09-23T16:00+03:00,1374,3937,2374,51.42605116
2015-09-23T17:00+03:00,1374,3935,2246,49.75459706
2015-09-23T18:00+03:00,1378,3953,2212,50.86286839
2015-09-23T19:00+03:00,1378,3986,2583,52.92561011
2015-09-23T20:00+03:00,1378,4012,3165,56.77063307
2015-09-23T21:00+03:00,1378,3999,2736,53.8303214
2015-09-23T22:00+03:00,1379,3900,2098,46.04980436
2015-09-23T23:00+03:00,1382,3854,1721,48.40205369
2015-09-24T00:00+03:00,1382,3858,1311,45.68791984
2015-09-24T01:00+03:00,1382,3637,870,34.17140012
2015-09-24T02:00+03:00,1382,3274,887,33.36576976
2015-09-24T03:00+03:00,1381,3255,770,28.0884383
2015-09-24T04:00+03:00,1381,3198,744,25.59913101
2015-09-24T05:00+03:00,1382,3178,864,26.73742334
2015-09-24T06:00+03:00,1382,3432,1099,33.7187988
2015-09-24T07:00+03:00,1381,3726,1734,44.00416393
2015-09-24T08:00+03:00,1375,3688,2221,55.06800335
2015-09-24T09:00+03:00,1322,3859,2341,54.65613614
2015-09-24T10:00+03:00,1329,3860,2524,53.33227726
2015-09-24T11:00+03:00,1358,3816,2488,49.33354455
2015-09-24T12:00+03:00,1336,3771,2594,48.96241146
2015-09-24T13:00+03:00,1344,3754,2681,48.4283419
2015-09-24T14:00+03:00,1366,3710,2545,47.12711308
2015-09-24T15:00+03:00,1335,3717,2631,46.4504741
2015-09-24T16:00+03:00,1341,3743,2591,44.80753129
2015-09-24T17:00+03:00,1375,3752,2573,45.71273394
2015-09-24T18:00+03:00,1384,3885,2415,45.68784087
2015-09-24T19:00+03:00,1384,3954,2616,46.7921881
2015-09-24T20:00+03:00,1383,3910,3229,54.86659576
2015-09-24T21:00+03:00,1382,3834,2864,51.01495847
2015-09-24T22:00+03:00,1383,3706,2279,42.77082532
2015-09-24T23:00+03:00,1384,3554,1773,42.09192333
2015-09-25T00:00+03:00,1384,3537,1339,33.7187988
2015-09-25T01:00+03:00,1384,3331,1174,29.71262673
2015-09-25T02:00+03:00,1384,3248,1110,26.08360362
2015-09-25T03:00+03:00,1388,3144,1104,25.05613645
2015-09-25T04:00+03:00,1389,3163,1065,24.82705437
2015-09-25T05:00+03:00,1390,3134,1077,25.85678968
2015-09-25T06:00+03:00,1390,3293,1271,30.79226111
2015-09-25T07:00+03:00,1390,3405,2057,41.16446279
2015-09-25T08:00+03:00,1380,3550,2294,52.04699585
2015-09-25T09:00+03:00,1325,3769,2498,54.3673025
2015-09-25T10:00+03:00,1332,3793,2521,52.84764907
2015-09-25T11:00+03:00,1329,3787,2509,50.22341174
2015-09-25T12:00+03:00,1328,3765,2448,47.39050557
2015-09-25T13:00+03:00,1372,3785,2474,47.4041144
2015-09-25T14:00+03:00,1375,3751,2479,45.33330309
2015-09-25T15:00+03:00,1376,3650,2577,42.86783551
2015-09-25T16:00+03:00,1375,3650,2590,42.86783551
2015-09-25T17:00+03:00,1380,3493,2618,42.86783551
2015-09-25T18:00+03:00,1382,3583,2585,44.66873823
2015-09-25T19:00+03:00,1383,3709,2941,47.4041144
2015-09-25T20:00+03:00,1383,3842,3251,53.07446302
2015-09-25T21:00+03:00,1383,3732,2927,47.4041144
2015-09-25T22:00+03:00,1383,3381,2618,36.28796298
2015-09-25T23:00+03:00,1383,3231,2130,38.13876477
2015-09-26T00:00+03:00,1384,3007,1888,33.34618612
2015-09-26T01:00+03:00,1384,2871,1805,32.57955499
2015-09-26T02:00+03:00,1384,2675,1778,29.04579374
2015-09-26T03:00+03:00,1387,2604,1683,26.31041756
2015-09-26T04:00+03:00,1388,2626,1653,26.09040804
2015-09-26T05:00+03:00,1388,2707,1575,26.28093175
2015-09-26T06:00+03:00,1387,2784,1561,27.34242101
2015-09-26T07:00+03:00,1387,2815,1621,30.52688879
2015-09-26T08:00+03:00,1387,3289,1751,42.00367439
2015-09-26T09:00+03:00,1387,3650,1816,45.81641679
2015-09-26T10:00+03:00,1387,3686,2067,49.21635782
2015-09-26T11:00+03:00,1386,3683,2156,49.0598562
2015-09-26T12:00+03:00,1386,3680,2150,47.4041144
2015-09-26T13:00+03:00,1385,3567,2260,47.18637302
2015-09-26T14:00+03:00,1385,3389,2229,42.86783551
2015-09-26T15:00+03:00,1385,3150,2308,41.65891719
2015-09-26T16:00+03:00,1385,3056,2287,39.98956656
2015-09-26T17:00+03:00,1386,3306,1919,40.82651001
2015-09-26T18:00+03:00,1385,3480,1717,42.86783551
2015-09-26T19:00+03:00,1386,3695,2089,48.99181202
2015-09-26T20:00+03:00,1386,3736,2348,56.81916124
2015-09-26T21:00+03:00,1386,3694,1994,55.12486108
2015-09-26T22:00+03:00,1385,3518,1583,47.64226905
2015-09-26T23:00+03:00,1385,3275,1257,42.28945996
2015-09-27T00:00+03:00,1385,2943,1039,29.91675928
2015-09-27T01:00+03:00,1386,2596,789,33.79527773
2015-09-27T02:00+03:00,1386,2516,693,31.98076618
2015-09-27T03:00+03:00,1386,2478,600,29.71262673
2015-09-27T04:00+03:00,1386,2524,549,29.71262673
2015-09-27T05:00+03:00,1387,2526,511,27.44448729
2015-09-27T06:00+03:00,1387,2521,558,26.9908594
2015-09-27T07:00+03:00,1387,2513,742,29.21136791
2015-09-27T08:00+03:00,1387,2351,1041,31.98076618
2015-09-27T09:00+03:00,1387,2400,1211,33.79527773
2015-09-27T10:00+03:00,1387,2555,1434,37.64657851
2015-09-27T11:00+03:00,1387,2551,1552,39.27283449
2015-09-27T12:00+03:00,1386,2581,1607,39.49284402
2015-09-27T13:00+03:00,1386,2601,1649,37.90287827
2015-09-27T14:00+03:00,1386,2419,1500,33.39608519
2015-09-27T15:00+03:00,1386,2378,1522,31.98076618
2015-09-27T16:00+03:00,1386,2344,1590,27.44448729
2015-09-27T17:00+03:00,1386,2319,1646,26.9908594
2015-09-27T18:00+03:00,1386,2323,1957,28.04554424
2015-09-27T19:00+03:00,1386,2568,2473,40.8945542
2015-09-27T20:00+03:00,1386,2637,2988,50.09639593
2015-09-27T21:00+03:00,1387,2648,2901,47.4041144
2015-09-27T22:00+03:00,1387,2514,2590,35.21740117
2015-09-27T23:00+03:00,1388,2367,2636,26.9908594
2015-09-28T00:00+03:00,1388,2322,2434,18.37192951
2015-09-28T01:00+03:00,1389,2264,2311,6.342877854
2015-09-28T02:00+03:00,1390,2272,2244,3.397970279
2015-09-28T03:00+03:00,1390,2260,2240,3.397970279
2015-09-28T04:00+03:00,1390,2275,2247,4.530627039
2015-09-28T05:00+03:00,1390,2290,2404,11.3265676
2015-09-28T06:00+03:00,1391,2306,2862,26.31841247
2015-09-28T07:00+03:00,1392,2593,3497,26.95723088
2015-09-28T08:00+03:00,1392,2726,3793,33.75317144
2015-09-28T09:00+03:00,1361,2870,3949,40.77564335
2015-09-28T10:00+03:00,1358,2935,4007,36.24501631
2015-09-28T11:00+03:00,1338,3010,3877,37.01295759
2015-09-28T12:00+03:00,1341,2839,3780,33.11208771
2015-09-28T13:00+03:00,1366,2681,3860,31.94092062
2015-09-28T14:00+03:00,1345,2623,3858,31.71438927
2015-09-28T15:00+03:00,1365,2475,3944,28.59278724
2015-09-28T16:00+03:00,1343,2543,4036,29.14099311
2015-09-28T17:00+03:00,1350,2602,4125,29.6756071
2015-09-28T18:00+03:00,1380,2723,4020,27.41029358
2015-09-28T19:00+03:00,1383,3012,4134,33.75317144
2015-09-28T20:00+03:00,1383,3114,4166,38.51032983
2015-09-28T21:00+03:00,1384,2800,4075,31.94092062
2015-09-28T22:00+03:00,1385,2359,3879,22.87966655
2015-09-28T23:00+03:00,1386,2325,3442,25.37151142
2015-09-29T00:00+03:00,1387,2385,3055,11.3265676
2015-09-29T01:00+03:00,1387,2252,3024,0.226367258
2015-09-29T02:00+03:00,1391,2311,2836,0.226367258
2015-09-29T03:00+03:00,1392,2262,2818,0.226367258
2015-09-29T04:00+03:00,1393,2238,2931,0.226367258
2015-09-29T05:00+03:00,1394,2262,3066,0.905469033
2015-09-29T06:00+03:00,1395,2312,3424,10.18652662
2015-09-29T07:00+03:00,1394,2480,3903,13.58203549
2015-09-29T08:00+03:00,1394,2565,4157,26.93770373
2015-09-29T09:00+03:00,1395,2769,4142,26.93770373
2015-09-29T10:00+03:00,1394,2774,4091,26.93770373
2015-09-29T11:00+03:00,1393,2725,4047,26.93770373
2015-09-29T12:00+03:00,1394,2711,4035,26.93770373
2015-09-29T13:00+03:00,1380,2671,4119,26.93770373
2015-09-29T14:00+03:00,1375,2516,4145,26.93770373
2015-09-29T15:00+03:00,1392,2371,4206,25.84661355
2015-09-29T16:00+03:00,1398,2331,4259,25.12676566
2015-09-29T17:00+03:00,1397,2359,4185,22.86309308
2015-09-29T18:00+03:00,1398,2431,4220,18.44893155
2015-09-29T19:00+03:00,1398,2712,4452,26.93770373
2015-09-29T20:00+03:00,1398,2819,4488,33.72872148
2015-09-29T21:00+03:00,1399,2541,4333,26.93770373
2015-09-29T22:00+03:00,1399,2355,3884,6.111915972
2015-09-29T23:00+03:00,1399,2307,3452,2.716407099
2015-09-30T00:00+03:00,1399,2298,3167,0.226367258
2015-09-30T01:00+03:00,1400,2342,2901,0.226316028
2015-09-30T02:00+03:00,1400,2305,2832,0.226316028
2015-09-30T03:00+03:00,1400,2393,2712,0.226316028
2015-09-30T04:00+03:00,1400,2344,2802,0.226316028
2015-09-30T05:00+03:00,1400,2300,2977,0.905264111
2015-09-30T06:00+03:00,1401,2350,3386,5.657900693
2015-09-30T07:00+03:00,1401,2435,3851,18.33159824
2015-09-30T08:00+03:00,1402,2532,4049,26.9316073
2015-09-30T09:00+03:00,1355,2678,4233,26.9316073
2015-09-30T10:00+03:00,1366,2651,4238,25.99239578
2015-09-30T11:00+03:00,1373,2528,4230,20.36844249
2015-09-30T12:00+03:00,1378,2429,4267,15.8443851
2015-09-30T13:00+03:00,1378,2421,4361,20.36844249
2015-09-30T14:00+03:00,1377,2418,4295,20.37070565
2015-09-30T15:00+03:00,1377,2401,4180,21.7693387
2015-09-30T16:00+03:00,1386,2433,4068,25.70271127
2015-09-30T17:00+03:00,1390,2512,3900,25.72081655
2015-09-30T18:00+03:00,1389,2972,3624,26.9316073
2015-09-30T19:00+03:00,1390,3080,4096,39.60530485
2015-09-30T20:00+03:00,1390,3038,4392,46.16846965
2015-09-30T21:00+03:00,1390,3015,3989,42.77372924
2015-09-30T22:00+03:00,1392,2721,3599,26.9316073
2015-09-30T23:00+03:00,1397,2736,3039,26.9316073
2015-10-01T00:00+03:00,1403,2572,2877,3.394740416
2015-10-01T01:00+03:00,1403,2549,2827,22.88692499
2015-10-01T02:00+03:00,1403,2607,2683,20.39655563
2015-10-01T03:00+03:00,1404,2498,2766,20.3942896
2015-10-01T04:00+03:00,1406,2511,2810,20.3942896
2015-10-01T05:00+03:00,1406,2602,2919,26.96578291
2015-10-01T06:00+03:00,1406,2722,3041,32.18672105
2015-10-01T07:00+03:00,1404,2839,3569,28.08746884
2015-10-01T08:00+03:00,1405,3026,3654,42.60140494
2015-10-01T09:00+03:00,1362,2984,3831,42.82800816
2015-10-01T10:00+03:00,1335,2860,3881,33.99048266
2015-10-01T11:00+03:00,1349,2631,3996,33.76387945
2015-10-01T12:00+03:00,1342,2556,4056,29.45841831
2015-10-01T13:00+03:00,1353,2589,4006,33.76387945
2015-10-01T14:00+03:00,1358,2592,3943,33.76387945
2015-10-01T15:00+03:00,1382,2693,3771,33.76387945
2015-10-01T16:00+03:00,1352,2778,3593,33.76387945
2015-10-01T17:00+03:00,1358,2884,3547,41.46838885
2015-10-01T18:00+03:00,1394,2907,3549,42.82800816
2015-10-01T19:00+03:00,1398,3180,3871,50.70246998
2015-10-01T20:00+03:00,1398,3243,4066,56.87740766
2015-10-01T21:00+03:00,1398,3228,3720,54.15816905
2015-10-01T22:00+03:00,1399,3216,3041,42.82800816
2015-10-01T23:00+03:00,1398,3146,2599,44.36664401
2015-10-02T00:00+03:00,1399,2959,2146,33.76387945
2015-10-02T01:00+03:00,1408,2927,2346,29.19014324
2015-10-02T02:00+03:00,1409,2923,2272,22.85429819
2015-10-02T03:00+03:00,1407,2858,2316,22.85429819
2015-10-02T04:00+03:00,1407,2878,2341,28.38232299
2015-10-02T05:00+03:00,1408,2924,2332,29.06795194
2015-10-02T06:00+03:00,1411,3116,2465,33.71574684
2015-10-02T07:00+03:00,1411,3158,3093,33.71574684
2015-10-02T08:00+03:00,1411,3491,3225,42.76695404
2015-10-02T09:00+03:00,1371,3634,3335,47.29255764
2015-10-02T10:00+03:00,1363,3639,3251,47.29255764
2015-10-02T11:00+03:00,1361,3616,3129,47.29255764
2015-10-02T12:00+03:00,1327,3590,3020,47.14094992
2015-10-02T13:00+03:00,1381,3532,2917,46.66349874
2015-10-02T14:00+03:00,1385,3560,2743,46.05254226
2015-10-02T15:00+03:00,1382,3628,2653,48.05512185
2015-10-02T16:00+03:00,1388,3640,2417,49.3720725
2015-10-02T17:00+03:00,1401,3596,2262,50.39485891
2015-10-02T18:00+03:00,1400,3424,2147,44.45500419
2015-10-02T19:00+03:00,1402,3640,2615,54.53352341
2015-10-02T20:00+03:00,1402,3743,3122,59.76964678
2015-10-02T21:00+03:00,1408,3637,2518,48.96250537
2015-10-02T22:00+03:00,1410,3373,2293,40.93861019
2015-10-02T23:00+03:00,1411,3564,1583,42.76695404
2015-10-03T00:00+03:00,1412,3254,1440,42.76695404
2015-10-03T01:00+03:00,1413,3073,1487,38.08974272
2015-10-03T02:00+03:00,1413,2773,1425,33.71574684
2015-10-03T03:00+03:00,1413,2658,1358,30.82841174
2015-10-03T04:00+03:00,1413,2585,1405,30.49804268
2015-10-03T05:00+03:00,1413,2529,1484,31.26513249
2015-10-03T06:00+03:00,1414,2542,1530,30.04321951
2015-10-03T07:00+03:00,1414,2949,1754,33.71574684
2015-10-03T08:00+03:00,1413,2985,2020,42.49994343
2015-10-03T09:00+03:00,1413,3349,1979,42.76695404
2015-10-03T10:00+03:00,1413,3409,2059,44.02733465
2015-10-03T11:00+03:00,1413,3287,2119,42.76695404
2015-10-03T12:00+03:00,1412,3171,2142,42.25782364
2015-10-03T13:00+03:00,1412,3198,2115,39.72348562
2015-10-03T14:00+03:00,1411,3182,2076,38.51967506
2015-10-03T15:00+03:00,1409,3159,1964,36.20256602
2015-10-03T16:00+03:00,1409,3083,1898,36.64154957
2015-10-03T17:00+03:00,1410,3098,1785,40.54940828
2015-10-03T18:00+03:00,1410,3272,1676,42.76695404
2015-10-03T19:00+03:00,1411,3517,2166,49.55535945
2015-10-03T20:00+03:00,1410,3605,2473,53.87052248
2015-10-03T21:00+03:00,1410,3516,2170,49.64134591
2015-10-03T22:00+03:00,1411,3254,1849,42.76695404
2015-10-03T23:00+03:00,1411,3184,1578,33.71574684
2015-10-04T00:00+03:00,1410,2898,1388,33.49172946
2015-10-04T01:00+03:00,1410,2768,1360,34.1683072
2015-10-04T02:00+03:00,1410,2784,1012,26.59244677
2015-10-04T03:00+03:00,1410,2662,928,24.22781889
2015-10-04T04:00+03:00,1410,2667,917,23.97664789
2015-10-04T05:00+03:00,1409,2687,977,22.96743828
2015-10-04T06:00+03:00,1410,2710,1014,22.867875
2015-10-04T07:00+03:00,1409,2832,1001,23.14619962
2015-10-04T08:00+03:00,1410,2778,1174,30.98907067
2015-10-04T09:00+03:00,1410,2764,1569,35.83825493
2015-10-04T10:00+03:00,1409,2764,1675,39.59224312
2015-10-04T11:00+03:00,1410,2761,1832,42.12658113
2015-10-04T12:00+03:00,1409,2736,1877,41.86409612
2015-10-04T13:00+03:00,1409,2739,1853,37.72316883
2015-10-04T14:00+03:00,1408,2739,1783,34.1683072
2015-10-04T15:00+03:00,1408,2688,1718,33.94202702
2015-10-04T16:00+03:00,1408,2686,1722,34.1683072
2015-10-04T17:00+03:00,1408,2694,1693,37.83857172
2015-10-04T18:00+03:00,1408,2777,1761,41.46584301
2015-10-04T19:00+03:00,1408,3070,2418,56.11748467
2015-10-04T20:00+03:00,1409,3279,2678,58.60656665
2015-10-04T21:00+03:00,1409,3110,2458,54.30724323
2015-10-04T22:00+03:00,1409,2957,2038,44.62923992
2015-10-04T23:00+03:00,1409,2863,1829,33.95107823
2015-10-05T00:00+03:00,1409,2577,1579,28.74889688
2015-10-05T01:00+03:00,1409,2893,1417,27.78621112
2015-10-05T02:00+03:00,1409,2956,1250,26.29539842
2015-10-05T03:00+03:00,1409,2982,1159,25.40498901
2015-10-05T04:00+03:00,1409,2876,979,24.93599474
2015-10-05T05:00+03:00,1409,2933,952,23.87565988
2015-10-05T06:00+03:00,1408,3125,1266,27.89496341
2015-10-05T07:00+03:00,1408,3572,2133,42.82121576
2015-10-05T08:00+03:00,1408,3674,2280,53.32034348
2015-10-05T09:00+03:00,1395,3700,2474,56.64181979
2015-10-05T10:00+03:00,1396,3773,2438,55.67211183
2015-10-05T11:00+03:00,1380,3815,2452,54.37388132
2015-10-05T12:00+03:00,1347,3811,2487,52.3687609
2015-10-05T13:00+03:00,1359,3845,2267,50.03511793
2015-10-05T14:00+03:00,1373,3861,2262,50.00113284
2015-10-05T15:00+03:00,1361,3810,2253,50.06683735
2015-10-05T16:00+03:00,1340,3798,2268,51.94734576
2015-10-05T17:00+03:00,1353,3852,2244,51.65733965
2015-10-05T18:00+03:00,1367,3804,2311,51.65733965
2015-10-05T19:00+03:00,1396,3846,2676,54.20848721
2015-10-05T20:00+03:00,1399,3928,3298,62.30600177
2015-10-05T21:00+03:00,1399,3809,2653,55.43195052
2015-10-05T22:00+03:00,1399,3756,2115,48.38570814
2015-10-05T23:00+03:00,1399,3715,1484,44.86032127
2015-10-06T00:00+03:00,1399,3488,1389,42.82121576
2015-10-06T01:00+03:00,1403,3016,1078,42.81151607
2015-10-06T02:00+03:00,1406,2817,1120,36.33089451
2015-10-06T03:00+03:00,1406,2645,1006,33.75087775
2015-10-06T04:00+03:00,1407,2724,986,33.75087775
2015-10-06T05:00+03:00,1406,2791,1080,33.97512855
2015-10-06T06:00+03:00,1406,2969,1399,41.22816952
2015-10-06T07:00+03:00,1406,3417,2455,56.85550547
2015-10-06T08:00+03:00,1406,3736,2755,63.42446825
2015-10-06T09:00+03:00,1398,4081,2650,63.42446825
2015-10-06T10:00+03:00,1395,4056,2461,58.66763313
2015-10-06T11:00+03:00,1407,3989,2347,56.1759576
2015-10-06T12:00+03:00,1407,3924,2381,56.7195959
2015-10-06T13:00+03:00,1401,3930,2401,54.59034589
2015-10-06T14:00+03:00,1390,3896,2372,55.66403153
2015-10-06T15:00+03:00,1382,3921,2322,54.88028632
2015-10-06T16:00+03:00,1390,3910,2255,54.9482411
2015-10-06T17:00+03:00,1405,3876,2141,53.93797993
2015-10-06T18:00+03:00,1405,3890,2240,54.59034589
2015-10-06T19:00+03:00,1404,3979,2792,57.95410787
2015-10-06T20:00+03:00,1405,4010,3279,62.29188846
2015-10-06T21:00+03:00,1405,3871,2764,56.97782409
2015-10-06T22:00+03:00,1402,3766,2238,48.374748
2015-10-06T23:00+03:00,1394,3700,1638,44.93623576
2015-10-07T00:00+03:00,1393.43,3392.26,1632.02,40.48746234
2015-10-07T01:00+03:00,1396.17,3100.19,1589.7,33.74247022
2015-10-07T02:00+03:00,1401.47,3003.26,1489.2,28.08777571
2015-10-07T03:00+03:00,1402.06,2868.16,1564.72,25.51519543
2015-10-07T04:00+03:00,1402.4,2876.24,1568.7,23.81901354
2015-10-07T05:00+03:00,1402.2,2897.2,1848.95,25.2411794
2015-10-07T06:00+03:00,1402.45,2970.63,2707.52,32.83663209
2015-10-07T07:00+03:00,1401.91,3493.23,3130.85,44.57402962
2015-10-07T08:00+03:00,1402.26,3550.2,3200.38,52.92585715
2015-10-07T09:00+03:00,1360.58,3599.55,3328.46,57.96458173
2015-10-07T10:00+03:00,1370.63,3560.99,3133.63,58.01666742
2015-10-07T11:00+03:00,1358.72,3307.48,3470.5,56.16196386
2015-10-07T12:00+03:00,1389.75,3239.2,3353.78,55.06363513
2015-10-07T13:00+03:00,1379,3220.63,3537.55,52.08569229
2015-10-07T14:00+03:00,1377.51,3175.92,3643.61,47.33004212
2015-10-07T15:00+03:00,1394.15,3152.94,3647,42.80085149
2015-10-07T16:00+03:00,1397.63,3083.57,3701.24,33.96892975
2015-10-07T17:00+03:00,1396.73,3190.78,3495.5,33.74247022
2015-10-07T18:00+03:00,1396.15,3494.85,3549.27,33.74247022
2015-10-07T19:00+03:00,1396.55,3547.52,3938.51,34.19538928
2015-10-07T20:00+03:00,1398.34,3322.11,4216.63,38.49812039
2015-10-07T21:00+03:00,1401.91,3028.19,4113.11,31.93079397
2015-10-07T22:00+03:00,1402.52,2706.77,3688.73,26.94868427
2015-10-07T23:00+03:00,1403.15,2687.43,3316.21,20.38135785
2015-10-08T00:00+03:00,1406,2571,3035,13.81403143
2015-10-08T01:00+03:00,1407,2599,2825,17.79724316
2015-10-08T02:00+03:00,1406,2788,2547,20.37074761
2015-10-08T03:00+03:00,1406,2869,2435,22.63642742
2015-10-08T04:00+03:00,1406,2854,2504,22.63642742
2015-10-08T05:00+03:00,1406,2954,2471,26.57929879
2015-10-08T06:00+03:00,1407,3005,2841,31.88474684
2015-10-08T07:00+03:00,1406,3133,3492,36.68092619
2015-10-08T08:00+03:00,1405,3457,3466,42.77856997
2015-10-08T09:00+03:00,1358,3815,3296,42.77856997
2015-10-08T10:00+03:00,1349,3829,3290,42.77856997
2015-10-08T11:00+03:00,1341,3652,3385,42.43226726
2015-10-08T12:00+03:00,1344,3561,3357,36.21466241
2015-10-08T13:00+03:00,1332,3889,3116,42.77856997
2015-10-08T14:00+03:00,1328,3933,3028,42.77856997
2015-10-08T15:00+03:00,1368,3839,2947,42.77856997
2015-10-08T16:00+03:00,1380,3919,2809,42.77856997
2015-10-08T17:00+03:00,1382,3863,2739,42.77856997
2015-10-08T18:00+03:00,1391,3901,2890,45.26832801
2015-10-08T19:00+03:00,1392,4029,3328,54.65924266
2015-10-08T20:00+03:00,1392,4024,3344,56.13272674
2015-10-08T21:00+03:00,1392,3930,2979,46.40003621
2015-10-08T22:00+03:00,1392,3573,2730,33.72490437
2015-10-08T23:00+03:00,1394,3743,2074,37.79905389
2015-10-09T00:00+03:00,1399,3713,1749,36.21466241
2015-10-09T01:00+03:00,1399,3653,1542,34.06212475
2015-10-09T02:00+03:00,1399,3421,1405,32.32208804
2015-10-09T03:00+03:00,1399,3395,1242,30.81088429
2015-10-09T04:00+03:00,1399,3405,1186,30.42118857
2015-10-09T05:00+03:00,1399,3425,1171,31.16206357
2015-10-09T06:00+03:00,1399,3672,1397,37.24539502
2015-10-09T07:00+03:00,1400,4010,2090,42.82121576
2015-10-09T08:00+03:00,1396,4084,2562,57.33964701
2015-10-09T09:00+03:00,1388,4123,2706,58.6809253
2015-10-09T10:00+03:00,1388,4162,2738,58.6809253
2015-10-09T11:00+03:00,1373,4181,2775,58.90749258
2015-10-09T12:00+03:00,1309,4109,2519,56.18868523
2015-10-09T13:00+03:00,1347,4075,2412,54.03176473
2015-10-09T14:00+03:00,1373,4056,2370,54.14957972
2015-10-09T15:00+03:00,1363,4094,2249,51.88390693
2015-10-09T16:00+03:00,1369,4113,2224,50.53809729
2015-10-09T17:00+03:00,1386,4152,2204,51.04560799
2015-10-09T18:00+03:00,1387,4128,2234,50.22996579
2015-10-09T19:00+03:00,1387,4174,2771,55.84656864
2015-10-09T20:00+03:00,1387,4221,3041,58.90749258
2015-10-09T21:00+03:00,1387,4115,2476,53.67378843
2015-10-09T22:00+03:00,1387,4028,1875,42.82121576
2015-10-09T23:00+03:00,1387,4008,1369,42.82121576
2015-10-10T00:00+03:00,1391,3626,1221,42.82121576
2015-10-10T01:00+03:00,1398,3462,1131,35.11792827
2015-10-10T02:00+03:00,1397,3358,966,32.82733308
2015-10-10T03:00+03:00,1397,3319,913,30.69306931
2015-10-10T04:00+03:00,1397,3242,973,30.22407504
2015-10-10T05:00+03:00,1398,3167,1066,29.82305095
2015-10-10T06:00+03:00,1398,3216,1253,30.66814691
2015-10-10T07:00+03:00,1398,3316,1491,38.21736865
2015-10-10T08:00+03:00,1399,3592,1690,45.35876929
2015-10-10T09:00+03:00,1400,3547,1914,49.12431747
2015-10-10T10:00+03:00,1400,3653,2064,51.88390693
2015-10-10T11:00+03:00,1400,3642,2190,52.59532818
2015-10-10T12:00+03:00,1399,3592,2199,49.84480141
2015-10-10T13:00+03:00,1400,3414,2306,47.35256134
2015-10-10T14:00+03:00,1400,3383,2322,42.99114122
2015-10-10T15:00+03:00,1399,3333,2276,40.03217255
2015-10-10T16:00+03:00,1398,3388,2241,40.29045925
2015-10-10T17:00+03:00,1398,3432,2241,37.58751161
2015-10-10T18:00+03:00,1398,3541,2451,40.53515191
2015-10-10T19:00+03:00,1399,3899,2706,50.13254186
2015-10-10T20:00+03:00,1398,3911,2966,56.28157781
2015-10-10T21:00+03:00,1399,3720,2666,48.07531096
2015-10-10T22:00+03:00,1398,3572,2256,37.09812629
2015-10-10T23:00+03:00,1398,3484,2042,31.07143666
2015-10-11T00:00+03:00,1395,3455,1678,25.4638965
2015-10-11T01:00+03:00,1395,3015,1423,23.46330743
2015-10-11T02:00+03:00,1398,2809,1432,19.0611052
2015-10-11T03:00+03:00,1398,2673,1540,19.26275007
2015-10-11T04:00+03:00,1398,2658,1593,18.94555588
2015-10-11T05:00+03:00,1399,2753,1611,18.42445114
2015-10-11T06:00+03:00,1398,2689,1847,17.53630741
2015-10-11T07:00+03:00,1400,2660,2046,18.60343929
2015-10-11T08:00+03:00,1400,2886,2315,20.92801958
2015-10-11T09:00+03:00,1400,2992,2563,23.20502073
2015-10-11T10:00+03:00,1402,3019,2825,27.41464078
2015-10-11T11:00+03:00,1402,3130,3022,33.75852459
2015-10-11T12:00+03:00,1402,3049,3174,33.75852459
2015-10-11T13:00+03:00,1401,2855,3038,20.39105512
2015-10-11T14:00+03:00,1402,2702,3092,18.12538233
2015-10-11T15:00+03:00,1402,2468,3101,17.1534087
2015-10-11T16:00+03:00,1402,2530,2970,18.57398555
2015-10-11T17:00+03:00,1402,2507,3120,20.39105512
2015-10-11T18:00+03:00,1403,2576,3475,33.75852459
2015-10-11T19:00+03:00,1403,2777,3791,49.61823413
2015-10-11T20:00+03:00,1404,2745,4000,53.2433106
2015-10-11T21:00+03:00,1403,2712,3527,45.01212135
2015-10-11T22:00+03:00,1403,2526,3184,32.60756282
2015-10-11T23:00+03:00,1404,2474,3096,30.36454675
2015-10-12T00:00+03:00,1403,2479,2945,24.2653556
2015-10-12T01:00+03:00,1403,2444,2574,24.01133144
2015-10-12T02:00+03:00,1403,2462,2555,23.51048159
2015-10-12T03:00+03:00,1404,2420,2584,18.1325779
2015-10-12T04:00+03:00,1404,2347,2732,6.798866856
2015-10-12T05:00+03:00,1405,2413,2914,6.798866856
2015-10-12T06:00+03:00,1405,2637,3394,20.62322946
2015-10-12T07:00+03:00,1404,2893,3920,14.73087819
2015-10-12T08:00+03:00,1403,3251,4112,26.96883853
2015-10-12T09:00+03:00,1365,3438,4243,33.76770538
2015-10-12T10:00+03:00,1351,3510,4370,33.76770538
2015-10-12T11:00+03:00,1350,3524,4293,33.76770538
2015-10-12T12:00+03:00,1327,3531,4245,33.76770538
2015-10-12T13:00+03:00,1344,3492,4322,33.76770538
2015-10-12T14:00+03:00,1350,3393,4280,31.72804533
2015-10-12T15:00+03:00,1368,3171,4304,26.96883853
2015-10-12T16:00+03:00,1342,3114,4360,20.62322946
2015-10-12T17:00+03:00,1343,3167,4397,20.39660057
2015-10-12T18:00+03:00,1386,3235,4448,20.39660057
2015-10-12T19:00+03:00,1396,3411,4706,33.76770538
2015-10-12T20:00+03:00,1397,3356,4683,33.76770538
2015-10-12T21:00+03:00,1399,3211,4421,26.96883853
2015-10-12T22:00+03:00,1401,2912,4069,11.33144476
2015-10-12T23:00+03:00,1402,2773,3694,20.39660057
2015-10-13T00:00+03:00,1405,2547,3524,10.19830028
2015-10-13T01:00+03:00,1406,2511,3352,1.676369979
2015-10-13T02:00+03:00,1405,2557,3097,1.585755386
2015-10-13T03:00+03:00,1405,2586,2954,1.585755386
2015-10-13T04:00+03:00,1405,2617,3003,1.676369979
2015-10-13T05:00+03:00,1406,2705,3086,2.877013343
2015-10-13T06:00+03:00,1406,2743,3566,18.44006977
2015-10-13T07:00+03:00,1405,2886,4054,28.27175317
2015-10-13T08:00+03:00,1406,3170,4234,33.75393607
2015-10-13T09:00+03:00,1406,3423,4245,33.75393607
2015-10-13T10:00+03:00,1405,3442,4183,38.51120223
2015-10-13T11:00+03:00,1400,3531,4024,37.83159278
2015-10-13T12:00+03:00,1401,3554,3925,42.81539542
2015-10-13T13:00+03:00,1406,3675,3853,47.34612509
2015-10-13T14:00+03:00,1406,3720,3575,47.34612509
2015-10-13T15:00+03:00,1404,3738,3443,48.34515099
2015-10-13T16:00+03:00,1403,3751,3356,49.83802641
2015-10-13T17:00+03:00,1403,3833,3224,50.74417235
2015-10-13T18:00+03:00,1404,3847,3223,51.88591623
2015-10-13T19:00+03:00,1404,3879,3737,56.86065741
2015-10-13T20:00+03:00,1404,3845,3732,58.44641279
2015-10-13T21:00+03:00,1404,3724,3324,54.05613574
2015-10-13T22:00+03:00,1406,3549,2773,45.84418821
2015-10-13T23:00+03:00,1406,3607,2319,49.94676393
2015-10-14T00:00+03:00,1406,3555,1941,45.03545296
2015-10-14T01:00+03:00,1406,2903,1693,33.58178523
2015-10-14T02:00+03:00,1406,2869,1624,31.50657
2015-10-14T03:00+03:00,1407,2859,1528,30.4100589
2015-10-14T04:00+03:00,1408,2858,1442,30.21069325
2015-10-14T05:00+03:00,1409,2891,1460,30.01132759
2015-10-14T06:00+03:00,1409,3017,1636,36.24830086
2015-10-14T07:00+03:00,1409,3435,2374,53.01314001
2015-10-14T08:00+03:00,1405,3608,2563,56.51563208
2015-10-14T09:00+03:00,1368,3699,3018,61.39555958
2015-10-14T10:00+03:00,1375,3748,3035,61.42274581
2015-10-14T11:00+03:00,1369,3749,2905,60.7227005
2015-10-14T12:00+03:00,1384,3822,2561,58.31218849
2015-10-14T13:00+03:00,1375,3782,2533,56.20978704
2015-10-14T14:00+03:00,1368,3710,2534,56.6379701
2015-10-14T15:00+03:00,1377,3742,2477,56.86452198
2015-10-14T16:00+03:00,1393,3786,2430,56.86452198
2015-10-14T17:00+03:00,1392,3847,2343,56.86452198
2015-10-14T18:00+03:00,1395,3874,2380,56.18486633
2015-10-14T19:00+03:00,1396,3953,3146,61.13729044
2015-10-14T20:00+03:00,1397,3981,3474,61.39555958
2015-10-14T21:00+03:00,1396,3987,3028,57.00951518
2015-10-14T22:00+03:00,1397,3628,2607,47.349343
2015-10-14T23:00+03:00,1398,3655,2039,47.349343
2015-10-15T00:00+03:00,1399,3379,1691,31.71499773
2015-10-15T01:00+03:00,1399,3194,1611,39.30819034
2015-10-15T02:00+03:00,1399,3023,1526,31.98940553
2015-10-15T03:00+03:00,1403,3049,1521,27.99384253
2015-10-15T04:00+03:00,1403,3030,1575,27.37356816
2015-10-15T05:00+03:00,1403,2980,1744,27.42337121
2015-10-15T06:00+03:00,1404,3085,2127,37.04215149
2015-10-15T07:00+03:00,1404,3427,2855,47.32195409
2015-10-15T08:00+03:00,1400,3771,2882,52.97233667
2015-10-15T09:00+03:00,1338,4097,2988,54.33060171
2015-10-15T10:00+03:00,1371,4148,2841,54.1042242
2015-10-15T11:00+03:00,1358,4083,2893,54.1042242
2015-10-15T12:00+03:00,1349,3980,2918,52.97233667
2015-10-15T13:00+03:00,1353,4023,2916,54.1042242
2015-10-15T14:00+03:00,1351,4028,2800,51.84044913
2015-10-15T15:00+03:00,1384,4008,2659,47.31289899
2015-10-15T16:00+03:00,1382,3882,2761,48.5013809
2015-10-15T17:00+03:00,1380,3821,2768,47.31289899
2015-10-15T18:00+03:00,1398,3974,2907,49.80305157
2015-10-15T19:00+03:00,1400,4090,3327,52.74595916
2015-10-15T20:00+03:00,1401,4143,3380,52.97233667
2015-10-15T21:00+03:00,1399,4054,3047,42.78534885
2015-10-15T22:00+03:00,1406,3692,2681,28.08439353
2015-10-15T23:00+03:00,1411,3765,2113,42.78534885
2015-10-16T00:00+03:00,1412,3305,2046,35.99175986
2015-10-16T01:00+03:00,1413,3096,1803,34.04438406
2015-10-16T02:00+03:00,1413,2948,1642,31.11413043
2015-10-16T03:00+03:00,1413,2950,1600,29.89809783
2015-10-16T04:00+03:00,1413,2979,1701,29.80751812
2015-10-16T05:00+03:00,1413,2917,1923,30.4076087
2015-10-16T06:00+03:00,1413,3080,2141,33.74094203
2015-10-16T07:00+03:00,1412,3471,2902,46.34057971
2015-10-16T08:00+03:00,1412,3927,3264,56.83876812
2015-10-16T09:00+03:00,1389,3971,3383,56.54664855
2015-10-16T10:00+03:00,1386,3927,3319,56.15942029
2015-10-16T11:00+03:00,1384,3903,3248,55.70652174
2015-10-16T12:00+03:00,1339,3888,3231,52.98913043
2015-10-16T13:00+03:00,1351,3766,3354,52.98007246
2015-10-16T14:00+03:00,1348,3705,3367,47.32789855
2015-10-16T15:00+03:00,1379,3682,3190,42.79891304
2015-10-16T16:00+03:00,1409,3512,3302,38.49637681
2015-10-16T17:00+03:00,1412,3561,3270,33.9673913
2015-10-16T18:00+03:00,1412,3705,3431,46.42210145
2015-10-16T19:00+03:00,1411,3845,3700,49.5923913
2015-10-16T20:00+03:00,1411,3848,3635,47.32789855
2015-10-16T21:00+03:00,1412,3690,3549,46.42210145
2015-10-16T22:00+03:00,1412,3306,3411,36.00996377
2015-10-16T23:00+03:00,1412,3376,2616,41.9361413
2015-10-17T00:00+03:00,1412,3203,2481,34.71240942
2015-10-17T01:00+03:00,1412,2923,2344,34.82563406
2015-10-17T02:00+03:00,1412,2882,2217,32.66983696
2015-10-17T03:00+03:00,1412,2862,2236,30.89673913
2015-10-17T04:00+03:00,1414,2852,2308,30.78804348
2015-10-17T05:00+03:00,1414,2851,2385,30.73822464
2015-10-17T06:00+03:00,1415,2811,2682,30.88768116
2015-10-17T07:00+03:00,1414,2906,2669,34.08514493
2015-10-17T08:00+03:00,1414,2971,3085,38.11367754
2015-10-17T09:00+03:00,1414,3287,3114,43.19972826
2015-10-17T10:00+03:00,1407,3503,2951,45.07246377
2015-10-17T11:00+03:00,1413,3284,3060,44.61277174
2015-10-17T12:00+03:00,1414,3248,3063,43.59148551
2015-10-17T13:00+03:00,1414,3258,2763,40.91711957
2015-10-17T14:00+03:00,1414,3239,2528,36.91349638
2015-10-17T15:00+03:00,1415,3267,2389,35.19474638
2015-10-17T16:00+03:00,1414,3322,2194,35.63405797
2015-10-17T17:00+03:00,1415,3365,2061,37.85552536
2015-10-17T18:00+03:00,1415,3467,2134,45.01132246
2015-10-17T19:00+03:00,1415,3638,2553,52.98913043
2015-10-17T20:00+03:00,1415,3671,2560,55.94429348
2015-10-17T21:00+03:00,1415,3485,2185,51.85688406
2015-10-17T22:00+03:00,1415,3346,1795,44.83695652
2015-10-17T23:00+03:00,1415,3132,1578,36.09148551
2015-10-18T00:00+03:00,1415,2811,1451,31.32019928
2015-10-18T01:00+03:00,1416,2880,1437,31.88179348
2015-10-18T02:00+03:00,1416,2928,1232,29.04664855
2015-10-18T03:00+03:00,1416,2903,1221,28.19067029
2015-10-18T04:00+03:00,1416,2839,1168,26.4990942
2015-10-18T05:00+03:00,1416,2828,1164,26.29981884
2015-10-18T06:00+03:00,1416,2856,1319,26.09827899
2015-10-18T07:00+03:00,1416,2884,1278,26.31793478
2015-10-18T08:00+03:00,1417,2917,1385,28.29936594
2015-10-18T09:00+03:00,1417,2793,1496,32.66530797
2015-10-18T10:00+03:00,1416,2765,1649,36.23188406
2015-10-18T11:00+03:00,1416,2755,1724,39.71240942
2015-10-18T12:00+03:00,1417,2756,1760,38.26992754
2015-10-18T13:00+03:00,1417,2778,1718,34.81884058
2015-10-18T14:00+03:00,1416,2724,1614,31.29755435
2015-10-18T15:00+03:00,1416,2758,1547,30.79710145
2015-10-18T16:00+03:00,1415,2767,1477,30.2490942
2015-10-18T17:00+03:00,1416,2803,1435,31.17753623
2015-10-18T18:00+03:00,1417,2886,1588,37.96875
2015-10-18T19:00+03:00,1417,3110,2237,48.9990942
2015-10-18T20:00+03:00,1417,3265,2245,52.94384058
2015-10-18T21:00+03:00,1416,3221,1932,47.40942029
2015-10-18T22:00+03:00,1416,3084,1603,42.99818841
2015-10-18T23:00+03:00,1416,3073,1417,40.19927536
2015-10-19T00:00+03:00,1415,2833,1370,33.04800725
2015-10-19T01:00+03:00,1415,2820,1237,30.84644601
2015-10-19T02:00+03:00,1415,2846,1169,28.95189003
2015-10-19T03:00+03:00,1415,2844,1140,27.95261349
2015-10-19T04:00+03:00,1414,2841,1123,27.32410924
2015-10-19T05:00+03:00,1415,2950,1260,28.13347802
2015-10-19T06:00+03:00,1415,3245,1479,33.96183758
2015-10-19T07:00+03:00,1415,3952,2288,47.42041961
2015-10-19T08:00+03:00,1415,4058,2624,56.74624706
2015-10-19T09:00+03:00,1381,4117,2841,56.06800506
2015-10-19T10:00+03:00,1370,4139,2831,55.1636824
2015-10-19T11:00+03:00,1372,4148,2691,49.73774643
2015-10-19T12:00+03:00,1364,4027,2707,47.25085911
2015-10-19T13:00+03:00,1376,4048,2768,47.47693977
2015-10-19T14:00+03:00,1364,3950,2816,47.25085911
2015-10-19T15:00+03:00,1378,3900,2809,46.12045578
2015-10-19T16:00+03:00,1371,3931,2806,45.66829445
2015-10-19T17:00+03:00,1378,3874,2850,42.72924579
2015-10-19T18:00+03:00,1395,3766,3179,42.72924579
2015-10-19T19:00+03:00,1396,3966,3637,45.66829445
2015-10-19T20:00+03:00,1395,3997,3556,42.72924579
2015-10-19T21:00+03:00,1394,3679,3352,33.68601917
2015-10-19T22:00+03:00,1395,3304,3093,27.80340025
2015-10-19T23:00+03:00,1396,3443,2433,36.10960391
2015-10-20T00:00+03:00,1396,3404,2302,33.68601917
2015-10-20T01:00+03:00,1400,3325,2294,33.68754239
2015-10-20T02:00+03:00,1406,3122,2397,29.6179064
2015-10-20T03:00+03:00,1406,3268,2254,29.39181551
2015-10-20T04:00+03:00,1406,3320,2213,29.6179064
2015-10-20T05:00+03:00,1406,3322,2384,30.94958173
2015-10-20T06:00+03:00,1406,3640,2602,34.88356319
2015-10-20T07:00+03:00,1405,3812,3214,37.59891476
2015-10-20T08:00+03:00,1398,3901,3566,47.2529957
2015-10-20T09:00+03:00,1363,4002,3678,42.73117793
2015-10-20T10:00+03:00,1370,3911,3717,42.73117793
2015-10-20T11:00+03:00,1361,3798,3736,33.68754239
2015-10-20T12:00+03:00,1360,3792,3661,33.68754239
2015-10-20T13:00+03:00,1379,3934,3523,33.68754239
2015-10-20T14:00+03:00,1364,3995,3348,33.68754239
2015-10-20T15:00+03:00,1366,3981,3222,33.68754239
2015-10-20T16:00+03:00,1381,3942,3264,33.68754239
2015-10-20T17:00+03:00,1391,3950,3193,33.68754239
2015-10-20T18:00+03:00,1395,3890,3523,42.73117793
2015-10-20T19:00+03:00,1395,3863,4008,45.67035948
2015-10-20T20:00+03:00,1394,3955,3861,46.12254126
2015-10-20T21:00+03:00,1394,3834,3501,42.73117793
2015-10-20T22:00+03:00,1395,3717,3036,33.68754239
2015-10-20T23:00+03:00,1395,3744,2206,38.33823197
2015-10-21T00:00+03:00,1401,3615,1977,33.68754239
2015-10-21T01:00+03:00,1403,3162,1640,31.05277414
2015-10-21T02:00+03:00,1403,3155,1732,29.52011196
2015-10-21T03:00+03:00,1404,3126,1992,28.52241434
2015-10-21T04:00+03:00,1403,3112,2098,27.35542413
2015-10-21T05:00+03:00,1404,3095,2312,28.92194483
2015-10-21T06:00+03:00,1404,3194,2460,31.41167442
2015-10-21T07:00+03:00,1403,3582,3394,41.18775676
2015-10-21T08:00+03:00,1402,3893,3281,42.66173085
2015-10-21T09:00+03:00,1402,3919,3273,42.66173085
2015-10-21T10:00+03:00,1312,4052,3264,43.79034807
2015-10-21T11:00+03:00,1366,4034,3206,43.79034807
2015-10-21T12:00+03:00,1377,4039,3028,42.66173085
2015-10-21T13:00+03:00,1381,4119,2963,44.69324184
2015-10-21T14:00+03:00,1381,4082,2850,44.97765338
2015-10-21T15:00+03:00,1391,4066,2750,44.18084962
2015-10-21T16:00+03:00,1394,3997,2581,43.77454742
2015-10-21T17:00+03:00,1404,3918,2539,44.0612162
2015-10-21T18:00+03:00,1405,4131,2738,47.97074624
2015-10-21T19:00+03:00,1406,4140,3254,52.81928581
2015-10-21T20:00+03:00,1406,4160,3420,55.68597355
2015-10-21T21:00+03:00,1406,3919,2910,43.29827096
2015-10-21T22:00+03:00,1406,3623,2738,37.98022663
2015-10-21T23:00+03:00,1408,3843,1949,42.66173085
2015-10-22T00:00+03:00,1407,3531,1666,33.6327931
2015-10-22T01:00+03:00,1408,3056,1559,28.40292842
2015-10-22T02:00+03:00,1407,2823,1465,26.27666305
2015-10-22T03:00+03:00,1407,2803,1417,24.95706797
2015-10-22T04:00+03:00,1407,2890,1382,24.13458062
2015-10-22T05:00+03:00,1408,3017,1379,26.8890094
2015-10-22T06:00+03:00,1408,3390,1549,33.66775127
2015-10-22T07:00+03:00,1408,3890,2386,42.70607375
2015-10-22T08:00+03:00,1408,4112,2696,47.225235
2015-10-22T09:00+03:00,1375,4304,2789,48.26690166
2015-10-22T10:00+03:00,1356,4283,2762,48.05450108
2015-10-22T11:00+03:00,1376,4194,2699,46.30784526
2015-10-22T12:00+03:00,1389,4154,2618,44.38720174
2015-10-22T13:00+03:00,1389,4128,2718,45.64352856
2015-10-22T14:00+03:00,1379,4147,2696,44.9272415
2015-10-22T15:00+03:00,1378,4048,2674,42.70607375
2015-10-22T16:00+03:00,1337,4118,2777,43.07664497
2015-10-22T17:00+03:00,1352,3918,2782,41.57628344
2015-10-22T18:00+03:00,1392,4104,3014,43.40428416
2015-10-22T19:00+03:00,1394,4303,3435,51.74439624
2015-10-22T20:00+03:00,1393,4277,3423,47.83532176
2015-10-22T21:00+03:00,1393,4235,3167,44.73969631
2015-10-22T22:00+03:00,1394,3878,2870,33.66775127
2015-10-22T23:00+03:00,1393,3793,2358,38.41287057
2015-10-23T00:00+03:00,1394,3545,2169,30.01174982
2015-10-23T01:00+03:00,1395,3096,2124,26.83443828
2015-10-23T02:00+03:00,1396,2959,2238,24.05628467
2015-10-23T03:00+03:00,1405,2811,2388,22.66720787
2015-10-23T04:00+03:00,1408,2863,2353,22.2184639
2015-10-23T05:00+03:00,1408,3033,2219,23.67293555
2015-10-23T06:00+03:00,1408,3089,2382,26.49844405
2015-10-23T07:00+03:00,1407,3489,3213,35.41018356
2015-10-23T08:00+03:00,1407,3887,3546,44.36702296
2015-10-23T09:00+03:00,1392,4119,3421,43.74689938
2015-10-23T10:00+03:00,1396,4155,3218,42.61940198
2015-10-23T11:00+03:00,1379,4080,3172,41.88201867
2015-10-23T12:00+03:00,1334,3891,3202,39.11063005
2015-10-23T13:00+03:00,1358,3831,3040,35.85892752
2015-10-23T14:00+03:00,1374,3667,2954,34.05042168
2015-10-23T15:00+03:00,1391,3440,2783,33.59942272
2015-10-23T16:00+03:00,1395,3614,2570,36.04834709
2015-10-23T17:00+03:00,1395,3674,2478,40.38244712
2015-10-23T18:00+03:00,1395,4037,2770,47.45636585
2015-10-23T19:00+03:00,1395,4274,3051,55.94867632
2015-10-23T20:00+03:00,1401,4343,3181,56.15613584
2015-10-23T21:00+03:00,1402,4156,3010,47.1293916
2015-10-23T22:00+03:00,1402,3828,2558,40.58990664
2015-10-23T23:00+03:00,1402,3894,1755,41.49190457
2015-10-24T00:00+03:00,1406,3733,1740,36.27835656
2015-10-24T01:00+03:00,1406,3231,1636,32.06151626
2015-10-24T02:00+03:00,1406,2864,1674,33.59942272
2015-10-24T03:00+03:00,1407,2754,1756,28.76245885
2015-10-24T04:00+03:00,1407,2689,1971,28.5640193
2015-10-24T05:00+03:00,1407,2685,2086,28.47156452
2015-10-24T06:00+03:00,1408,2690,2358,29.28110765
2015-10-24T07:00+03:00,1408,2815,2590,32.51477022
2015-10-24T08:00+03:00,1410,3080,2832,37.41261895
2015-10-24T09:00+03:00,1412,3433,3079,43.74689938
2015-10-24T10:00+03:00,1411,3599,3217,43.74689938
2015-10-24T11:00+03:00,1410,3250,3565,40.3057773
2015-10-24T12:00+03:00,1410,3028,3579,33.59942272
2015-10-24T13:00+03:00,1409,3014,3593,33.59942272
2015-10-24T14:00+03:00,1409,3181,3350,26.83443828
2015-10-24T15:00+03:00,1409,3260,3079,28.09272539
2015-10-24T16:00+03:00,1409,3273,2842,31.72326704
2015-10-24T17:00+03:00,1409,3419,2520,34.8712398
2015-10-24T18:00+03:00,1409,3586,2773,44.64889731
2015-10-24T19:00+03:00,1409,3720,3077,53.99134082
2015-10-24T20:00+03:00,1409,3694,3074,56.37487034
2015-10-24T21:00+03:00,1409,3549,2832,53.01267307
2015-10-24T22:00+03:00,1409,3337,2430,42.84264646
2015-10-24T23:00+03:00,1410,3107,2125,36.48356109
2015-10-25T00:00+03:00,1410.14,2888.07,2085.19,33.35588328
2015-10-25T01:00+03:00,1411.09,2793.78,2258.01,24.95151761
2015-10-25T02:00+03:00,1410.92,2752.16,2235.03,21.19920624
2015-10-25T03:00+03:00,1411.09,2643.4,2129.59,20.57908267
2015-10-25T03:00+02:00,1410.65,2651.46,2047.38,20.9579218
2015-10-25T04:00+02:00,1411.01,2718.56,2035.85,20.43927299
2015-10-25T05:00+02:00,1411.04,2791,1852.38,20.3039733
2015-10-25T06:00+02:00,1410.77,2817.39,1813.87,19.59139494
2015-10-25T07:00+02:00,1410.8,2864.54,1812.59,20.92860686
2015-10-25T08:00+02:00,1410.79,3145.28,1876.66,33.59942272
2015-10-25T09:00+02:00,1410.39,3092.4,2259.36,41.49190457
2015-10-25T10:00+02:00,1410.06,2995.02,2409.87,42.61940198
2015-10-25T11:00+02:00,1410.24,2941.9,2405.86,42.61940198
2015-10-25T12:00+02:00,1407.26,3071.77,2442.84,39.23690976
2015-10-25T13:00+02:00,1410.78,3069.92,2360.19,36.98191494
2015-10-25T14:00+02:00,1410.5,3053.24,2307.92,33.59942272
2015-10-25T15:00+02:00,1411.69,3154.95,2241.45,35.16438912
2015-10-25T16:00+02:00,1412.26,3306.29,2084.96,37.88391287
2015-10-25T17:00+02:00,1412.05,3619.65,2558.7,43.74689938
2015-10-25T18:00+02:00,1412.54,3737.28,2820.06,55.02187345
2015-10-25T19:00+02:00,1412.17,3715.39,2995.79,56.05917106
2015-10-25T20:00+02:00,1412.07,3631.22,2809.72,55.60366211
2015-10-25T21:00+02:00,1411.81,3564.46,2549.67,47.6502954
2015-10-25T22:00+02:00,1412.31,3450.88,2118.14,43.29590042
2015-10-25T23:00+02:00,1411.83,3219.55,1890.99,38.97307536
2015-10-26T00:00+02:00,1413,3129,1888,29.80201146
2015-10-26T01:00+02:00,1412,3049,1846,29.63939599
2015-10-26T02:00+02:00,1412,3065,1698,28.68830291
2015-10-26T03:00+02:00,1413,3039,1634,26.94162723
2015-10-26T04:00+02:00,1413,3010,1668,26.85373
2015-10-26T05:00+02:00,1413,2998,1810,27.93103448
2015-10-26T06:00+02:00,1413,3468,2019,36.86499887
2015-10-26T07:00+02:00,1413,3915,2711,44.62474645
2015-10-26T08:00+02:00,1412,4205,2749,48.30516114
2015-10-26T09:00+02:00,1375,4198,2891,51.61144918
2015-10-26T10:00+02:00,1329,4118,3014,48.4629254
2015-10-26T11:00+02:00,1342,4075,2982,46.97318008
2015-10-26T12:00+02:00,1324,4171,2902,45.52625648
2015-10-26T13:00+02:00,1356,4271,2885,47.10389903
2015-10-26T14:00+02:00,1350,4207,2836,47.10389903
2015-10-26T15:00+02:00,1353,4177,2737,47.10389903
2015-10-26T16:00+02:00,1346,4335,2709,50.90827135
2015-10-26T17:00+02:00,1340,4447,2942,56.34437683
2015-10-26T18:00+02:00,1386,4550,3325,56.81541582
2015-10-26T19:00+02:00,1395,4429,3336,56.51791751
2015-10-26T20:00+02:00,1395,4466,3240,54.17399144
2015-10-26T21:00+02:00,1395,4418,2849,45.52625648
2015-10-26T22:00+02:00,1396,3911,2672,33.58124859
2015-10-26T23:00+02:00,1396,4009,2062,36.88302907
2015-10-27T00:00+02:00,1397,3818,2075,33.84043272
2015-10-27T01:00+02:00,1403,3549,2118,28.51699883
2015-10-27T02:00+02:00,1406,3570,2165,27.77076382
2015-10-27T03:00+02:00,1406,3393,2084,25.94237533
2015-10-27T04:00+02:00,1406,3370,2043,25.90404906
2015-10-27T05:00+02:00,1406,3578,1932,26.89827757
2015-10-27T06:00+02:00,1405,3995,2062,37.64992335
2015-10-27T07:00+02:00,1402,4174,2846,42.60979349
2015-10-27T08:00+02:00,1401,4314,3147,49.37325277
2015-10-27T09:00+02:00,1371,4439,3083,46.44242042
2015-10-27T10:00+02:00,1361,4432,2958,45.78411038
2015-10-27T11:00+02:00,1362,4293,3007,43.7370367
2015-10-27T12:00+02:00,1372,4203,2944,42.60979349
2015-10-27T13:00+02:00,1400,4118,2939,42.60979349
2015-10-27T14:00+02:00,1401,4150,2961,45.54062585
2015-10-27T15:00+02:00,1401,4188,2890,45.99152313
2015-10-27T16:00+02:00,1401,4316,2736,47.11876635
2015-10-27T17:00+02:00,1401,4442,2976,52.75498242
2015-10-27T18:00+02:00,1401,4481,3339,55.93606276
2015-10-27T19:00+02:00,1401,4493,3368,52.88348814
2015-10-27T20:00+02:00,1401,4491,3326,50.89954008
2015-10-27T21:00+02:00,1405,4307,2931,42.60979349
2015-10-27T22:00+02:00,1405,4024,2647,42.38434485
2015-10-27T23:00+02:00,1405,4305,2067,45.99152313
2015-10-28T00:00+02:00,1405,3859,1737,37.55974389
2015-10-28T01:00+02:00,1406,3895,1588,34.04063409
2015-10-28T02:00+02:00,1405,3668,1519,32.01569441
2015-10-28T03:00+02:00,1406,3648,1449,28.99857939
2015-10-28T04:00+02:00,1405,3697,1452,28.63327846
2015-10-28T05:00+02:00,1406,3824,1505,33.59866507
2015-10-28T06:00+02:00,1408,4048,1703,38.12208267
2015-10-28T07:00+02:00,1407,4355,2396,44.05935013
2015-10-28T08:00+02:00,1407,4354,2689,51.56831353
2015-10-28T09:00+02:00,1384,4457,2770,49.38327283
2015-10-28T10:00+02:00,1383,4300,2865,47.12832886
2015-10-28T11:00+02:00,1388,4215,2856,45.29731436
2015-10-28T12:00+02:00,1383,4193,2896,46.05948542
2015-10-28T13:00+02:00,1392,4208,2859,46.45184567
2015-10-28T14:00+02:00,1384,4285,2857,49.38327283
2015-10-28T15:00+02:00,1398,4297,2687,48.35276343
2015-10-28T16:00+02:00,1398,4329,2625,51.0744808
2015-10-28T17:00+02:00,1399,4465,2926,56.59909351
2015-10-28T18:00+02:00,1401,4608,3297,58.40304868
2015-10-28T19:00+02:00,1401,4547,3357,57.17635917
2015-10-28T20:00+02:00,1401,4489,3158,53.94276952
2015-10-28T21:00+02:00,1400,4471,2963,53.08814576
2015-10-28T22:00+02:00,1397,4269,2634,47.12832886
2015-10-28T23:00+02:00,1400,4255,1968,47.12832886
2015-10-29T00:00+02:00,1400,4059,1620,43.06491984
2015-10-29T01:00+02:00,1401,3803,1512,34.00612723
2015-10-29T02:00+02:00,1401,3603,1494,33.27626599
2015-10-29T03:00+02:00,1401,3629,1525,31.73094251
2015-10-29T04:00+02:00,1402,3656,1570,31.68138403
2015-10-29T05:00+02:00,1402,3833,1701,33.56460624
2015-10-29T06:00+02:00,1402,3968,2061,38.20733465
2015-10-29T07:00+02:00,1402,4373,2851,45.68841233
2015-10-29T08:00+02:00,1401,4402,3143,47.08055505
2015-10-29T09:00+02:00,1362,4445,3185,47.08055505
2015-10-29T10:00+02:00,1367,4371,3111,44.6026311
2015-10-29T11:00+02:00,1322,4244,3165,42.57523878
2015-10-29T12:00+02:00,1311,4034,3291,42.57523878
2015-10-29T13:00+02:00,1359,4095,3274,43.70156785
2015-10-29T14:00+02:00,1372,4004,3309,44.6026311
2015-10-29T15:00+02:00,1375,4016,3257,44.6026311
2015-10-29T16:00+02:00,1375,4291,3078,47.08055505
2015-10-29T17:00+02:00,1390,4491,3436,55.86592179
2015-10-29T18:00+02:00,1397,4460,3897,56.54171923
2015-10-29T19:00+02:00,1397,4396,3873,51.58587133
2015-10-29T20:00+02:00,1397,4433,3604,46.40475761
2015-10-29T21:00+02:00,1397,4128,3463,42.57523878
2015-10-29T22:00+02:00,1397,3825,3059,33.31681384
2015-10-29T23:00+02:00,1398,4030,2496,42.32744639
2015-10-30T00:00+02:00,1398,4029,1978,39.42377005
2015-10-30T01:00+02:00,1402,4136,1945,33.57822148
2015-10-30T02:00+02:00,1403,4112,1889,26.93018434
2015-10-30T03:00+02:00,1405,3958,1965,26.81750575
2015-10-30T04:00+02:00,1406,3740,2265,26.81750575
2015-10-30T05:00+02:00,1405,3815,2474,33.57822148
2015-10-30T06:00+02:00,1405,4050,2675,36.41546852
2015-10-30T07:00+02:00,1405,4051,3135,41.98404471
2015-10-30T08:00+02:00,1406,4213,3315,42.59250913
2015-10-30T09:00+02:00,1386,4203,3280,41.75868752
2015-10-30T10:00+02:00,1390,4020,3445,41.46572317
2015-10-30T11:00+02:00,1372,3890,3488,35.15572182
2015-10-30T12:00+02:00,1366,3926,3393,33.80357867
2015-10-30T13:00+02:00,1375,4095,3268,40.56429441
2015-10-30T14:00+02:00,1391,4006,3199,42.36715194
2015-10-30T15:00+02:00,1394,4116,3060,42.59250913
2015-10-30T16:00+02:00,1394,4176,3164,42.59250913
2015-10-30T17:00+02:00,1396,4302,3511,47.32501014
2015-10-30T18:00+02:00,1398,4289,4068,54.0834723
2015-10-30T19:00+02:00,1399,4273,3961,46.42358138
2015-10-30T20:00+02:00,1399,4260,3758,42.59250913
2015-10-30T21:00+02:00,1403,4001,3592,33.57822148
2015-10-30T22:00+02:00,1403,3625,3357,19.87650426
2015-10-30T23:00+02:00,1403,3595,3036,20.28440078
2015-10-31T00:00+02:00,1403,3420,2891,6.760715734
2015-10-31T01:00+02:00,1403,3118,3047,25.01464822
2015-10-31T02:00+02:00,1404,3073,2997,19.99369
2015-10-31T03:00+02:00,1405,3046,2963,13.74678866
2015-10-31T04:00+02:00,1405,3026,3025,13.52143147
2015-10-31T05:00+02:00,1406,3002,3095,13.74678866
2015-10-31T06:00+02:00,1405,2906,3321,20.2821472
2015-10-31T07:00+02:00,1405,2871,3329,27.93077027
2015-10-31T08:00+02:00,1405,3020,3453,32.53932483
2015-10-31T09:00+02:00,1404,3433,3388,36.22166133
2015-10-31T10:00+02:00,1404,3356,3475,35.65376121
2015-10-31T11:00+02:00,1404,3093,3695,33.57822148
2015-10-31T12:00+02:00,1405,2913,3702,31.55000676
2015-10-31T13:00+02:00,1405,2880,3722,28.76008473
2015-10-31T14:00+02:00,1405,2826,3654,28.41979538
2015-10-31T15:00+02:00,1405,2856,3461,29.07107766
2015-10-31T16:00+02:00,1405,3107,3251,33.57822148
2015-10-31T17:00+02:00,1405,3501,3340,42.59250913
2015-10-31T18:00+02:00,1412,3572,4032,47.09965295
2015-10-31T19:00+02:00,1413,3485,4045,46.77739217
2015-10-31T20:00+02:00,1412,3358,4056,44.83481318
2015-10-31T21:00+02:00,1412,3205,3737,42.59250913
2015-10-31T22:00+02:00,1412,3131,3318,37.16816154
2015-10-31T23:00+02:00,1412,3088,2997,29.53982062
2015-11-01T00:00+02:00,1412,3035,2749,25.6659305
2015-11-01T01:00+02:00,1412,3172,2534,24.03209086
2015-11-01T02:00+02:00,1415,3016,2587,24.03209086
2015-11-01T03:00+02:00,1415,3104,2423,23.03375851
2015-11-01T04:00+02:00,1415,3096,2393,26.06255916
2015-11-01T05:00+02:00,1415,3102,2280,25.78987695
2015-11-01T06:00+02:00,1415,2970,2369,25.79213053
2015-11-01T07:00+02:00,1415,2969,2320,25.65916978
2015-11-01T08:00+02:00,1415,3029,2371,27.96682742
2015-11-01T09:00+02:00,1415,3024,2227,27.90823455
2015-11-01T10:00+02:00,1414,2936,2134,28.7871276
2015-11-01T11:00+02:00,1414,2904,2064,28.66543471
2015-11-01T12:00+02:00,1414,2842,2063,28.95839906
2015-11-01T13:00+02:00,1413.55,2876.56,895.38,27.26822013
2015-11-01T14:00+02:00,1414,2796,1842,26.26988777
2015-11-01T15:00+02:00,1414,2912,1595,26.97300221
2015-11-01T16:00+02:00,1416,2980,1571,31.77536395
2015-11-01T17:00+02:00,1416,3269,1819,45.07143823
2015-11-01T18:00+02:00,1416,3405,2175,53.54036147
2015-11-01T19:00+02:00,1416,3398,2201,52.48568982
2015-11-01T20:00+02:00,1415,3343,2106,52.4473791
2015-11-01T21:00+02:00,1415,3126,1998,46.42358138
2015-11-01T22:00+02:00,1414,3045,1762,41.58065534
2015-11-01T23:00+02:00,1414,3051,1586,39.29102628
2015-11-02T00:00+02:00,1414,3016,1425,34.28809663
2015-11-02T01:00+02:00,1414,3090,1795,30.04062288
2015-11-02T02:00+02:00,1414,2941,1822,29.09726924
2015-11-02T03:00+02:00,1414,2959,1827,28.10652223
2015-11-02T04:00+02:00,1414,3046,1863,28.00722185
2015-11-02T05:00+02:00,1414,3165,1905,28.99119838
2015-11-02T06:00+02:00,1414,3367,2287,33.62672083
2015-11-02T07:00+02:00,1414,3724,3009,42.53215978
2015-11-02T08:00+02:00,1409,4091,3212,46.49063417
2015-11-02T09:00+02:00,1339,4237,3255,47.16768224
2015-11-02T10:00+02:00,1336,4112,3332,42.65402844
2015-11-02T11:00+02:00,1354,4089,3249,34.24960506
2015-11-02T12:00+02:00,1351,4078,3089,33.62672083
2015-11-02T13:00+02:00,1342,4146,3168,41.3337847
2015-11-02T14:00+02:00,1333,4095,3065,42.10110585
2015-11-02T15:00+02:00,1340,4340,2848,44.46851726
2015-11-02T16:00+02:00,1331,4378,2959,47.16768224
2015-11-02T17:00+02:00,1338,4474,3395,51.45565335
2015-11-02T18:00+02:00,1380,3963,4245,51.78063643
2015-11-02T19:00+02:00,1394,3950,4132,47.16768224
2015-11-02T20:00+02:00,1393,4126,3802,42.65402844
2015-11-02T21:00+02:00,1399,3903,3637,33.62672083
2015-11-02T22:00+02:00,1401,3617,3263,27.77251185
2015-11-02T23:00+02:00,1401,3691,2783,31.59557662
2015-11-03T00:00+02:00,1400,3564,2636,33.62672083
2015-11-03T01:00+02:00,1401,3435,2308,33.38294322
2015-11-03T02:00+02:00,1401,3518,2120,31.57218238
2015-11-03T03:00+02:00,1402,3492,1989,30.07035584
2015-11-03T04:00+02:00,1405,3528,1929,29.98466604
2015-11-03T05:00+02:00,1406,3607,1854,31.5654174
2015-11-03T06:00+02:00,1411,3898,1968,34.01659676
2015-11-03T07:00+02:00,1410,4033,2546,42.4773373
2015-11-03T08:00+02:00,1407,4200,3095,49.67753574
2015-11-03T09:00+02:00,1403,3839,3539,47.1293916
2015-11-03T10:00+02:00,1399,3682,3508,42.61940198
2015-11-03T11:00+02:00,1394,3693,3506,42.61940198
2015-11-03T12:00+02:00,1395,3744,3211,41.37689983
2015-11-03T13:00+02:00,1396,3804,2943,39.7375186
2015-11-03T14:00+02:00,1395,3830,2787,40.54706174
2015-11-03T15:00+02:00,1388,3982,2859,42.84715645
2015-11-03T16:00+02:00,1380,4042,3110,48.5229784
2015-11-03T17:00+02:00,1399,4048,3235,53.94173093
2015-11-03T18:00+02:00,1410,4111,3826,58.62986515
2015-11-03T19:00+02:00,1410,4111,3746,58.17886619
2015-11-03T20:00+02:00,1409,4262,3367,58.17886619
2015-11-03T21:00+02:00,1408,4354,2671,48.95368241
2015-11-03T22:00+02:00,1410,4267,2226,41.22807018
2015-11-03T23:00+02:00,1410,4249,1567,42.61940198
2015-11-04T00:00+02:00,1410,4072,1428,34.63897533
2015-11-04T01:00+02:00,1410,3931,1205,35.87086041
2015-11-04T02:00+02:00,1410,3766,1016,33.49895456
2015-11-04T03:00+02:00,1409,3633,906,30.80105218
2015-11-04T04:00+02:00,1408,3638,940,31.70035298
2015-11-04T05:00+02:00,1408,3680,1015,33.49895456
2015-11-04T06:00+02:00,1409,3886,1252,40.45729445
2015-11-04T07:00+02:00,1410,3980,1844,42.4919625
2015-11-04T08:00+02:00,1409,4308,2132,48.79156456
2015-11-04T09:00+02:00,1390,4262,2253,48.79830931
2015-11-04T10:00+02:00,1398,4155,2393,46.98846647
2015-11-04T11:00+02:00,1389,4139,2326,43.73524585
2015-11-04T12:00+02:00,1379,4158,2284,42.78648351
2015-11-04T13:00+02:00,1380,4156,2197,44.32428787
2015-11-04T14:00+02:00,1374,4168,2082,43.61833674
2015-11-04T15:00+02:00,1398,4211,2000,44.96503968
2015-11-04T16:00+02:00,1399,4251,2061,49.23671845
2015-11-04T17:00+02:00,1398,4349,2396,53.98277839
2015-11-04T18:00+02:00,1395,4486,2819,58.75581735
2015-11-04T19:00+02:00,1395,4438,2882,59.45052722
2015-11-04T20:00+02:00,1394,4335,2539,55.34521909
2015-11-04T21:00+02:00,1394,4231,2270,47.41563434
2015-11-04T22:00+02:00,1394,3859,2040,38.02918231
2015-11-04T23:00+02:00,1398,4111,1504,45.52485443
2015-11-05T00:00+02:00,1407,3868,1280,35.97203175
2015-11-05T01:00+02:00,1407,3684,1081,42.39664416
2015-11-05T02:00+02:00,1407,3839,1089,33.87245115
2015-11-05T03:00+02:00,1407,3712,991,33.42380942
2015-11-05T04:00+02:00,1407,3614,1014,33.35202674
2015-11-05T05:00+02:00,1406,3869,1067,33.87245115
2015-11-05T06:00+02:00,1407,3954,1267,41.85827408
2015-11-05T07:00+02:00,1407,4547,1892,46.0485879
2015-11-05T08:00+02:00,1398,4789,2176,50.44303372
2015-11-05T09:00+02:00,1356,4647,2453,50.67857063
2015-11-05T10:00+02:00,1368,4545,2452,45.21411427
2015-11-05T11:00+02:00,1383,4380,2496,42.39664416
2015-11-05T12:00+02:00,1377,4351,2528,42.39664416
2015-11-05T13:00+02:00,1393,4255,2460,42.39664416
2015-11-05T14:00+02:00,1395,4247,2338,42.39664416
2015-11-05T15:00+02:00,1401,4428,2299,46.64976783
2015-11-05T16:00+02:00,1394,4620,2157,50.50360035
2015-11-05T17:00+02:00,1400,4699,2388,54.93618071
2015-11-05T18:00+02:00,1409,4768,2967,60.54644564
2015-11-05T19:00+02:00,1408,4733,3050,60.79095538
2015-11-05T20:00+02:00,1407,4651,2555,55.97029992
2015-11-05T21:00+02:00,1407,4524,2323,50.21422643
2015-11-05T22:00+02:00,1403,4143,2103,41.30644474
2015-11-05T23:00+02:00,1405,4101,1535,50.51481639
2015-11-06T00:00+02:00,1407,3811,1360,46.88306153
2015-11-06T01:00+02:00,1406,3635,1155,42.000583
2015-11-06T02:00+02:00,1407,3616,1139,37.11460412
2015-11-06T03:00+02:00,1410,3576,1105,35.30282306
2015-11-06T04:00+02:00,1410,3622,1168,33.85877974
2015-11-06T05:00+02:00,1411,3502,1287,36.0113909
2015-11-06T06:00+02:00,1411,3688,1527,42.52752427
2015-11-06T07:00+02:00,1411,3949,2151,50.51460861
2015-11-06T08:00+02:00,1404,3946,2606,57.85142498
2015-11-06T09:00+02:00,1371,3941,2615,57.77518667
2015-11-06T10:00+02:00,1374,3988,2565,55.12926878
2015-11-06T11:00+02:00,1374,4031,2453,51.92725968
2015-11-06T12:00+02:00,1374,3937,2504,51.38013768
2015-11-06T13:00+02:00,1383,3960,2438,51.44292217
2015-11-06T14:00+02:00,1374,3971,2376,50.68950826
2015-11-06T15:00+02:00,1374,3995,2281,51.36219925
2015-11-06T16:00+02:00,1363,4011,2288,53.70540619
2015-11-06T17:00+02:00,1367,4117,2724,60.22826648
2015-11-06T18:00+02:00,1405,4167,3073,62.10731664
2015-11-06T19:00+02:00,1410,4091,3037,60.76641927
2015-11-06T20:00+02:00,1410,4072,2539,59.16317241
2015-11-06T21:00+02:00,1413,3995,2383,56.61591587
2015-11-06T22:00+02:00,1414,3896,2078,50.11772092
2015-11-06T23:00+02:00,1415,3934,1532,51.41152992
2015-11-07T00:00+02:00,1415,3851,1416,44.14422495
2015-11-07T01:00+02:00,1415,3547,1187,38.11691369
2015-11-07T02:00+02:00,1415,3515,1162,37.35228827
2015-11-07T03:00+02:00,1416,3513,1144,35.88806422
2015-11-07T04:00+02:00,1416,3491,1123,34.1749445
2015-11-07T05:00+02:00,1416,3499,1170,35.50463036
2015-11-07T06:00+02:00,1416,3489,1263,37.28277687
2015-11-07T07:00+02:00,1416,3695,1462,44.28997466
2015-11-07T08:00+02:00,1416,3933,1772,50.22759378
2015-11-07T09:00+02:00,1416,3990,1951,52.46989708
2015-11-07T10:00+02:00,1416,4014,2097,51.41377223
2015-11-07T11:00+02:00,1416,3967,2220,50.33522434
2015-11-07T12:00+02:00,1416,3864,2331,49.84640222
2015-11-07T13:00+02:00,1416,3869,2255,47.98529049
2015-11-07T14:00+02:00,1415,3669,2095,42.37953226
2015-11-07T15:00+02:00,1415,3724,1938,42.37953226
2015-11-07T16:00+02:00,1416,3898,1891,46.86413884
2015-11-07T17:00+02:00,1415,4003,2389,59.7708366
2015-11-07T18:00+02:00,1415,4044,2599,60.75969236
2015-11-07T19:00+02:00,1415,3998,2480,59.39188735
2015-11-07T20:00+02:00,1415,3986,2389,58.5420544
2015-11-07T21:00+02:00,1415,3993,2084,55.60912169
2015-11-07T22:00+02:00,1415,3834,1847,50.22759378
2015-11-07T23:00+02:00,1415,3814,1510,42.37953226
2015-11-08T00:00+02:00,1414,3600,1439,37.44646501
2015-11-08T01:00+02:00,1415,3413,1317,33.9036258
2015-11-08T02:00+02:00,1415,3210,1156,33.41031908
2015-11-08T03:00+02:00,1415,3164,1002,27.97049129
2015-11-08T04:00+02:00,1413,3085,964,26.6834092
2015-11-08T05:00+02:00,1415,3184,952,26.6834092
2015-11-08T06:00+02:00,1415,3218,1012,27.01527009
2015-11-08T07:00+02:00,1414,3221,1214,33.41031908
2015-11-08T08:00+02:00,1414,3466,1498,34.96647757
2015-11-08T09:00+02:00,1415,3448,1646,36.74686638
2015-11-08T10:00+02:00,1415,3417,1732,36.98006592
2015-11-08T11:00+02:00,1415,3485,1734,37.00697356
2015-11-08T12:00+02:00,1414,3525,1814,36.74462408
2015-11-08T13:00+02:00,1414,3539,1742,34.95526605
2015-11-08T14:00+02:00,1414,3387,1629,33.41031908
2015-11-08T15:00+02:00,1415,3457,1642,34.00452945
2015-11-08T16:00+02:00,1415,3488,1725,36.93746216
2015-11-08T17:00+02:00,1415,3712,2237,48.86427338
2015-11-08T18:00+02:00,1416,3663,2663,52.46989708
2015-11-08T19:00+02:00,1416,3729,2891,51.44516447
2015-11-08T20:00+02:00,1416,3661,2959,46.86413884
2015-11-08T21:00+02:00,1416,3563,3011,42.37953226
2015-11-08T22:00+02:00,1416,3287,2795,31.61647644
2015-11-08T23:00+02:00,1416,3141,2592,26.6834092
2015-11-09T00:00+02:00,1416,3004,2369,21.16510079
2015-11-09T01:00+02:00,1416,2992,2102,17.96820699
2015-11-09T02:00+02:00,1416,2994,2042,16.97047151
2015-11-09T03:00+02:00,1416,2964,2026,14.97275846
2015-11-09T04:00+02:00,1416,2942,2133,11.97955203
2015-11-09T05:00+02:00,1416,3106,2186,13.83825475
2015-11-09T06:00+02:00,1416,3300,2381,26.68101612
2015-11-09T07:00+02:00,1416,3885,3327,39.7345351
2015-11-09T08:00+02:00,1414,4220,3368,51.11320374
2015-11-09T09:00+02:00,1367,4274,3438,51.50332952
2015-11-09T10:00+02:00,1327,4202,3536,40.35783951
2015-11-09T11:00+02:00,1350,4063,3561,34.07995336
2015-11-09T12:00+02:00,1368,3845,3596,33.40732271
2015-11-09T13:00+02:00,1368,3845,3596,31.61364095
2015-11-09T14:00+02:00,1350,4191,3438,33.40732271
2015-11-09T15:00+02:00,1342,4574,2962,34.07995336
2015-11-09T16:00+02:00,1305,4687,3024,37.77942199
2015-11-09T17:00+02:00,1307,4811,3340,51.46969799
2015-11-09T18:00+02:00,1387,4796,3464,58.51886729
2015-11-09T19:00+02:00,1391,4752,3053,54.92029327
2015-11-09T20:00+02:00,1391,4728,2870,51.4831506
2015-11-09T21:00+02:00,1394,4679,2633,51.08181431
2015-11-09T22:00+02:00,1394,4423,2197,35.02612049
2015-11-09T23:00+02:00,1398,4418,1570,42.37573149
2015-11-10T00:00+02:00,1402,4425,1177,39.78834555
2015-11-10T01:00+02:00,1402,4222,1037,36.07634825
2015-11-10T02:00+02:00,1403,4033,778,33.53740884
2015-11-10T03:00+02:00,1407,3847,740,29.45664896
2015-11-10T04:00+02:00,1406,3862,762,29.44764563
2015-11-10T05:00+02:00,1407,4089,856,31.70523094
2015-11-10T06:00+02:00,1406,4353,1416,36.55577564
2015-11-10T07:00+02:00,1403,4814,2234,47.65688305
2015-11-10T08:00+02:00,1403,4701,2353,54.8775547
2015-11-10T09:00+02:00,1399,4910,2446,56.30683353
2015-11-10T10:00+02:00,1387,4937,2334,53.79490411
2015-11-10T11:00+02:00,1387,4923,2380,52.12478617
2015-11-10T12:00+02:00,1387,4969,2395,52.55469524
2015-11-10T13:00+02:00,1393,4908,2378,51.54407131
2015-11-10T14:00+02:00,1399,4873,2543,50.4186549
2015-11-10T15:00+02:00,1399,4816,2771,47.04240569
2015-11-10T16:00+02:00,1401,4670,3102,47.04240569
2015-11-10T17:00+02:00,1405,4811,3536,47.04240569
2015-11-10T18:00+02:00,1406,4724,3647,47.04240569
2015-11-10T19:00+02:00,1406,4616,3633,42.54074007
2015-11-10T20:00+02:00,1405,4467,3547,34.21265868
2015-11-10T21:00+02:00,1405,4119,3547,33.53740884
2015-11-10T22:00+02:00,1406,3927,3080,25.39839741
2015-11-10T23:00+02:00,1406,4028,2579,29.35761232
2015-11-11T00:00+02:00,1406,3828,2448,24.53407761
2015-11-11T01:00+02:00,1406,3544,2452,29.29709508
2015-11-11T02:00+02:00,1406,3330,2473,26.81811011
2015-11-11T03:00+02:00,1406,3310,2473,20.69501724
2015-11-11T04:00+02:00,1407,3399,2432,20.60036509
2015-11-11T05:00+02:00,1407,3358,2502,26.81811011
2015-11-11T06:00+02:00,1406,3717,2845,33.57897821
2015-11-11T07:00+02:00,1405,4107,3391,34.25506502
2015-11-11T08:00+02:00,1405,4363,3323,39.43839722
2015-11-11T09:00+02:00,1405,4311,3361,34.25506502
2015-11-11T10:00+02:00,1390,4138,3401,34.25506502
2015-11-11T11:00+02:00,1366,4163,3289,34.25506502
2015-11-11T12:00+02:00,1379,4060,3370,33.57897821
2015-11-11T13:00+02:00,1376,3806,3698,34.25506502
2015-11-11T14:00+02:00,1387,3690,3716,34.25506502
2015-11-11T15:00+02:00,1376,3830,3608,34.25506502
2015-11-11T16:00+02:00,1376,4199,3368,42.593469
2015-11-11T17:00+02:00,1396,4593,3712,53.86158249
2015-11-11T18:00+02:00,1400,4550,3946,56.11520519
2015-11-11T19:00+02:00,1400,4557,3782,57.41779911
2015-11-11T20:00+02:00,1399,4571,3648,58.59419016
2015-11-11T21:00+02:00,1398,4550,3229,51.83332207
2015-11-11T22:00+02:00,1399,4412,2566,42.593469
2015-11-11T23:00+02:00,1399,4494,2013,45.2640119
2015-11-12T00:00+02:00,1403,4271,1761,41.27735335
2015-11-12T01:00+02:00,1405,4300,1359,34.24040368
2015-11-12T02:00+02:00,1404,4066,1246,33.56460624
2015-11-12T03:00+02:00,1405,3785,1149,31.21283114
2015-11-12T04:00+02:00,1405,3736,1168,28.15146873
2015-11-12T05:00+02:00,1405,3806,1292,31.46963417
2015-11-12T06:00+02:00,1405,4302,1731,35.14371959
2015-11-12T07:00+02:00,1404,4494,2298,42.57523878
2015-11-12T08:00+02:00,1403,4770,2349,51.27275185
2015-11-12T09:00+02:00,1371,4652,2297,42.57523878
2015-11-12T10:00+02:00,1353,4552,2366,42.95819066
2015-11-12T11:00+02:00,1342,4460,2328,42.57523878
2015-11-12T12:00+02:00,1356,4362,2257,42.57523878
2015-11-12T13:00+02:00,1382,4610,2159,42.57523878
2015-11-12T14:00+02:00,1361,4648,2120,45.68390701
2015-11-12T15:00+02:00,1340,4754,2051,44.08451973
2015-11-12T16:00+02:00,1350,4697,2301,50.45954226
2015-11-12T17:00+02:00,1353,4925,2631,57.47206704
2015-11-12T18:00+02:00,1390,4939,2867,55.86592179
2015-11-12T19:00+02:00,1397,4866,2887,42.57523878
2015-11-12T20:00+02:00,1396,4692,2813,34.24040368
2015-11-12T21:00+02:00,1396,4388,2799,31.53721391
2015-11-12T22:00+02:00,1397,3868,2702,20.27392323
2015-11-12T23:00+02:00,1399,4024,2222,29.28455578
2015-11-13T00:00+02:00,1398,4099,2124,29.05928996
2015-11-13T01:00+02:00,1406,3791,2018,31.61817691
2015-11-13T02:00+02:00,1411,3741,1913,30.13871375
2015-11-13T03:00+02:00,1411,3552,1763,28.01747433
2015-11-13T04:00+02:00,1411,3634,1595,27.420735
2015-11-13T05:00+02:00,1410,3619,1540,28.2967033
2015-11-13T06:00+02:00,1410,3801,2197,34.22806701
2015-11-13T07:00+02:00,1410,4003,2743,42.55989912
2015-11-13T08:00+02:00,1399,4578,2770,55.84579355
2015-11-13T09:00+02:00,1357,4702,2644,51.53575932
2015-11-13T10:00+02:00,1351,4600,2590,46.12457215
2015-11-13T11:00+02:00,1334,4534,2412,42.55989912
2015-11-13T12:00+02:00,1334,4544,2441,42.55989912
2015-11-13T13:00+02:00,1353,4607,2415,42.55989912
2015-11-13T14:00+02:00,1372,4686,2243,48.70969195
2015-11-13T15:00+02:00,1375,4813,2186,58.09764006
2015-11-13T16:00+02:00,1372,4761,2064,56.76229508
2015-11-13T17:00+02:00,1382,5021,2563,61.95730499
2015-11-13T18:00+02:00,1397,5006,2764,62.60133309
2015-11-13T19:00+02:00,1396,4878,2609,60.03422807
2015-11-13T20:00+02:00,1396,4790,2511,55.04638804
2015-11-13T21:00+02:00,1396,4590,2596,42.55989912
2015-11-13T22:00+02:00,1397,4353,2363,33.55251306
2015-11-13T23:00+02:00,1401,4345,2163,33.55251306
2015-11-14T00:00+02:00,1402,3840,2123,24.7725635
2015-11-14T01:00+02:00,1405,3728,2364,34.22806701
2015-11-14T02:00+02:00,1406,3347,2355,31.55737705
2015-11-14T03:00+02:00,1406,3061,2384,22.51846514
2015-11-14T04:00+02:00,1406,3019,2505,20.68321023
2015-11-14T05:00+02:00,1406,3123,2452,21.39479373
2015-11-14T06:00+02:00,1407,3178,2608,20.8948838
2015-11-14T07:00+02:00,1406,3505,2639,33.06611421
2015-11-14T08:00+02:00,1405,3762,3070,37.77697712
2015-11-14T09:00+02:00,1404,4145,2694,41.88434516
2015-11-14T10:00+02:00,1404,4294,2490,42.55989912
2015-11-14T11:00+02:00,1403,4200,2400,40.53323725
2015-11-14T12:00+02:00,1404,4163,2364,34.22806701
2015-11-14T13:00+02:00,1404,4090,2580,34.22806701
2015-11-14T14:00+02:00,1404,3833,2763,34.22806701
2015-11-14T15:00+02:00,1404,3910,2722,34.22806701
2015-11-14T16:00+02:00,1404,3831,3080,34.22806701
2015-11-14T17:00+02:00,1405,4145,3483,42.55989912
2015-11-14T18:00+02:00,1405,4179,3569,42.55989912
2015-11-14T19:00+02:00,1405,3920,3782,37.60583679
2015-11-14T20:00+02:00,1405,3640,3896,38.28139074
2015-11-14T21:00+02:00,1404,3621,3561,34.22806701
2015-11-14T22:00+02:00,1404,3670,3033,34.22806701
2015-11-14T23:00+02:00,1403,3859,2361,33.55251306
2015-11-15T00:00+02:00,1404,3849,1923,33.55251306
2015-11-15T01:00+02:00,1404,3749,1542,33.55251306
2015-11-15T02:00+02:00,1403,3604,1336,31.52359935
2015-11-15T03:00+02:00,1404,3463,1121,26.79697352
2015-11-15T04:00+02:00,1403,3373,1029,20.00090074
2015-11-15T05:00+02:00,1404,3350,1111,24.01143938
2015-11-15T06:00+02:00,1404,3424,1187,26.79697352
2015-11-15T07:00+02:00,1405,3472,1371,26.79697352
2015-11-15T08:00+02:00,1405,3751,1725,34.22806701
2015-11-15T09:00+02:00,1405,3746,2140,38.84435237
2015-11-15T10:00+02:00,1405,3715,2108,34.22806701
2015-11-15T11:00+02:00,1405,3710,2111,34.22806701
2015-11-15T12:00+02:00,1405,3716,2130,34.22806701
2015-11-15T13:00+02:00,1405,3737,2191,34.22806701
2015-11-15T14:00+02:00,1405,3815,2157,39.80363898
2015-11-15T15:00+02:00,1406,3836,2062,40.53323725
2015-11-15T16:00+02:00,1409,3959,2173,43.70608899
2015-11-15T17:00+02:00,1409,4240,2436,54.0037831
2015-11-15T18:00+02:00,1408,4404,2391,57.66303369
2015-11-15T19:00+02:00,1408,4508,2388,56.00567465
2015-11-15T20:00+02:00,1407,4366,2487,53.00396325
2015-11-15T21:00+02:00,1408,3930,2735,47.06359215
2015-11-15T22:00+02:00,1407,3635,2568,34.22806701
2015-11-15T23:00+02:00,1407,3523,2252,33.55251306
2015-11-16T00:00+02:00,1408,3295,1931,20.05044136
2015-11-16T01:00+02:00,1408,3231,1842,22.00923527
2015-11-16T02:00+02:00,1406,3217,1899,22.21871832
2015-11-16T03:00+02:00,1406,3300,1829,18.95934227
2015-11-16T04:00+02:00,1406,3323,1914,15.72699628
2015-11-16T05:00+02:00,1406,3346,2140,17.72722153
2015-11-16T06:00+02:00,1406,3447,2710,22.40792882
2015-11-16T07:00+02:00,1406,3737,3466,26.80482036
2015-11-16T08:00+02:00,1406,3920,3640,31.76033337
2015-11-16T09:00+02:00,1388,4127,3486,33.5623381
2015-11-16T10:00+02:00,1363,4145,3433,31.76033337
2015-11-16T11:00+02:00,1368,4024,3430,27.25532155
2015-11-16T12:00+02:00,1372,3765,3580,26.57956977
2015-11-16T13:00+02:00,1382,3911,3549,26.80482036
2015-11-16T14:00+02:00,1371,3630,3919,27.03007095
2015-11-16T15:00+02:00,1371,3566,3949,26.80482036
2015-11-16T16:00+02:00,1360,3763,3953,26.80482036
2015-11-16T17:00+02:00,1354,3991,4235,32.28516725
2015-11-16T18:00+02:00,1390,4009,4120,29.50782746
2015-11-16T19:00+02:00,1396,3992,4010,27.25532155
2015-11-16T20:00+02:00,1395,4065,3761,29.28257687
2015-11-16T21:00+02:00,1394,4274,3117,27.25532155
2015-11-16T22:00+02:00,1396,4229,2599,26.80482036
2015-11-16T23:00+02:00,1396,4317,2113,34.23808987
2015-11-17T00:00+02:00,1396,4483,1316,33.5623381
2015-11-17T01:00+02:00,1396,4232,1321,34.26660059
2015-11-17T02:00+02:00,1407,4119,857,34.0098207
2015-11-17T03:00+02:00,1407,3989,754,33.56158212
2015-11-17T04:00+02:00,1407,3934,739,33.56158212
2015-11-17T05:00+02:00,1407,4124,1019,34.23731868
2015-11-17T06:00+02:00,1407,4228,1331,41.59158483
2015-11-17T07:00+02:00,1407,4700,1972,50.11712767
2015-11-17T08:00+02:00,1408,4705,2370,61.04153527
2015-11-17T09:00+02:00,1383,4600,2456,56.34741869
2015-11-17T10:00+02:00,1378,4573,2531,51.53617443
2015-11-17T11:00+02:00,1360,4587,2624,51.55419407
2015-11-17T12:00+02:00,1360,4450,2682,42.57140283
2015-11-17T13:00+02:00,1327,4524,2792,47.07631318
2015-11-17T14:00+02:00,1311,4477,2836,44.60762231
2015-11-17T15:00+02:00,1337,4547,2775,43.92287593
2015-11-17T16:00+02:00,1387,4613,2830,47.07631318
2015-11-17T17:00+02:00,1388,4693,3308,53.83367871
2015-11-17T18:00+02:00,1396,4559,3491,54.16929453
2015-11-17T19:00+02:00,1397,4506,3438,47.07631318
2015-11-17T20:00+02:00,1396,4383,3367,42.57140283
2015-11-17T21:00+02:00,1401,4238,3141,34.23731868
2015-11-17T22:00+02:00,1405,4205,2571,33.56158212
2015-11-17T23:00+02:00,1405,4372,1955,34.23731868
2015-11-18T00:00+02:00,1405,4136,1733,32.9849536
2015-11-18T01:00+02:00,1405,4057,1894,34.19495624
2015-11-18T02:00+02:00,1405,4019,1547,33.52005579
2015-11-18T03:00+02:00,1407,3794,1493,29.59213516
2015-11-18T04:00+02:00,1409,3581,1592,29.57863715
2015-11-18T05:00+02:00,1409,3674,1699,32.79566264
2015-11-18T06:00+02:00,1409,4060,2071,39.1104812
2015-11-18T07:00+02:00,1408,4351,2876,47.40500776
2015-11-18T08:00+02:00,1407,4490,2935,55.79177071
2015-11-18T09:00+02:00,1407,4604,2890,51.46115948
2015-11-18T10:00+02:00,1406,4677,2820,47.01806484
2015-11-18T11:00+02:00,1406,4663,2815,47.01806484
2015-11-18T12:00+02:00,1406,4642,2713,42.51872849
2015-11-18T13:00+02:00,1406,4707,2818,47.01806484
2015-11-18T14:00+02:00,1405,4673,2851,49.49269983
2015-11-18T15:00+02:00,1404,4662,2865,47.01806484
2015-11-18T16:00+02:00,1403,4573,3109,47.01806484
2015-11-18T17:00+02:00,1404,4760,3593,56.46667117
2015-11-18T18:00+02:00,1405,4741,3768,50.84250073
2015-11-18T19:00+02:00,1404,4631,3686,42.51872849
2015-11-18T20:00+02:00,1402,4689,3490,34.19495624
2015-11-18T21:00+02:00,1402,4661,3256,33.74502261
2015-11-18T22:00+02:00,1404,4075,3108,26.77105127
2015-11-18T23:00+02:00,1405,4158,2520,30.08481249
2015-11-19T00:00+02:00,1406,4170,2214,29.63487886
2015-11-19T01:00+02:00,1408,3737,2117,29.72157145
2015-11-19T02:00+02:00,1409,3665,1968,26.80663183
2015-11-19T03:00+02:00,1409,3458,1823,12.84240404
2015-11-19T04:00+02:00,1409,3562,1665,11.26329068
2015-11-19T05:00+02:00,1408,3896,1400,22.09181835
2015-11-19T06:00+02:00,1408,4322,1787,34.24040368
2015-11-19T07:00+02:00,1408,4490,2620,45.334745
2015-11-19T08:00+02:00,1402,4621,2507,48.55604613
2015-11-19T09:00+02:00,1366,4707,2399,47.3688953
2015-11-19T10:00+02:00,1374,4610,2380,47.08055505
2015-11-19T11:00+02:00,1357,4708,2423,52.16705713
2015-11-19T12:00+02:00,1354,4627,2446,47.27878897
2015-11-19T13:00+02:00,1356,4667,2532,52.7122004
2015-11-19T14:00+02:00,1352,4692,2525,48.58758335
2015-11-19T15:00+02:00,1358,4726,2550,47.08055505
2015-11-19T16:00+02:00,1346,4750,2693,45.19958551
2015-11-19T17:00+02:00,1386,4769,3211,47.08055505
2015-11-19T18:00+02:00,1393,4646,3385,42.57523878
2015-11-19T19:00+02:00,1393,4605,3355,41.00738872
2015-11-19T20:00+02:00,1396,4533,3359,34.24040368
2015-11-19T21:00+02:00,1396,4410,3106,34.24040368
2015-11-19T22:00+02:00,1397,4313,2651,33.56460624
2015-11-19T23:00+02:00,1397,4403,2115,33.78987205
2015-11-20T00:00+02:00,1396,4352,1828,29.64498108
2015-11-20T01:00+02:00,1400,3984,1598,31.6875295
2015-11-20T02:00+02:00,1404,3581,1496,23.98588669
2015-11-20T03:00+02:00,1404,3595,1405,21.37447468
2015-11-20T04:00+02:00,1404,3690,1350,21.41043216
2015-11-20T05:00+02:00,1404,3746,1410,23.21055352
2015-11-20T06:00+02:00,1404,4089,1647,32.55725105
2015-11-20T07:00+02:00,1404,4318,2745,42.47477358
2015-11-20T08:00+02:00,1383,4347,3092,51.47762771
2015-11-20T09:00+02:00,1353,4165,3211,42.94896285
2015-11-20T10:00+02:00,1356,4000,3471,42.47477358
2015-11-20T11:00+02:00,1345,4005,3616,42.47477358
2015-11-20T12:00+02:00,1340,3885,3648,41.72416118
2015-11-20T13:00+02:00,1325,4032,3605,42.47477358
2015-11-20T14:00+02:00,1329,3825,3625,41.027485
2015-11-20T15:00+02:00,1343,3944,3577,40.90837585
2015-11-20T16:00+02:00,1378,4108,3675,42.47477358
2015-11-20T17:00+02:00,1385,4289,4021,47.92457919
2015-11-20T18:00+02:00,1395,4341,4090,52.62601973
2015-11-20T19:00+02:00,1396,4193,4199,51.69561993
2015-11-20T20:00+02:00,1399,4036,4189,46.72899297
2015-11-20T21:00+02:00,1398,3819,4064,38.6542913
2015-11-20T22:00+02:00,1399,3812,3496,33.71013776
2015-11-20T23:00+02:00,1406,3766,3105,33.48540351
2015-11-21T00:00+02:00,1406,3356,2933,31.04703688
2015-11-21T01:00+02:00,1409,3219,2689,29.86268737
2015-11-21T02:00+02:00,1409,3182,2650,28.52327123
2015-11-21T03:00+02:00,1409,3192,2456,24.66008944
2015-11-21T04:00+02:00,1408,3318,2262,23.8914983
2015-11-21T05:00+02:00,1408,3325,2238,24.94999663
2015-11-21T06:00+02:00,1409,3298,2328,25.8736544
2015-11-21T07:00+02:00,1409,3540,2296,28.01761917
2015-11-21T08:00+02:00,1409,3578,2268,33.48540351
2015-11-21T09:00+02:00,1409,3720,2535,34.02251837
2015-11-21T10:00+02:00,1409,3806,2813,40.71285705
2015-11-21T11:00+02:00,1408,3737,2957,40.70611502
2015-11-21T12:00+02:00,1409,3687,3015,40.45216531
2015-11-21T13:00+02:00,1408,3605,3041,37.56882486
2015-11-21T14:00+02:00,1409,3448,3169,36.49459514
2015-11-21T15:00+02:00,1409,3460,3199,35.94174888
2015-11-21T16:00+02:00,1409,3453,3440,37.46769445
2015-11-21T17:00+02:00,1408,3828,3790,47.19419287
2015-11-21T18:00+02:00,1407,3817,3819,50.94500753
2015-11-21T19:00+02:00,1407,3850,3737,47.87963233
2015-11-21T20:00+02:00,1407,3744,3652,42.47477358
2015-11-21T21:00+02:00,1397,3662,3488,34.15960627
2015-11-21T22:00+02:00,1401,3446,3190,27.19284446
2015-11-21T23:00+02:00,1409,3135,3108,4.494685035
2015-11-22T00:00+02:00,1409,2958,3045,0.224734252
2015-11-22T01:00+02:00,1409,2952,2794,1.123671259
2015-11-22T02:00+02:00,1409,2899,2749,2.247342517
2015-11-22T03:00+02:00,1410,2801,2792,2.247342517
2015-11-22T04:00+02:00,1410,2828,2750,1.123671259
2015-11-22T05:00+02:00,1410,2875,2800,2.247342517
2015-11-22T06:00+02:00,1410,2790,3043,1.123671259
2015-11-22T07:00+02:00,1409,2802,3197,2.247342517
2015-11-22T08:00+02:00,1409,2854,3362,2.247342517
2015-11-22T09:00+02:00,1409,2894,3384,2.247342517
2015-11-22T10:00+02:00,1408,2920,3337,1.573139762
2015-11-22T11:00+02:00,1408,2900,3397,1.573139762
2015-11-22T12:00+02:00,1408,3038,3270,1.236038385
2015-11-22T13:00+02:00,1407,3382,2870,2.247342517
2015-11-22T14:00+02:00,1407,3549,2623,2.247342517
2015-11-22T15:00+02:00,1408,3544,2711,6.966761804
2015-11-22T16:00+02:00,1408,3556,3017,26.46470549
2015-11-22T17:00+02:00,1408,3572,3401,33.48540351
2015-11-22T18:00+02:00,1408,3686,3417,41.96912151
2015-11-22T19:00+02:00,1408,3703,3342,42.47477358
2015-11-22T20:00+02:00,1407,3577,3117,42.47477358
2015-11-22T21:00+02:00,1407,3648,2508,41.13535744
2015-11-22T22:00+02:00,1408,3739,1949,34.15960627
2015-11-22T23:00+02:00,1408,3348,1734,33.26741129
2015-11-23T00:00+02:00,1408,3240,1748,27.21307054
2015-11-23T01:00+02:00,1408,3172,1293,25.86168157
2015-11-23T02:00+02:00,1408,3177,1151,24.86855705
2015-11-23T03:00+02:00,1408,3215,1024,23.96306116
2015-11-23T04:00+02:00,1408,3385,876,23.96306116
2015-11-23T05:00+02:00,1408,3495,879,25.03257988
2015-11-23T06:00+02:00,1408,3539,1148,30.55093695
2015-11-23T07:00+02:00,1408,3906,2172,40.63946434
2015-11-23T08:00+02:00,1408,4399,2266,51.92782996
2015-11-23T09:00+02:00,1363,4620,2363,53.91857278
2015-11-23T10:00+02:00,1371,4701,2310,52.24688806
2015-11-23T11:00+02:00,1340,4772,2305,49.98427178
2015-11-23T12:00+02:00,1348,4756,2297,50.00449378
2015-11-23T13:00+02:00,1376,4795,2123,48.6271514
2015-11-23T14:00+02:00,1366,4735,2134,48.80690244
2015-11-23T15:00+02:00,1373,4779,2107,50.7527075
2015-11-23T16:00+02:00,1363,4739,2221,52.91870759
2015-11-23T17:00+02:00,1369,4903,2481,56.90918078
2015-11-23T18:00+02:00,1395,4846,3268,63.36224329
2015-11-23T19:00+02:00,1396,4835,2959,61.76021211
2015-11-23T20:00+02:00,1397,4776,2581,56.94513099
2015-11-23T21:00+02:00,1399,4804,2295,46.86783804
2015-11-23T22:00+02:00,1400,4555,2078,39.96315104
2015-11-23T23:00+02:00,1400,4471,1596,36.90513639
2015-11-24T00:00+02:00,1400,4217,1169,33.02251382
2015-11-24T01:00+02:00,1402,4121,1128,34.15269851
2015-11-24T02:00+02:00,1403,3843,1105,30.24760706
2015-11-24T03:00+02:00,1404,3671,1186,27.89736215
2015-11-24T04:00+02:00,1404,3559,1299,26.96265672
2015-11-24T05:00+02:00,1404,3632,1451,29.62297218
2015-11-24T06:00+02:00,1404,3918,1928,35.94571518
2015-11-24T07:00+02:00,1404,3928,2847,39.42165101
2015-11-24T08:00+02:00,1403,4461,3028,46.86559116
2015-11-24T09:00+02:00,1403,4637,3119,43.89071136
2015-11-24T10:00+02:00,1401,4453,3233,41.56742911
2015-11-24T11:00+02:00,1380,4551,3202,39.60589583
2015-11-24T12:00+02:00,1386,4294,3530,39.42165101
2015-11-24T13:00+02:00,1388,4109,3561,41.59663866
2015-11-24T14:00+02:00,1388,4276,3516,42.46618433
2015-11-24T15:00+02:00,1386,4507,3297,45.92863884
2015-11-24T16:00+02:00,1386,4700,3203,46.99815755
2015-11-24T17:00+02:00,1397,4761,3493,56.8867119
2015-11-24T18:00+02:00,1400,4724,3401,54.37469105
2015-11-24T19:00+02:00,1400,4543,3360,44.93326742
2015-11-24T20:00+02:00,1400,4254,3307,41.98085651
2015-11-24T21:00+02:00,1399,4252,3048,35.91875253
2015-11-24T22:00+02:00,1401,4196,2464,32.79782501
2015-11-24T23:00+02:00,1402,4420,1860,33.47863209
2015-11-25T00:00+02:00,1402,4300,1837,29.65218173
2015-11-25T01:00+02:00,1402,3724,1618,33.5170397
2015-11-25T02:00+02:00,1403,3606,1449,29.46800135
2015-11-25T03:00+02:00,1403,3453,1287,28.63120009
2015-11-25T04:00+02:00,1404,3559,1223,27.74491058
2015-11-25T05:00+02:00,1406,3668,1226,29.29479249
2015-11-25T06:00+02:00,1406,4166,1472,34.03216736
2015-11-25T07:00+02:00,1405,4335,2385,39.11595996
2015-11-25T08:00+02:00,1405,4812,2748,50.32729727
2015-11-25T09:00+02:00,1365,5055,2937,52.75447081
2015-11-25T10:00+02:00,1284,5068,2995,53.64525925
2015-11-25T11:00+02:00,1341,4984,3138,52.63524913
2015-11-25T12:00+02:00,1355,4772,3263,42.51490271
2015-11-25T13:00+02:00,1368,4437,3770,47.01383421
2015-11-25T14:00+02:00,1380,4243,3792,42.51490271
2015-11-25T15:00+02:00,1385,4267,3694,42.51490271
2015-11-25T16:00+02:00,1361,4387,3768,42.51490271
2015-11-25T17:00+02:00,1360,4769,3756,42.51490271
2015-11-25T18:00+02:00,1389,4761,3633,42.51490271
2015-11-25T19:00+02:00,1392,4531,3651,34.19187943
2015-11-25T20:00+02:00,1392,4379,3481,33.5170397
2015-11-25T21:00+02:00,1391,4197,3382,26.76864245
2015-11-25T22:00+02:00,1393,3879,3116,11.24732876
2015-11-25T23:00+02:00,1396,3853,2683,20.24744123
2015-11-26T00:00+02:00,1396,3878,2546,4.049038353
2015-11-26T01:00+02:00,1402,3677,2636,31.98190086
2015-11-26T02:00+02:00,1405,3775,2561,29.4898924
2015-11-26T03:00+02:00,1406,3683,2577,29.03966503
2015-11-26T04:00+02:00,1406,3652,2697,26.78852821
2015-11-26T05:00+02:00,1406,3667,2902,26.78852821
2015-11-26T06:00+02:00,1407,3815,3413,30.31831075
2015-11-26T07:00+02:00,1406,3869,4175,29.4898924
2015-11-26T08:00+02:00,1394,4011,4426,33.54193868
2015-11-26T09:00+02:00,1355,4772,3263,42.54648598
2015-11-26T10:00+02:00,1368,4476,4277,35.94390167
2015-11-26T11:00+02:00,1362,4234,4499,34.21727973
2015-11-26T12:00+02:00,1364,4273,4262,33.54193868
2015-11-26T13:00+02:00,1378,4370,4153,33.76705236
2015-11-26T14:00+02:00,1384,4267,4195,33.54193868
2015-11-26T15:00+02:00,1385,4343,4101,33.54193868
2015-11-26T16:00+02:00,1358,4464,4131,34.21727973
2015-11-26T17:00+02:00,1356,4829,4169,45.02273648
2015-11-26T18:00+02:00,1402,4713,3996,46.37341858
2015-11-26T19:00+02:00,1405,4782,3673,47.27387331
2015-11-26T20:00+02:00,1405,4778,3591,53.8021701
2015-11-26T21:00+02:00,1405,4596,3380,47.04875962
2015-11-26T22:00+02:00,1405,4190,3169,39.51645581
2015-11-26T23:00+02:00,1405,3994,2469,39.07748413
2015-11-27T00:00+02:00,1406,3838,2364,33.54193868
2015-11-27T01:00+02:00,1407,3682,2269,34.43922819
2015-11-27T02:00+02:00,1413,3637,2222,33.46885599
2015-11-27T03:00+02:00,1414,3601,2161,32.04699117
2015-11-27T04:00+02:00,1415,3719,2038,30.26797547
2015-11-27T05:00+02:00,1415,3771,2087,31.24508637
2015-11-27T06:00+02:00,1414,3688,2515,33.26220266
2015-11-27T07:00+02:00,1414,3771,3394,37.49410364
2015-11-27T08:00+02:00,1414,4214,3621,51.71050563
2015-11-27T09:00+02:00,1411,4316,3595,52.70783261
2015-11-27T10:00+02:00,1394,4410,3529,49.06444439
2015-11-27T11:00+02:00,1393,4354,3611,47.21804173
2015-11-27T12:00+02:00,1345,4288,3684,46.22071475
2015-11-27T13:00+02:00,1360,4131,3639,41.16444664
2015-11-27T14:00+02:00,1385,4106,3782,39.9312653
2015-11-27T15:00+02:00,1390,4016,4016,39.64150138
2015-11-27T16:00+02:00,1396,4156,4183,42.45378378
2015-11-27T17:00+02:00,1395,4257,4294,44.92463892
2015-11-27T18:00+02:00,1394,4203,4287,44.47539253
2015-11-27T19:00+02:00,1395,3975,4425,42.22916058
2015-11-27T20:00+02:00,1402,3795,4433,33.46885599
2015-11-27T21:00+02:00,1403,3680,4157,25.86536086
2015-11-27T22:00+02:00,1404,3582,3771,20.8899571
2015-11-27T23:00+02:00,1407,3657,3226,26.73016016
2015-11-28T00:00+02:00,1409,3435,3120,11.23115973
2015-11-28T01:00+02:00,1410,3141,3225,2.246231946
2015-11-28T02:00+02:00,1410,3037,3226,1.123115973
2015-11-28T03:00+02:00,1410,3005,3215,0.898492778
2015-11-28T04:00+02:00,1410,3014,3222,1.123115973
2015-11-28T05:00+02:00,1410,3024,3312,1.572362362
2015-11-28T06:00+02:00,1410,3082,3430,5.39095667
2015-11-28T07:00+02:00,1410,3333,3408,26.73016016
2015-11-28T08:00+02:00,1409,3830,3375,33.69347919
2015-11-28T09:00+02:00,1410,4089,3397,39.98292864
2015-11-28T10:00+02:00,1411,4167,3449,43.52299018
2015-11-28T11:00+02:00,1410,4199,3368,44.59444282
2015-11-28T12:00+02:00,1411,4121,3334,50.76484198
2015-11-28T13:00+02:00,1410,4064,3219,51.43871156
2015-11-28T14:00+02:00,1410,4070,3009,48.76120308
2015-11-28T15:00+02:00,1410,4140,2868,45.86356387
2015-11-28T16:00+02:00,1411,4195,3149,50.76484198
2015-11-28T17:00+02:00,1411,4214,3645,58.40203059
2015-11-28T18:00+02:00,1411,4079,3949,57.82250275
2015-11-28T19:00+02:00,1411,3840,4024,51.43871156
2015-11-28T20:00+02:00,1411,3630,4067,46.94624767
2015-11-28T21:00+02:00,1411,3443,4004,42.45378378
2015-11-28T22:00+02:00,1411,3249,3769,33.46885599
2015-11-28T23:00+02:00,1411,3008,3635,4.717087086
2015-11-29T00:00+02:00,1411,3106,3100,0.224623195
2015-11-29T01:00+02:00,1411,2823,3060,6.680293807
2015-11-29T02:00+02:00,1411,2683,3059,1.044497855
2015-11-29T03:00+02:00,1413,2524,3162,0.224623195
2015-11-29T04:00+02:00,1414,2491,2828,0.224623195
2015-11-29T05:00+02:00,1413,2491,2688,0.224623195
2015-11-29T06:00+02:00,1413,2663,3001,4.885554482
2015-11-29T07:00+02:00,1414,2651,3052,9.155641412
2015-11-29T08:00+02:00,1414,2868,3158,15.68319145
2015-11-29T09:00+02:00,1414,3209,3260,20.21608751
2015-11-29T10:00+02:00,1414,3358,3154,11.23115973
2015-11-29T11:00+02:00,1413,3408,3142,15.27437723
2015-11-29T12:00+02:00,1413,3391,3141,20.21608751
2015-11-29T13:00+02:00,1413,3406,3091,22.46231946
2015-11-29T14:00+02:00,1413,3494,2942,26.73016016
2015-11-29T15:00+02:00,1413,3655,2899,33.46885599
2015-11-29T16:00+02:00,1413,3628,3047,43.59711584
2015-11-29T17:00+02:00,1413,3634,3413,55.36961747
2015-11-29T18:00+02:00,1413,3661,3527,60.64826254
2015-11-29T19:00+02:00,1413,3657,3387,58.62665379
2015-11-29T20:00+02:00,1413,3692,3314,58.64462364
2015-11-29T21:00+02:00,1413,3609,3041,49.41710281
2015-11-29T22:00+02:00,1413,3551,2806,44.96057863
2015-11-29T23:00+02:00,1413,3388,2477,33.46885599
2015-11-30T00:00+02:00,1414,3285,2155,17.87776006
2015-11-30T01:00+02:00,1414,3161,2051,17.94607205
2015-11-30T02:00+02:00,1414,3272,1846,11.44959397
2015-11-30T03:00+02:00,1414,3200,1795,6.72977702
2015-11-30T04:00+02:00,1415,2954,1984,4.037866212
2015-11-30T05:00+02:00,1415,3157,2012,17.94607205
2015-11-30T06:00+02:00,1414,3517,2282,37.93799632
2015-11-30T07:00+02:00,1415,3381,2865,25.9769393
2015-11-30T08:00+02:00,1413,3535,3074,28.93804119
2015-11-30T09:00+02:00,1413,3562,3201,29.16236709
2015-11-30T10:00+02:00,1413,3505,3209,26.61851137
2015-11-30T11:00+02:00,1413,3448,3137,22.20826417
2015-11-30T12:00+02:00,1413,3407,3206,11.21629503
2015-11-30T13:00+02:00,1414,3279,3451,4.105163982
2015-11-30T14:00+02:00,1414,3236,3564,2.243259007
2015-11-30T15:00+02:00,1414,3256,3576,2.243259007
2015-11-30T16:00+02:00,1415,3403,3691,3.36488851
2015-11-30T17:00+02:00,1415,3641,3966,22.43483333
2015-11-30T18:00+02:00,1414,3522,4104,20.18933106
2015-11-30T19:00+02:00,1414,3579,3921,15.70505631
2015-11-30T20:00+02:00,1414,3587,3775,14.58118354
2015-11-30T21:00+02:00,1414,3517,3581,14.31199246
2015-11-30T22:00+02:00,1415,3355,3287,5.832473417
2015-11-30T23:00+02:00,1415,3527,2703,22.46623895
2015-12-01T00:00+02:00,1415,3496,2457,29.40463906
2015-12-01T01:00+02:00,1415,3104,2261,26.65054197
2015-12-01T02:00+02:00,1415,2872,2151,26.65054197
2015-12-01T03:00+02:00,1415,2833,1984,23.98100869
2015-12-01T04:00+02:00,1415,2917,1818,26.65054197
2015-12-01T05:00+02:00,1416,3102,1794,33.36916599
2015-12-01T06:00+02:00,1416,3163,2076,39.97357341
2015-12-01T07:00+02:00,1416,3276,2882,42.32733136
2015-12-01T08:00+02:00,1415,3414,3180,44.20182747
2015-12-01T09:00+02:00,1416,3499,3307,43.44710203
2015-12-01T10:00+02:00,1418,3468,3577,44.75275464
2015-12-01T11:00+02:00,1417,3316,3693,42.10337723
2015-12-01T12:00+02:00,1417,3016,3932,31.35357879
2015-12-01T13:00+02:00,1418,2845,4060,26.65054197
2015-12-01T14:00+02:00,1418,2850,4042,20.15587208
2015-12-01T15:00+02:00,1419,2842,4116,19.03610141
2015-12-01T16:00+02:00,1419,2907,4331,20.15587208
2015-12-01T17:00+02:00,1419,3131,4636,33.36916599
2015-12-01T18:00+02:00,1418,3191,4550,33.36916599
2015-12-01T19:00+02:00,1418,3112,4546,29.11403745
2015-12-01T20:00+02:00,1417,3060,4392,26.65054197
2015-12-01T21:00+02:00,1416,2967,4106,23.51518409
2015-12-01T22:00+02:00,1411,3138,3376,21.38761982
2015-12-01T23:00+02:00,1414,3454,2640,33.36916599
2015-12-02T00:00+02:00,1415,3532,2245,29.48580131
2015-12-02T01:00+02:00,1415,3432,2098,22.40544901
2015-12-02T02:00+02:00,1415,3224,2275,20.1649041
2015-12-02T03:00+02:00,1416,3291,2221,12.32299695
2015-12-02T04:00+02:00,1415,3343,2222,11.20496505
2015-12-02T05:00+02:00,1416,3450,2331,13.44550995
2015-12-02T06:00+02:00,1415,3469,2825,32.86655315
2015-12-02T07:00+02:00,1415,3813,3650,42.34629862
2015-12-02T08:00+02:00,1358,3861,3994,54.93143933
2015-12-02T09:00+02:00,1374,3987,3763,51.20317261
2015-12-02T10:00+02:00,1389,3990,3858,49.84988349
2015-12-02T11:00+02:00,1389,4077,3801,42.34629862
2015-12-02T12:00+02:00,1384,3977,3819,40.32980821
2015-12-02T13:00+02:00,1370,3966,3935,42.12224413
2015-12-02T14:00+02:00,1362,4083,3823,42.34629862
2015-12-02T15:00+02:00,1350,4276,3547,45.70711597
2015-12-02T16:00+02:00,1369,4324,3422,49.90589711
2015-12-02T17:00+02:00,1398,4463,3920,59.02267431
2015-12-02T18:00+02:00,1399,4408,3943,58.4782219
2015-12-02T19:00+02:00,1401,4408,3701,55.56551353
2015-12-02T20:00+02:00,1402,4424,3527,54.83061481
2015-12-02T21:00+02:00,1404,4372,3309,49.87452949
2015-12-02T22:00+02:00,1404,4308,2713,42.34629862
2015-12-02T23:00+02:00,1403,4255,2140,42.34629862
2015-12-03T00:00+02:00,1405,4103,1936,42.34629862
2015-12-03T01:00+02:00,1408,3850,1771,29.88425978
2015-12-03T02:00+02:00,1408,3882,1748,28.60149097
2015-12-03T03:00+02:00,1408,3870,1625,27.01202176
2015-12-03T04:00+02:00,1411,3857,1637,27.01202176
2015-12-03T05:00+02:00,1413,3877,1614,28.42463453
2015-12-03T06:00+02:00,1413,4037,1794,33.58033536
2015-12-03T07:00+02:00,1412,4320,2436,42.31122255
2015-12-03T08:00+02:00,1410,4291,2619,52.48382547
2015-12-03T09:00+02:00,1392,4351,2630,53.50914504
2015-12-03T10:00+02:00,1392,4283,2718,53.0905102
2015-12-03T11:00+02:00,1392,4253,2679,49.84217242
2015-12-03T12:00+02:00,1388,4272,2728,49.82426291
2015-12-03T13:00+02:00,1363,4291,2740,48.80342072
2015-12-03T14:00+02:00,1369,4285,2743,49.80411471
2015-12-03T15:00+02:00,1357,4344,2718,49.79963733
2015-12-03T16:00+02:00,1360,4436,2718,51.18538584
2015-12-03T17:00+02:00,1387,4570,3084,55.11428507
2015-12-03T18:00+02:00,1385,4690,3758,62.68329266
2015-12-03T19:00+02:00,1392,4561,3245,57.70220959
2015-12-03T20:00+02:00,1400,4294,2974,50.61004276
2015-12-03T21:00+02:00,1400,4165,2710,42.79925676
2015-12-03T22:00+02:00,1400,3824,2445,39.29570843
2015-12-03T23:00+02:00,1403,3937,1725,43.43056706
2015-12-04T00:00+02:00,1413,3841,1532,42.08735365
2015-12-04T01:00+02:00,1413,3792,1301,37.95872839
2015-12-04T02:00+02:00,1412,3672,1262,33.24037925
2015-12-04T03:00+02:00,1413,3649,1221,27.58059119
2015-12-04T04:00+02:00,1413,3647,1198,26.54768544
2015-12-04T05:00+02:00,1413,3844,1232,34.86893475
2015-12-04T06:00+02:00,1413,4213,1371,42.38706079
2015-12-04T07:00+02:00,1413,4474,2311,51.71221417
2015-12-04T08:00+02:00,1397,4336,2698,60.45733408
2015-12-04T09:00+02:00,1361,4439,2708,59.7880647
2015-12-04T10:00+02:00,1387,4360,2765,60.45733408
2015-12-04T11:00+02:00,1380,4280,2800,60.45733408
2015-12-04T12:00+02:00,1382,4317,2384,55.32626882
2015-12-04T13:00+02:00,1384,4422,2594,60.23424428
2015-12-04T14:00+02:00,1384,4416,2478,59.92191857
2015-12-04T15:00+02:00,1341,4478,2509,60.45733408
2015-12-04T16:00+02:00,1320,4580,2747,60.68042387
2015-12-04T17:00+02:00,1344,4773,3106,62.01896263
2015-12-04T18:00+02:00,1360,4623,2905,59.7880647
2015-12-04T19:00+02:00,1360,4430,2806,55.43781372
2015-12-04T20:00+02:00,1367,4323,2791,52.44617959
2015-12-04T21:00+02:00,1367,4183,2805,50.77523703
2015-12-04T22:00+02:00,1375,3972,2795,42.53430006
2015-12-04T23:00+02:00,1402,3950,2215,44.80758505
2015-12-05T00:00+02:00,1405,3752,2187,38.24651422
2015-12-05T01:00+02:00,1405,3757,2135,35.11210262
2015-12-05T02:00+02:00,1405,3355,2104,32.09146682
2015-12-05T03:00+02:00,1405,3192,2072,21.92972672
2015-12-05T04:00+02:00,1406,3164,2042,19.09648634
2015-12-05T05:00+02:00,1406,3212,2143,24.89682097
2015-12-05T06:00+02:00,1413,3253,2252,28.94143893
2015-12-05T07:00+02:00,1415,3472,2602,38.25543781
2015-12-05T08:00+02:00,1414,3824,2655,49.80033463
2015-12-05T09:00+02:00,1414,4308,2662,49.67540435
2015-12-05T10:00+02:00,1414,4287,2694,51.08756274
2015-12-05T11:00+02:00,1414,4247,2632,48.92136085
2015-12-05T12:00+02:00,1413,4231,2425,44.89012828
2015-12-05T13:00+02:00,1413,4336,2429,49.78694925
2015-12-05T14:00+02:00,1414,4319,2252,48.63357501
2015-12-05T15:00+02:00,1413,4313,2118,48.63357501
2015-12-05T16:00+02:00,1413,4452,2167,52.20301171
2015-12-05T17:00+02:00,1414,4532,2626,56.83212493
2015-12-05T18:00+02:00,1413,4507,2715,56.66480759
2015-12-05T19:00+02:00,1413,4483,2522,54.66369214
2015-12-05T20:00+02:00,1412,4479,2353,51.16787507
2015-12-05T21:00+02:00,1415,4196,2381,48.35248187
2015-12-05T22:00+02:00,1417,3909,2258,41.07083101
2015-12-05T23:00+02:00,1417,3861,1750,38.25097602
2015-12-06T00:00+02:00,1416,3793,1634,33.24037925
2015-12-06T01:00+02:00,1416,3569,1574,33.24037925
2015-12-06T02:00+02:00,1416,3235,1538,35.03402119
2015-12-06T03:00+02:00,1416,2963,1511,26.54768544
2015-12-06T04:00+02:00,1416,2882,1354,11.15448968
2015-12-06T05:00+02:00,1416,2886,1400,11.15448968
2015-12-06T06:00+02:00,1416,2899,1561,13.60847741
2015-12-06T07:00+02:00,1417,3103,1860,27.93976576
2015-12-06T08:00+02:00,1417,3236,1925,27.96653653
2015-12-06T09:00+02:00,1417,3523,2128,36.04461796
2015-12-06T10:00+02:00,1417,3727,2032,42.163971
2015-12-06T11:00+02:00,1416,3863,2025,42.163971
2015-12-06T12:00+02:00,1416,3874,2111,44.30340212
2015-12-06T13:00+02:00,1417,3857,2179,45.5103179
2015-12-06T14:00+02:00,1417,3797,2101,45.06413832
2015-12-06T15:00+02:00,1417,3787,2110,45.95649749
2015-12-06T16:00+02:00,1416,3840,2362,48.85666481
2015-12-06T17:00+02:00,1416,3935,2717,54.79085332
2015-12-06T18:00+02:00,1416,4097,2649,54.78416062
2015-12-06T19:00+02:00,1416,4099,2727,49.90518684
2015-12-06T20:00+02:00,1416,4088,2790,49.86949247
2015-12-06T21:00+02:00,1416,4040,2671,45.95649749
2015-12-06T22:00+02:00,1412,3976,2255,42.163971
2015-12-06T23:00+02:00,1415,3897,2040,35.8929169
2015-12-07T00:00+02:00,1416,3780,1834,27.85945343
2015-12-07T01:00+02:00,1416,3288,1365,24.6062553
2015-12-07T02:00+02:00,1416,3194,1388,22.78365234
2015-12-07T03:00+02:00,1416,3119,1354,22.22370945
2015-12-07T04:00+02:00,1416,3165,1352,22.91304154
2015-12-07T05:00+02:00,1416,3377,1369,26.99326284
2015-12-07T06:00+02:00,1416,3648,1548,35.89211618
2015-12-07T07:00+02:00,1415,3953,2629,47.81153795
2015-12-07T08:00+02:00,1415,3793,3136,55.32503458
2015-12-07T09:00+02:00,1364,3976,3291,56.23075893
2015-12-07T10:00+02:00,1366,4212,3200,55.32503458
2015-12-07T11:00+02:00,1356,4441,3025,51.50582251
2015-12-07T12:00+02:00,1345,4498,2877,51.08642306
2015-12-07T13:00+02:00,1348,4492,2865,53.47789229
2015-12-07T14:00+02:00,1347,4438,2706,51.53259269
2015-12-07T15:00+02:00,1370,4490,2634,50.82764467
2015-12-07T16:00+02:00,1340,4531,2821,51.08642306
2015-12-07T17:00+02:00,1341,4585,3353,58.00205238
2015-12-07T18:00+02:00,1389,4590,3503,58.88323741
2015-12-07T19:00+02:00,1391,4596,3352,55.32503458
2015-12-07T20:00+02:00,1392,4582,3223,50.33908892
2015-12-07T21:00+02:00,1400,4539,3030,42.46865658
2015-12-07T22:00+02:00,1403,4376,2755,33.23963771
2015-12-07T23:00+02:00,1404,4348,1890,35.89211618
2015-12-08T00:00+02:00,1403,4101,1888,33.23963771
2015-12-08T01:00+02:00,1403,3798,1785,31.41633391
2015-12-08T02:00+02:00,1410,3595,1678,29.13199634
2015-12-08T03:00+02:00,1412,3500,1687,26.51973141
2015-12-08T04:00+02:00,1412,3427,1749,25.39317822
2015-12-08T05:00+02:00,1413,3540,1786,25.38425502
2015-12-08T06:00+02:00,1414,3629,2062,28.97137886
2015-12-08T07:00+02:00,1413,3899,2971,37.49525955
2015-12-08T08:00+02:00,1399,4127,2876,47.15238584
2015-12-08T09:00+02:00,1387,4237,2921,47.25500257
2015-12-08T10:00+02:00,1405,4569,2722,42.89379169
2015-12-08T11:00+02:00,1410,4364,2702,40.7856872
2015-12-08T12:00+02:00,1410,4294,2640,41.12699935
2015-12-08T13:00+02:00,1383,4378,2616,42.16208981
2015-12-08T14:00+02:00,1380,4386,2512,40.15214045
2015-12-08T15:00+02:00,1403,4402,2534,40.52245299
2015-12-08T16:00+02:00,1410,4550,2723,44.16980837
2015-12-08T17:00+02:00,1410,4689,3176,55.15425971
2015-12-08T18:00+02:00,1410,4707,3212,55.32380039
2015-12-08T19:00+02:00,1410,4718,3059,53.53916167
2015-12-08T20:00+02:00,1409,4749,2899,49.89180628
2015-12-08T21:00+02:00,1409,4690,2654,43.72364869
2015-12-08T22:00+02:00,1410,4348,2498,36.92194436
2015-12-08T23:00+02:00,1410,4319,1653,41.97916434
2015-12-09T00:00+02:00,1411,4160,1446,33.2388962
2015-12-09T01:00+02:00,1411,4042,1415,31.86986804
2015-12-09T02:00+02:00,1411,4038,1334,26.46253811
2015-12-09T03:00+02:00,1411,4071,1282,24.28847994
2015-12-09T04:00+02:00,1411,4104,1270,22.91773293
2015-12-09T05:00+02:00,1412,4128,1313,25.42780213
2015-12-09T06:00+02:00,1411,4367,1542,33.15605599
2015-12-09T07:00+02:00,1411,4434,2760,39.90297959
2015-12-09T08:00+02:00,1411,4477,2854,50.95796524
2015-12-09T09:00+02:00,1392,4702,2837,49.8675983
2015-12-09T10:00+02:00,1371,4738,2835,49.79194019
2015-12-09T11:00+02:00,1382,4758,2865,49.86092258
2015-12-09T12:00+02:00,1368,4757,2911,49.80306638
2015-12-09T13:00+02:00,1371,4763,2922,50.95796524
2015-12-09T14:00+02:00,1371,4773,2850,50.79552282
2015-12-09T15:00+02:00,1371,4803,2796,50.79552282
2015-12-09T16:00+02:00,1392,4763,2989,54.66521284
2015-12-09T17:00+02:00,1400,4751,3205,55.18591869
2015-12-09T18:00+02:00,1399,4723,3288,55.29718062
2015-12-09T19:00+02:00,1399,4618,3134,52.6535971
2015-12-09T20:00+02:00,1399,4596,3096,51.61886112
2015-12-09T21:00+02:00,1410,4394,3069,46.50748793
2015-12-09T22:00+02:00,1411,4281,2655,38.27855538
2015-12-09T23:00+02:00,1412,4321,1624,42.05701061
2015-12-10T00:00+02:00,1411,4151,1417,30.78840206
2015-12-10T01:00+02:00,1412,4050,1284,39.84151929
2015-12-10T02:00+02:00,1412,3991,1242,34.30797494
2015-12-10T03:00+02:00,1411,3822,1223,27.66772173
2015-12-10T04:00+02:00,1412,3837,1181,27.00369641
2015-12-10T05:00+02:00,1412,3998,1248,32.9799243
2015-12-10T06:00+02:00,1413,4262,1551,43.1616459
2015-12-10T07:00+02:00,1411,4421,2618,44.73538591
2015-12-10T08:00+02:00,1410,4281,2843,52.90068395
2015-12-10T09:00+02:00,1391,4464,2881,49.83288696
2015-12-10T10:00+02:00,1390,4606,2871,48.2525067
2015-12-10T11:00+02:00,1375,4640,2940,48.48712898
2015-12-10T12:00+02:00,1371,4668,2944,49.60933177
2015-12-10T13:00+02:00,1370,4705,3009,52.78558622
2015-12-10T14:00+02:00,1374,4710,2981,51.1233095
2015-12-10T15:00+02:00,1363,4717,2951,51.30923659
2015-12-10T16:00+02:00,1361,4800,3090,54.53861307
2015-12-10T17:00+02:00,1391,4913,3318,57.77020297
2015-12-10T18:00+02:00,1398,4930,3353,57.70158702
2015-12-10T19:00+02:00,1398,4740,3171,53.09989154
2015-12-10T20:00+02:00,1398,4516,3274,53.09989154
2015-12-10T21:00+02:00,1398,4573,3021,49.67352088
2015-12-10T22:00+02:00,1400,4449,2712,41.83359525
2015-12-10T23:00+02:00,1407,4551,1784,48.03116492
2015-12-11T00:00+02:00,1407,4523,1337,41.83359525
2015-12-11T01:00+02:00,1411,4301,1129,35.97452343
2015-12-11T02:00+02:00,1413,4116,1100,33.18189916
2015-12-11T03:00+02:00,1414,3926,943,25.59237484
2015-12-11T04:00+02:00,1414,3872,928,26.50097987
2015-12-11T05:00+02:00,1416,4120,1019,33.32442544
2015-12-11T06:00+02:00,1415,4399,1216,45.04053091
2015-12-11T07:00+02:00,1416,4557,2271,50.94423659
2015-12-11T08:00+02:00,1400,4458,2585,58.12399786
2015-12-11T09:00+02:00,1356,4585,2561,55.70995902
2015-12-11T10:00+02:00,1370,4745,2454,50.06235525
2015-12-11T11:00+02:00,1353,4856,2437,49.73053626
2015-12-11T12:00+02:00,1361,4899,2457,50.03785854
2015-12-11T13:00+02:00,1374,4869,2565,53.57874577
2015-12-11T14:00+02:00,1374,4846,2523,54.0976305
2015-12-11T15:00+02:00,1391,4807,2400,52.1111705
2015-12-11T16:00+02:00,1407,4784,2527,55.67432745
2015-12-11T17:00+02:00,1407,4970,2949,60.57366827
2015-12-11T18:00+02:00,1407,4928,2934,60.57366827
2015-12-11T19:00+02:00,1407,4848,2773,58.98583645
2015-12-11T20:00+02:00,1406,4688,2682,58.12399786
2015-12-11T21:00+02:00,1407,4588,2679,56.56511669
2015-12-11T22:00+02:00,1407,4482,2341,50.03785854
2015-12-11T23:00+02:00,1407,4499,1593,54.91047568
2015-12-12T00:00+02:00,1408,4463,1269,46.76643506
2015-12-12T01:00+02:00,1408,4041,1171,36.09700695
2015-12-12T02:00+02:00,1408,3828,1036,33.18189916
2015-12-12T03:00+02:00,1408,3759,924,26.50097987
2015-12-12T04:00+02:00,1408,3711,904,22.7151256
2015-12-12T05:00+02:00,1411,3781,967,26.50097987
2015-12-12T06:00+02:00,1412,3870,1286,35.09486905
2015-12-12T07:00+02:00,1413,3881,1915,37.76278283
2015-12-12T08:00+02:00,1414,4067,1971,46.42125423
2015-12-12T09:00+02:00,1416,4189,2297,48.54801354
2015-12-12T10:00+02:00,1416,4083,2438,49.20274363
2015-12-12T11:00+02:00,1416,4083,2546,48.54801354
2015-12-12T12:00+02:00,1416,4044,2622,49.21610547
2015-12-12T13:00+02:00,1416,4019,2627,46.76643506
2015-12-12T14:00+02:00,1416,3984,2527,45.13406378
2015-12-12T15:00+02:00,1416,4011,2451,45.20755389
2015-12-12T16:00+02:00,1416,4144,2532,50.14698022
2015-12-12T17:00+02:00,1417,4332,2989,58.12399786
2015-12-12T18:00+02:00,1416,4286,3092,57.45590593
2015-12-12T19:00+02:00,1416,4238,3012,55.22893283
2015-12-12T20:00+02:00,1416,4157,2999,55.07304472
2015-12-12T21:00+02:00,1416,4122,2765,45.20755389
2015-12-12T22:00+02:00,1416,3957,2505,40.20131837
2015-12-12T23:00+02:00,1416,3984,1813,41.85818635
2015-12-13T00:00+02:00,1416,3691,1815,31.17762337
2015-12-13T01:00+02:00,1415,3506,1512,30.32914662
2015-12-13T02:00+02:00,1416,3262,1424,33.18189916
2015-12-13T03:00+02:00,1415,3210,1171,26.50097987
2015-12-13T04:00+02:00,1414,3251,1157,31.40032068
2015-12-13T05:00+02:00,1414,3251,1128,29.17334759
2015-12-13T06:00+02:00,1414,3364,1193,33.32665241
2015-12-13T07:00+02:00,1414,3598,1230,44.09406734
2015-12-13T08:00+02:00,1414,3719,1313,44.09406734
2015-12-13T09:00+02:00,1414,3884,1507,46.08052735
2015-12-13T10:00+02:00,1414,3856,1702,47.21182968
2015-12-13T11:00+02:00,1415,3773,1896,49.48556921
2015-12-13T12:00+02:00,1415,3668,2021,50.4387137
2015-12-13T13:00+02:00,1415,3589,2102,46.4323891
2015-12-13T14:00+02:00,1415,3609,1948,42.08979156
2015-12-13T15:00+02:00,1416,3583,2088,42.08979156
2015-12-13T16:00+02:00,1416,3678,2512,46.47692856
2015-12-13T17:00+02:00,1416,3743,3372,55.43604133
2015-12-13T18:00+02:00,1416,3810,3426,54.77908427
2015-12-13T19:00+02:00,1416,3655,3617,50.47657224
2015-12-13T20:00+02:00,1416,3516,3649,48.46784251
2015-12-13T21:00+02:00,1416,3500,3411,44.96258685
2015-12-13T22:00+02:00,1416,3585,3044,38.00552289
2015-12-13T23:00+02:00,1416,3579,2738,33.29324782
2015-12-14T00:00+02:00,1416,3425,2563,26.50097987
2015-12-14T01:00+02:00,1416,3406,2414,27.92266886
2015-12-14T02:00+02:00,1417,3248,2539,27.31671587
2015-12-14T03:00+02:00,1417,3197,2615,26.4133354
2015-12-14T04:00+02:00,1417,3082,2655,26.02712361
2015-12-14T05:00+02:00,1417,3225,2717,26.42665305
2015-12-14T06:00+02:00,1416,3356,3007,33.51608106
2015-12-14T07:00+02:00,1415,3857,3736,47.20662331
2015-12-14T08:00+02:00,1414,4262,3716,55.23494551
2015-12-14T09:00+02:00,1390,4483,3492,57.93176925
2015-12-14T10:00+02:00,1395,4632,3318,55.23050629
2015-12-14T11:00+02:00,1356,4518,3170,51.40168246
2015-12-14T12:00+02:00,1353,4589,3085,51.0509844
2015-12-14T13:00+02:00,1351,4622,2937,50.2497059
2015-12-14T14:00+02:00,1370,4660,2740,50.82902359
2015-12-14T15:00+02:00,1375,4719,2623,53.04863161
2015-12-14T16:00+02:00,1373,4715,2750,59.48549486
2015-12-14T17:00+02:00,1355,4832,3476,62.08021663
2015-12-14T18:00+02:00,1384,4833,3693,62.14902448
2015-12-14T19:00+02:00,1397,4775,3346,60.37333807
2015-12-14T20:00+02:00,1399,4735,2978,57.26588684
2015-12-14T21:00+02:00,1401,4639,2611,52.82667081
2015-12-14T22:00+02:00,1403,4494,2381,43.85945442
2015-12-14T23:00+02:00,1403,4527,1673,48.16549397
2015-12-15T00:00+02:00,1403,4358,1296,36.19514794
2015-12-15T01:00+02:00,1405,4325,1188,35.4756871
2015-12-15T02:00+02:00,1406,4178,1016,33.38155113
2015-12-15T03:00+02:00,1406,4144,844,30.49293424
2015-12-15T04:00+02:00,1405,4100,824,29.25114054
2015-12-15T05:00+02:00,1406,4186,1053,35.41560031
2015-12-15T06:00+02:00,1406,4498,1324,46.73417158
2015-12-15T07:00+02:00,1406,4643,2436,57.86135529
2015-12-15T08:00+02:00,1406,5006,2926,66.76310226
2015-12-15T09:00+02:00,1388,4943,2991,64.53766552
2015-12-15T10:00+02:00,1383,4922,3001,62.57037944
2015-12-15T11:00+02:00,1396,4932,2835,62.31222877
2015-12-15T12:00+02:00,1391,4936,2589,60.53187938
2015-12-15T13:00+02:00,1390,5025,2615,61.1995104
2015-12-15T14:00+02:00,1382,5069,2605,62.31222877
2015-12-15T15:00+02:00,1389,5169,2575,63.42494715
2015-12-15T16:00+02:00,1393,5181,2764,64.53766552
2015-12-15T17:00+02:00,1394,4946,3162,62.31222877
2015-12-15T18:00+02:00,1393,4937,3318,63.20240347
2015-12-15T19:00+02:00,1393,4999,2941,60.53187938
2015-12-15T20:00+02:00,1392,5030,2682,59.64170468
2015-12-15T21:00+02:00,1393,4849,2577,55.3666407
2015-12-15T22:00+02:00,1393,4756,2267,48.59018582
2015-12-15T23:00+02:00,1401,4672,1493,48.95960832
2015-12-16T00:00+02:00,1405,4555,1203,43.67197062
2015-12-16T01:00+02:00,1404,4390,1084,42.2021813
2015-12-16T02:00+02:00,1405,4180,1064,39.98089695
2015-12-16T03:00+02:00,1405,4168,1068,36.34021191
2015-12-16T04:00+02:00,1406,4169,1107,35.08074369
2015-12-16T05:00+02:00,1406,4177,1199,35.10517781
2015-12-16T06:00+02:00,1406,4517,1453,44.85439481
2015-12-16T07:00+02:00,1405,4632,2633,55.01899198
2015-12-16T08:00+02:00,1395,4836,2975,62.1115529
2015-12-16T09:00+02:00,1367,4954,2965,61.08531953
2015-12-16T10:00+02:00,1386,4898,2919,59.97467736
2015-12-16T11:00+02:00,1374,4800,3072,59.97467736
2015-12-16T12:00+02:00,1392,4789,3011,59.66369755
2015-12-16T13:00+02:00,1385,4881,2970,60.19680579
2015-12-16T14:00+02:00,1387,5015,2823,60.19680579
2015-12-16T15:00+02:00,1371,5031,2712,57.75339301
2015-12-16T16:00+02:00,1367,5032,2859,57.97552145
2015-12-16T17:00+02:00,1390,5230,3334,62.19596171
2015-12-16T18:00+02:00,1398,5042,3310,60.19680579
2015-12-16T19:00+02:00,1394,4917,3109,55.0878518
2015-12-16T20:00+02:00,1394,4829,3150,55.06786024
2015-12-16T21:00+02:00,1395,4736,3085,50.15437926
2015-12-16T22:00+02:00,1399,4584,2637,33.3192652
2015-12-16T23:00+02:00,1399,4717,1823,46.42484284
2015-12-17T00:00+02:00,1399,4591,1598,36.05366623
2015-12-17T01:00+02:00,1399,4470,1182,33.03294659
2015-12-17T02:00+02:00,1399,4219,1041,30.9140023
2015-12-17T03:00+02:00,1402,4010,913,26.34841909
2015-12-17T04:00+02:00,1405,4021,864,26.34841909
2015-12-17T05:00+02:00,1405,4185,978,32.99087769
2015-12-17T06:00+02:00,1406,4392,1286,44.71038881
2015-12-17T07:00+02:00,1405,4557,2115,54.91099105
2015-12-17T08:00+02:00,1394,4646,2326,60.22495793
2015-12-17T09:00+02:00,1338,4741,2265,60.00354264
2015-12-17T10:00+02:00,1345,4745,2221,56.8771588
2015-12-17T11:00+02:00,1327,4717,2296,53.82605615
2015-12-17T12:00+02:00,1329,4620,2325,41.87184483
2015-12-17T13:00+02:00,1344,4645,2331,49.85829422
2015-12-17T14:00+02:00,1369,4681,2277,51.5875476
2015-12-17T15:00+02:00,1384,4656,2190,51.32627757
2015-12-17T16:00+02:00,1375,4687,2297,55.72801346
2015-12-17T17:00+02:00,1380,4949,2709,60.22495793
2015-12-17T18:00+02:00,1396,4802,2552,57.78938978
2015-12-17T19:00+02:00,1397,4650,2528,55.7922239
2015-12-17T20:00+02:00,1397,4650,2572,53.22823488
2015-12-17T21:00+02:00,1399,4665,2638,54.39287928
2015-12-17T22:00+02:00,1408,4306,2759,39.85253742
2015-12-17T23:00+02:00,1408,4170,2234,41.84748915
2015-12-18T00:00+02:00,1409,4120,1985,30.99814011
2015-12-18T01:00+02:00,1412,4082,2095,33.47002106
2015-12-18T02:00+02:00,1414,3791,1906,30.58849607
2015-12-18T03:00+02:00,1415,3551,1898,24.90745872
2015-12-18T04:00+02:00,1415,3545,1989,24.92519118
2015-12-18T05:00+02:00,1415,3736,2086,29.03690569
2015-12-18T06:00+02:00,1417,3831,2516,34.95511471
2015-12-18T07:00+02:00,1418,4075,3260,38.55037127
2015-12-18T08:00+02:00,1397,4054,3522,54.08400754
2015-12-18T09:00+02:00,1372,4149,3572,52.48143633
2015-12-18T10:00+02:00,1370,4604,3441,45.96918985
2015-12-18T11:00+02:00,1364,4494,3472,43.22287488
2015-12-18T12:00+02:00,1376,4315,3401,40.83785881
2015-12-18T13:00+02:00,1385,4399,3291,44.33115372
2015-12-18T14:00+02:00,1384,4411,3061,45.43499945
2015-12-18T15:00+02:00,1397,4524,2805,46.5477114
2015-12-18T16:00+02:00,1402,4533,2861,50.43333703
2015-12-18T17:00+02:00,1402,4658,3294,60.06871329
2015-12-18T18:00+02:00,1402,4552,3178,59.94458606
2015-12-18T19:00+02:00,1402,4579,3003,58.88285493
2015-12-18T20:00+02:00,1401,4531,2701,57.63049983
2015-12-18T21:00+02:00,1401,4526,2512,53.24836529
2015-12-18T22:00+02:00,1402,4387,2378,44.72348443
2015-12-18T23:00+02:00,1406,4268,1724,48.09930178
2015-12-19T00:00+02:00,1409,4135,1458,40.29036906
2015-12-19T01:00+02:00,1411,4039,1303,38.94048543
2015-12-19T02:00+02:00,1411,4021,1242,34.82212125
2015-12-19T03:00+02:00,1412,3852,985,30.58849607
2015-12-19T04:00+02:00,1411,3878,891,28.07713621
2015-12-19T05:00+02:00,1411,3903,940,29.81491743
2015-12-19T06:00+02:00,1410,3947,1099,33.02670952
2015-12-19T07:00+02:00,1411,3980,1608,33.02670952
2015-12-19T08:00+02:00,1412,4294,1728,47.87764602
2015-12-19T09:00+02:00,1412,4429,1955,50.31807603
2015-12-19T10:00+02:00,1411,4375,2169,50.75917101
2015-12-19T11:00+02:00,1412,4360,2211,49.93904466
2015-12-19T12:00+02:00,1412,4362,2207,49.91466253
2015-12-19T13:00+02:00,1412,4350,2165,50.75917101
2015-12-19T14:00+02:00,1412,4369,2071,46.68513798
2015-12-19T15:00+02:00,1412,4388,2076,49.88584728
2015-12-19T16:00+02:00,1411,4524,2199,56.36041228
2015-12-19T17:00+02:00,1412,4668,2783,62.06361521
2015-12-19T18:00+02:00,1411,4731,2754,61.71561565
2015-12-19T19:00+02:00,1411,4747,2483,60.06871329
2015-12-19T20:00+02:00,1411,4727,2296,58.36196387
2015-12-19T21:00+02:00,1411,4542,2146,54.74897484
2015-12-19T22:00+02:00,1411,4320,2010,49.94126122
2015-12-19T23:00+02:00,1411,4318,1465,46.5477114
2015-12-20T00:00+02:00,1411,4062,1342,36.29391555
2015-12-20T01:00+02:00,1410,3690,1268,
2015-12-20T02:00+02:00,1411,3321,1223,
2015-12-20T03:00+02:00,1411,3394,1019,
2015-12-20T04:00+02:00,1411,3352,945,
2015-12-20T05:00+02:00,1411,3360,965,
2015-12-20T06:00+02:00,1412,3360,1102,
2015-12-20T07:00+02:00,1412,3403,1330,
2015-12-20T08:00+02:00,1411,3525,1532,
2015-12-20T09:00+02:00,1411,3586,1869,
2015-12-20T10:00+02:00,1410,3896,1965,
2015-12-20T11:00+02:00,1410,3987,1897,
2015-12-20T12:00+02:00,1411,4039,1886,
2015-12-20T13:00+02:00,1410,4068,1849,
2015-12-20T14:00+02:00,1410,4055,1771,
2015-12-20T15:00+02:00,1410,4323,1695,
2015-12-20T16:00+02:00,1411,4437,1902,
2015-12-20T17:00+02:00,1411,4464,2606,
2015-12-20T18:00+02:00,1411,4436,2939,
2015-12-20T19:00+02:00,1411,4379,3014,
2015-12-20T20:00+02:00,1411,4345,2937,
2015-12-20T21:00+02:00,1411,4369,2585,
2015-12-20T22:00+02:00,1411,4221,2346,
2015-12-20T23:00+02:00,1410,4087,2041,
2015-12-21T00:00+02:00,1410,3798,1809,
2015-12-21T01:00+02:00,1410,3581,1506,
2015-12-21T02:00+02:00,1411,3391,1353,
2015-12-21T03:00+02:00,1411,3313,1333,
2015-12-21T04:00+02:00,1411,3306,1345,
2015-12-21T05:00+02:00,1412,3392,1483,
2015-12-21T06:00+02:00,1411,3706,1891,
2015-12-21T07:00+02:00,1409,3965,2625,
2015-12-21T08:00+02:00,1409,4273,3070,
2015-12-21T09:00+02:00,1383,4264,3094,
2015-12-21T10:00+02:00,1365,4340,3212,
2015-12-21T11:00+02:00,1364,4340,3158,
2015-12-21T12:00+02:00,1370,4377,3169,
2015-12-21T13:00+02:00,1373,4408,3090,
2015-12-21T14:00+02:00,1375,4393,3000,
2015-12-21T15:00+02:00,1377,4385,3041,
2015-12-21T16:00+02:00,1384,4332,3292,
2015-12-21T17:00+02:00,1385,4447,3889,
2015-12-21T18:00+02:00,1398,4484,3920,
2015-12-21T19:00+02:00,1399,4446,3827,
2015-12-21T20:00+02:00,1398,4370,3811,
2015-12-21T21:00+02:00,1398,4243,3612,
2015-12-21T22:00+02:00,1400,3892,3341,
2015-12-21T23:00+02:00,1403,3933,2896,
2015-12-22T00:00+02:00,1403,3746,2646,
2015-12-22T01:00+02:00,1403,3424,2661,31.18641069
2015-12-22T02:00+02:00,1403,3194,2592,28.75342829
2015-12-22T03:00+02:00,1404,3097,2413,22.46748651
2015-12-22T04:00+02:00,1404,3068,2236,16.64159958
2015-12-22T05:00+02:00,1404,3200,2299,28.97460851
2015-12-22T06:00+02:00,1408,3463,2575,40.74581969
2015-12-22T07:00+02:00,1408,3803,3272,49.13297355
2015-12-22T08:00+02:00,1405,4104,3419,59.51959657
2015-12-22T09:00+02:00,1377,4206,3334,58.95337521
2015-12-22T10:00+02:00,1389,4543,3168,56.78802088
2015-12-22T11:00+02:00,1388,4523,2984,54.85269398
2015-12-22T12:00+02:00,1392,4426,2844,53.08325223
2015-12-22T13:00+02:00,1383,4381,2726,53.02132177
2015-12-22T14:00+02:00,1383,4364,2686,53.06555782
2015-12-22T15:00+02:00,1352,4379,2838,55.29505441
2015-12-22T16:00+02:00,1331,4415,3215,59.40900646
2015-12-22T17:00+02:00,1370,4496,3864,59.93983898
2015-12-22T18:00+02:00,1397,4433,3959,59.93983898
2015-12-22T19:00+02:00,1397,4470,3821,57.7280368
2015-12-22T20:00+02:00,1400,4405,3702,57.50685659
2015-12-22T21:00+02:00,1401,4366,3368,48.43846766
2015-12-22T22:00+02:00,1402,4274,2898,33.39821286
2015-12-22T23:00+02:00,1403,4397,2288,48.8808281
2015-12-23T00:00+02:00,1403,4422,1845,41.80306113
2015-12-23T01:00+02:00,1404,4176,1593,34.42119451
2015-12-23T02:00+02:00,1405,3981,1398,32.13425547
2015-12-23T03:00+02:00,1407,3845,1131,19.88642641
2015-12-23T04:00+02:00,1407,3772,1157,16.35106171
2015-12-23T05:00+02:00,1408,3894,1324,31.15540137
2015-12-23T06:00+02:00,1408,3980,1782,35.87953245
2015-12-23T07:00+02:00,1407,4179,2526,46.67786199
2015-12-23T08:00+02:00,1404,4115,2700,59.88023952
2015-12-23T09:00+02:00,1382,4248,2878,60.10119981
2015-12-23T10:00+02:00,1388,4189,2888,59.88023952
2015-12-23T11:00+02:00,1356,4205,2713,59.88023952
2015-12-23T12:00+02:00,1365,4231,2569,59.88023952
2015-12-23T13:00+02:00,1373,4234,2371,57.32593853
2015-12-23T14:00+02:00,1379,4259,2227,56.46861259
2015-12-23T15:00+02:00,1381,4354,2363,60.10119981
2015-12-23T16:00+02:00,1384,4326,2718,60.92317211
2015-12-23T17:00+02:00,1396,4495,3387,62.75272334
2015-12-23T18:00+02:00,1404,4449,3646,61.86888216
2015-12-23T19:00+02:00,1404,4455,3615,61.42696158
2015-12-23T20:00+02:00,1403,4442,3300,60.10119981
2015-12-23T21:00+02:00,1404,4411,3002,54.57719248
2015-12-23T22:00+02:00,1403,4132,2829,40.0578916
2015-12-23T23:00+02:00,1403,4148,2292,50.3789469
2015-12-24T00:00+02:00,1403,3832,1946,33.36500431
2015-12-24T01:00+02:00,1405,3458,1674,31.12651493
2015-12-24T02:00+02:00,1405,3051,1614,26.26989558
2015-12-24T03:00+02:00,1406,2949,1615,19.86798826
2015-12-24T04:00+02:00,1405,2843,1633,14.74646239
2015-12-24T05:00+02:00,1405,2831,1502,18.84368308
2015-12-24T06:00+02:00,1405,2990,1665,32.89255833
2015-12-24T07:00+02:00,1377,2876,2096,31.12651493
2015-12-24T08:00+02:00,1362,3044,2278,39.73597651
2015-12-24T09:00+02:00,1371,3241,2332,41.72277534
2015-12-24T10:00+02:00,1352,3423,2311,44.05395263
2015-12-24T11:00+02:00,1363,3495,2437,35.32086801
2015-12-24T12:00+02:00,1402,3621,2290,39.73376896
2015-12-24T13:00+02:00,1401,3679,2053,35.54162344
2015-12-24T14:00+02:00,1400,3700,1872,33.33406918
2015-12-24T15:00+02:00,1400,3794,1945,40.96116912
2015-12-24T16:00+02:00,1400,3974,2090,47.59486964
2015-12-24T17:00+02:00,1401,4121,2792,59.82472019
2015-12-24T18:00+02:00,1402,4075,2931,59.82472019
2015-12-24T19:00+02:00,1402,4023,2747,57.61716594
2015-12-24T20:00+02:00,1402,3948,2652,54.91291198
2015-12-24T21:00+02:00,1402,3922,2432,41.72277534
2015-12-24T22:00+02:00,1404,4029,2077,33.33406918
2015-12-24T23:00+02:00,1404,3924,1688,35.89262456
2015-12-25T00:00+02:00,1404,3719,1415,31.12651493
2015-12-25T01:00+02:00,1404,3338,1241,33.43592923
2015-12-25T02:00+02:00,1405,2987,1167,33.43592923
2015-12-25T03:00+02:00,1405,2844,956,28.14375235
2015-12-25T04:00+02:00,1406,2813,837,26.35016939
2015-12-25T05:00+02:00,1406,2794,831,26.35016939
2015-12-25T06:00+02:00,1405,2929,930,32.99306924
2015-12-25T07:00+02:00,1405,2833,1164,26.35016939
2015-12-25T08:00+02:00,1405,3095,1126,33.31414273
2015-12-25T09:00+02:00,1405,3223,1353,33.43592923
2015-12-25T10:00+02:00,1404,3253,1686,33.43592923
2015-12-25T11:00+02:00,1405,3235,1722,33.43592923
2015-12-25T12:00+02:00,1405,3254,1735,33.43592923
2015-12-25T13:00+02:00,1405,3085,1653,31.50284538
2015-12-25T14:00+02:00,1405,2945,1494,26.35016939
2015-12-25T15:00+02:00,1406,2931,1532,25.11459002
2015-12-25T16:00+02:00,1406,3082,1615,28.56446934
2015-12-25T17:00+02:00,1405,3288,2254,41.85026904
2015-12-25T18:00+02:00,1405,3494,2292,45.34886296
2015-12-25T19:00+02:00,1404,3519,2393,43.17884901
2015-12-25T20:00+02:00,1405,3361,2506,41.85026904
2015-12-25T21:00+02:00,1404,3313,2500,35.65022918
2015-12-25T22:00+02:00,1405,3444,2048,33.06835544
2015-12-25T23:00+02:00,1405,3471,1689,33.43592923
2015-12-26T00:00+02:00,1408,3348,1349,28.10168065
2015-12-26T01:00+02:00,1408,3012,1183,6.96175904
2015-12-26T02:00+02:00,1408,2721,1135,6.642899847
2015-12-26T03:00+02:00,1408,2703,955,4.650029893
2015-12-26T04:00+02:00,1408,2623,870,1.550009964
2015-12-26T05:00+02:00,1409,2650,886,2.212085649
2015-12-26T06:00+02:00,1408,2640,1048,4.650029893
2015-12-26T07:00+02:00,1408,2816,1164,13.50722969
2015-12-26T08:00+02:00,1408,2981,1261,17.71439959
2015-12-26T09:00+02:00,1408,2996,1624,23.08186267
2015-12-26T10:00+02:00,1408,3126,1771,32.99306924
2015-12-26T11:00+02:00,1408,3137,1695,32.99306924
2015-12-26T12:00+02:00,1408,3201,1658,33.82564602
2015-12-26T13:00+02:00,1409,3182,1645,33.18349904
2015-12-26T14:00+02:00,1409,3163,1529,32.99306924
2015-12-26T15:00+02:00,1409,3249,1580,32.99306924
2015-12-26T16:00+02:00,1409,3307,1830,35.36679879
2015-12-26T17:00+02:00,1409,3369,2630,48.18316689
2015-12-26T18:00+02:00,1409,3340,3045,51.05732823
2015-12-26T19:00+02:00,1409,3274,3152,48.34702509
2015-12-26T20:00+02:00,1410,3284,3176,45.16729036
2015-12-26T21:00+02:00,1409,3247,3069,42.38612963
2015-12-26T22:00+02:00,1408,3154,2836,32.99306924
2015-12-26T23:00+02:00,1409,2937,2690,22.14299949
2015-12-27T00:00+02:00,1409,2903,2371,16.60724962
2015-12-27T01:00+02:00,1409,2819,2226,1.800225859
2015-12-27T02:00+02:00,1409,2616,2099,3.013662231
2015-12-27T03:00+02:00,1409,2530,1900,1.003077877
2015-12-27T04:00+02:00,1409,2602,1721,0.88571998
2015-12-27T05:00+02:00,1409,2650,1697,1.886583557
2015-12-27T06:00+02:00,1409,2628,1748,1.550009964
2015-12-27T07:00+02:00,1409,2814,1654,11.07149975
2015-12-27T08:00+02:00,1409,2919,1700,17.11432431
2015-12-27T09:00+02:00,1408,3111,1788,19.92869954
2015-12-27T10:00+02:00,1409,3269,1802,25.01051792
2015-12-27T11:00+02:00,1408,3422,1679,26.51181329
2015-12-27T12:00+02:00,1408,3478,1747,33.24771374
2015-12-27T13:00+02:00,1408,3422,1715,33.88986072
2015-12-27T14:00+02:00,1408,3411,1512,33.43592923
2015-12-27T15:00+02:00,1408,3430,1406,39.85518478
2015-12-27T16:00+02:00,1409,3532,1443,45.77622285
2015-12-27T17:00+02:00,1409,3875,1706,54.69320874
2015-12-27T18:00+02:00,1409,3945,2156,59.78609862
2015-12-27T19:00+02:00,1409,3921,2099,58.23608866
2015-12-27T20:00+02:00,1409,3874,1951,57.12008149
2015-12-27T21:00+02:00,1408,3901,1984,57.12893869
2015-12-27T22:00+02:00,1408,3834,1772,51.23668652
2015-12-27T23:00+02:00,1409,3866,1525,43.08806271
2015-12-28T00:00+02:00,1409,3791,1466,35.42658489
2015-12-28T01:00+02:00,1408,3235,1310,32.9129023
2015-12-28T02:00+02:00,1409,3200,1260,26.28614345
2015-12-28T03:00+02:00,1408,3111,1217,20.35519427
2015-12-28T04:00+02:00,1409,3118,1244,18.76035431
2015-12-28T05:00+02:00,1409,3156,1371,19.37443396
2015-12-28T06:00+02:00,1409,3211,1633,23.07879216
2015-12-28T07:00+02:00,1409,3314,2356,25.5152305
2015-12-28T08:00+02:00,1409,3337,2828,34.81919993
2015-12-28T09:00+02:00,1361,3379,3203,39.61476442
2015-12-28T10:00+02:00,1344,3760,3287,36.14234278
2015-12-28T11:00+02:00,1358,3845,3190,35.02021161
2015-12-28T12:00+02:00,1345,3833,3048,33.11833182
2015-12-28T13:00+02:00,1352,3724,2926,33.13379426
2015-12-28T14:00+02:00,1376,3820,2667,33.99748183
2015-12-28T15:00+02:00,1384,3887,2533,44.97139449
2015-12-28T16:00+02:00,1384,3915,2594,51.68871905
2015-12-28T17:00+02:00,1393,3984,3181,59.64082967
2015-12-28T18:00+02:00,1399,3903,3538,60.96618144
2015-12-28T19:00+02:00,1399,3833,3415,60.08261359
2015-12-28T20:00+02:00,1398,3818,3194,59.86172163
2015-12-28T21:00+02:00,1405,3782,3169,58.94943783
2015-12-28T22:00+02:00,1406,3430,3101,36.0208522
2015-12-28T23:00+02:00,1406,3446,2626,36.0208522
2015-12-29T00:00+02:00,1406,3344,2391,26.72792737
2015-12-29T01:00+02:00,1407,3231,2060,33.25991189
2015-12-29T02:00+02:00,1407,2901,1929,32.81938326
2015-12-29T03:00+02:00,1407,2894,1777,28.85462555
2015-12-29T04:00+02:00,1407,2746,1704,22.02643172
2015-12-29T05:00+02:00,1407,2670,1852,22.46696035
2015-12-29T06:00+02:00,1407,2714,2196,28.85462555
2015-12-29T07:00+02:00,1408,2822,2765,32.81938326
2015-12-29T08:00+02:00,1405,3180,3167,35.9185022
2015-12-29T09:00+02:00,1392,3415,3448,45.37444934
2015-12-29T10:00+02:00,1397,3502,3670,47.36343612
2015-12-29T11:00+02:00,1390,3497,3719,44.27312775
2015-12-29T12:00+02:00,1397,3409,3790,35.24229075
2015-12-29T13:00+02:00,1385,3361,3844,33.25991189
2015-12-29T14:00+02:00,1387,3422,3742,33.25991189
2015-12-29T15:00+02:00,1375,3486,3645,33.25991189
2015-12-29T16:00+02:00,1376,3521,3811,33.25991189
2015-12-29T17:00+02:00,1382,3572,4273,52.18281938
2015-12-29T18:00+02:00,1387,3462,4396,52.86123348
2015-12-29T19:00+02:00,1374,3490,4193,48.18722467
2015-12-29T20:00+02:00,1368,3490,4018,41.62995595
2015-12-29T21:00+02:00,1391,3386,3795,33.25991189
2015-12-29T22:00+02:00,1399,3260,3492,32.81938326
2015-12-29T23:00+02:00,1399,3206,3136,33.25991189
2015-12-30T00:00+02:00,1398,3157,2804,26.65198238
2015-12-30T01:00+02:00,1401,3164,2552,28.90925149
2015-12-30T02:00+02:00,1405,2968,2349,26.65047472
2015-12-30T03:00+02:00,1404,2884,2311,25.20865533
2015-12-30T04:00+02:00,1404,2877,2298,20.88540517
2015-12-30T05:00+02:00,1404,2845,2412,20.95385295
2015-12-30T06:00+02:00,1405,2885,2559,23.58357253
2015-12-30T07:00+02:00,1405,3008,3206,27.97968647
2015-12-30T08:00+02:00,1376,3335,3439,32.89909472
2015-12-30T09:00+02:00,1372,3415,3615,31.13270038
2015-12-30T10:00+02:00,1363,3066,3992,26.27511592
2015-12-30T11:00+02:00,1359,2918,4054,11.26076397
2015-12-30T12:00+02:00,1373,2918,3988,6.623978803
2015-12-30T13:00+02:00,1363,2946,4028,6.800618238
2015-12-30T14:00+02:00,1358,3005,3994,11.04217267
2015-12-30T15:00+02:00,1354,3112,3899,19.87193641
2015-12-30T16:00+02:00,1357,3392,3868,26.71671451
2015-12-30T17:00+02:00,1351,3595,4311,44.38065798
2015-12-30T18:00+02:00,1384,3540,4406,43.05586222
2015-12-30T19:00+02:00,1392,3644,4267,45.48465445
2015-12-30T20:00+02:00,1391,3607,4156,39.74387282
2015-12-30T21:00+02:00,1391,3478,3879,32.89909472
2015-12-30T22:00+02:00,1391,3129,3831,26.71671451
2015-12-30T23:00+02:00,1392,3170,3362,32.89909472
2015-12-31T00:00+02:00,1392,2988,3169,19.8741444
2015-12-31T01:00+02:00,1392,2979,2733,12.14839693
2015-12-31T02:00+02:00,1400,2801,2475,9.642707206
2015-12-31T03:00+02:00,1400,2859,2391,7.521488389
2015-12-31T04:00+02:00,1401,2803,2403,5.906268644
2015-12-31T05:00+02:00,1403,2829,2359,6.01674879
2015-12-31T06:00+02:00,1403,2759,2497,9.978566852
2015-12-31T07:00+02:00,1402,2859,2966,9.024018384
2015-12-31T08:00+02:00,1370,3019,3133,14.39335351
2015-12-31T09:00+02:00,1379,3120,3471,20.08750028
2015-12-31T10:00+02:00,1364,2992,3666,19.88642641
2015-12-31T11:00+02:00,1363,2847,3698,12.15281614
2015-12-31T12:00+02:00,1390,2887,3573,12.15281614
2015-12-31T13:00+02:00,1392,2977,3456,18.6711448
2015-12-31T14:00+02:00,1395,3003,3492,26.29427492
2015-12-31T15:00+02:00,1395,3329,3229,31.16865899
2015-12-31T16:00+02:00,1396,3500,3204,41.76370506
2015-12-31T17:00+02:00,1395,3569,3488,55.08540115
2015-12-31T18:00+02:00,1395,3591,3793,60.10119981
2015-12-31T19:00+02:00,1396,3487,3575,58.98314073
2015-12-31T20:00+02:00,1396,3368,3293,53.56519433
2015-12-31T21:00+02:00,1396,3226,3262,43.12703007
2015-12-31T22:00+02:00,1396,3238,3106,36.14026559
2015-12-31T23:00+02:00,1396,3327,2828,41.98245575
